-- phpMyAdmin SQL Dump
-- version 5.2.2
-- https://www.phpmyadmin.net/
--
-- Host: localhost:3306
-- Generation Time: Apr 27, 2026 at 04:10 AM
-- Server version: 11.4.10-MariaDB-cll-lve
-- PHP Version: 8.3.30

SET SQL_MODE = "NO_AUTO_VALUE_ON_ZERO";
START TRANSACTION;
SET time_zone = "+00:00";


/*!40101 SET @OLD_CHARACTER_SET_CLIENT=@@CHARACTER_SET_CLIENT */;
/*!40101 SET @OLD_CHARACTER_SET_RESULTS=@@CHARACTER_SET_RESULTS */;
/*!40101 SET @OLD_COLLATION_CONNECTION=@@COLLATION_CONNECTION */;
/*!40101 SET NAMES utf8mb4 */;

--
-- Database: `equivuxb_jaramarket`
--

-- --------------------------------------------------------

--
-- Table structure for table `addresses`
--

CREATE TABLE `addresses` (
  `id` bigint(20) UNSIGNED NOT NULL,
  `user_id` bigint(20) UNSIGNED NOT NULL,
  `country_id` bigint(20) UNSIGNED NOT NULL,
  `state_id` bigint(20) UNSIGNED NOT NULL,
  `lga_id` bigint(20) UNSIGNED NOT NULL,
  `contact_address` text NOT NULL,
  `phone_number` varchar(191) NOT NULL,
  `is_default` tinyint(1) NOT NULL DEFAULT 0,
  `created_at` timestamp NULL DEFAULT NULL,
  `updated_at` timestamp NULL DEFAULT NULL
) ENGINE=InnoDB DEFAULT CHARSET=utf8mb4 COLLATE=utf8mb4_unicode_ci;

--
-- Dumping data for table `addresses`
--

INSERT INTO `addresses` (`id`, `user_id`, `country_id`, `state_id`, `lga_id`, `contact_address`, `phone_number`, `is_default`, `created_at`, `updated_at`) VALUES
(1, 1, 15, 4, 19, 'Akpa Ube closed', '07068628887', 1, '2025-05-30 23:48:17', '2025-05-30 23:49:55'),
(2, 10, 160, 4, 69, 'Asian obufa', '07043194111', 1, '2026-01-06 20:13:37', '2026-01-06 20:13:37'),
(3, 13, 160, 4, 91, 'nepa line', '07043184111', 1, '2026-01-12 17:45:26', '2026-01-12 17:45:26'),
(4, 12, 160, 4, 69, 'nwanniba', '07043194111', 0, '2026-02-14 13:55:35', '2026-02-14 13:55:35'),
(5, 28, 160, 4, 91, 'Ifa ikot okpon', '08064196687', 0, '2026-04-02 13:39:43', '2026-04-02 13:39:45'),
(6, 28, 160, 4, 91, 'Ifa ikot okpon', '08064196687', 1, '2026-04-02 13:39:45', '2026-04-02 13:39:45'),
(7, 21, 32, 4, 63, '5 bro street', '08039543321', 0, '2026-04-06 19:39:21', '2026-04-06 19:39:21'),
(8, 21, 160, 4, 91, 'plot 63 , ebiye estate', '08088884983', 0, '2026-04-20 03:10:44', '2026-04-20 03:10:44');

-- --------------------------------------------------------

--
-- Table structure for table `admins`
--

CREATE TABLE `admins` (
  `id` bigint(20) UNSIGNED NOT NULL,
  `name` varchar(255) NOT NULL,
  `email` varchar(255) NOT NULL,
  `password` varchar(255) NOT NULL,
  `phone` varchar(255) NOT NULL,
  `is_active` tinyint(1) NOT NULL DEFAULT 1,
  `email_verified_at` timestamp NULL DEFAULT NULL,
  `last_login_at` timestamp NULL DEFAULT NULL,
  `remember_token` varchar(100) DEFAULT NULL,
  `created_at` timestamp NULL DEFAULT NULL,
  `updated_at` timestamp NULL DEFAULT NULL
) ENGINE=InnoDB DEFAULT CHARSET=utf8mb4 COLLATE=utf8mb4_unicode_ci;

--
-- Dumping data for table `admins`
--

INSERT INTO `admins` (`id`, `name`, `email`, `password`, `phone`, `is_active`, `email_verified_at`, `last_login_at`, `remember_token`, `created_at`, `updated_at`) VALUES
(1, 'Ime Iteh', 'iteleh97@gmail.com', '$2y$12$AQ/desIhGL.uY6EBHWSkJOE9EaZ0yPtZKV8CJe2TO217T9Y3H.vYu', '07068628887', 1, '2025-06-01 08:53:00', '2025-06-01 08:53:00', NULL, '2025-06-01 08:53:00', '2025-06-01 08:53:00');

-- --------------------------------------------------------

--
-- Table structure for table `admin_permissions`
--

CREATE TABLE `admin_permissions` (
  `id` bigint(20) UNSIGNED NOT NULL,
  `admin_id` bigint(20) UNSIGNED NOT NULL,
  `permission_id` bigint(20) UNSIGNED NOT NULL,
  `created_at` timestamp NULL DEFAULT NULL,
  `updated_at` timestamp NULL DEFAULT NULL
) ENGINE=InnoDB DEFAULT CHARSET=utf8mb4 COLLATE=utf8mb4_unicode_ci;

-- --------------------------------------------------------

--
-- Table structure for table `advertisements`
--

CREATE TABLE `advertisements` (
  `id` bigint(20) UNSIGNED NOT NULL,
  `type` enum('discount','off','info') NOT NULL,
  `value` decimal(10,2) DEFAULT NULL,
  `ingredient_ids` longtext CHARACTER SET utf8mb4 COLLATE utf8mb4_bin DEFAULT NULL CHECK (json_valid(`ingredient_ids`)),
  `status` enum('active','stop') NOT NULL DEFAULT 'active',
  `image` varchar(191) NOT NULL,
  `created_at` timestamp NULL DEFAULT NULL,
  `updated_at` timestamp NULL DEFAULT NULL
) ENGINE=InnoDB DEFAULT CHARSET=utf8mb4 COLLATE=utf8mb4_unicode_ci;

--
-- Dumping data for table `advertisements`
--

INSERT INTO `advertisements` (`id`, `type`, `value`, `ingredient_ids`, `status`, `image`, `created_at`, `updated_at`) VALUES
(1, 'discount', 5.00, '[\"1\",\"2\"]', 'active', '/storage/advertisement/1750289264_image.png', '2025-06-18 23:27:44', '2025-06-18 23:58:00');

-- --------------------------------------------------------

--
-- Table structure for table `banks`
--

CREATE TABLE `banks` (
  `id` bigint(20) UNSIGNED NOT NULL,
  `name` varchar(191) NOT NULL,
  `code` varchar(191) NOT NULL,
  `slug` varchar(191) DEFAULT NULL,
  `created_at` timestamp NULL DEFAULT NULL,
  `updated_at` timestamp NULL DEFAULT NULL,
  `deleted_at` timestamp NULL DEFAULT NULL
) ENGINE=InnoDB DEFAULT CHARSET=utf8mb4 COLLATE=utf8mb4_unicode_ci;

--
-- Dumping data for table `banks`
--

INSERT INTO `banks` (`id`, `name`, `code`, `slug`, `created_at`, `updated_at`, `deleted_at`) VALUES
(1, '9mobile 9Payment Service Bank', '120001', '9mobile-9payment-service-bank-ng', '2025-09-11 23:12:45', '2025-09-11 23:12:45', NULL),
(2, 'Abbey Mortgage Bank', '404', 'abbey-mortgage-bank-ng', '2025-09-11 23:12:45', '2025-09-11 23:12:45', NULL),
(3, 'Above Only MFB', '51204', 'above-only-mfb', '2025-09-11 23:12:45', '2025-09-11 23:12:45', NULL),
(4, 'Abulesoro MFB', '51312', 'abulesoro-mfb-ng', '2025-09-11 23:12:45', '2025-09-11 23:12:45', NULL),
(5, 'Access Bank', '044', 'access-bank', '2025-09-11 23:12:45', '2025-09-11 23:12:45', NULL),
(6, 'Access Bank (Diamond)', '063', 'access-bank-diamond', '2025-09-11 23:12:45', '2025-09-11 23:12:45', NULL),
(7, 'Accion Microfinance Bank', '602', 'accion-microfinance-bank-ng', '2025-09-11 23:12:45', '2025-09-11 23:12:45', NULL),
(8, 'Aella MFB', '50315', 'aella-mfb-ng', '2025-09-11 23:12:45', '2025-09-11 23:12:45', NULL),
(9, 'AG Mortgage Bank', '90077', 'ag-mortgage-bank-ng', '2025-09-11 23:12:45', '2025-09-11 23:12:45', NULL),
(10, 'Ahmadu Bello University Microfinance Bank', '50036', 'ahmadu-bello-university-microfinance-bank-ng', '2025-09-11 23:12:45', '2025-09-11 23:12:45', NULL),
(11, 'Airtel Smartcash PSB', '120004', 'airtel-smartcash-psb-ng', '2025-09-11 23:12:45', '2025-09-11 23:12:45', NULL),
(12, 'AKU Microfinance Bank', '51336', 'aku-mfb', '2025-09-11 23:12:45', '2025-09-11 23:12:45', NULL),
(13, 'Akuchukwu Microfinance Bank Limited', '090561', 'akuchukwu-microfinance-bank-limited-ng', '2025-09-11 23:12:45', '2025-09-11 23:12:45', NULL),
(14, 'ALAT by WEMA', '035A', 'alat-by-wema', '2025-09-11 23:12:45', '2025-09-11 23:12:45', NULL),
(15, 'Alpha Morgan Bank', '108', 'alpha-morgan', '2025-09-11 23:12:45', '2025-09-11 23:12:45', NULL),
(16, 'Alternative bank', '000304', 'the-alternative-bank-ng', '2025-09-11 23:12:45', '2025-09-11 23:12:45', NULL),
(17, 'Amegy Microfinance Bank', '090629', 'amegy-microfinance-bank-ng', '2025-09-11 23:12:45', '2025-09-11 23:12:45', NULL),
(18, 'Amju Unique MFB', '50926', 'amju-unique-mfb', '2025-09-11 23:12:45', '2025-09-11 23:12:45', NULL),
(19, 'Aramoko MFB', '50083', 'aramoko-mfb', '2025-09-11 23:12:45', '2025-09-11 23:12:45', NULL),
(20, 'ASO Savings and Loans', '401', 'asosavings', '2025-09-11 23:12:45', '2025-09-11 23:12:45', NULL),
(21, 'Assets Microfinance Bank', '50092', 'assets-microfinance-bank-ng', '2025-09-11 23:12:45', '2025-09-11 23:12:45', NULL),
(22, 'Astrapolaris MFB LTD', 'MFB50094', 'astrapolaris-mfb', '2025-09-11 23:12:45', '2025-09-11 23:12:45', NULL),
(23, 'AVUENEGBE MICROFINANCE BANK', '090478', 'avuenegbe-microfinance-bank-ng', '2025-09-11 23:12:45', '2025-09-11 23:12:45', NULL),
(24, 'AWACASH MICROFINANCE BANK', '51351', 'awacash-microfinance-bank-ng', '2025-09-11 23:12:45', '2025-09-11 23:12:45', NULL),
(25, 'AZTEC MICROFINANCE BANK LIMITED', '51337', 'aztec-microfinance-bank-limited-ng', '2025-09-11 23:12:45', '2025-09-11 23:12:45', NULL),
(26, 'Bainescredit MFB', '51229', 'bainescredit-mfb', '2025-09-11 23:12:45', '2025-09-11 23:12:45', NULL),
(27, 'Banc Corp Microfinance Bank', '50117', 'banc-corp-microfinance-bank-ng', '2025-09-11 23:12:45', '2025-09-11 23:12:45', NULL),
(28, 'BANKIT MICROFINANCE BANK LTD', '50572', 'bankit-microfinance-bank-ltd-ng', '2025-09-11 23:12:45', '2025-09-11 23:12:45', NULL),
(29, 'BANKLY MFB', '51341', 'ampersand-microfinance-bank-ng', '2025-09-11 23:12:45', '2025-09-11 23:12:45', NULL),
(30, 'Baobab Microfinance Bank', 'MFB50992', 'baobab-microfinance-bank-ng', '2025-09-11 23:12:45', '2025-09-11 23:12:45', NULL),
(31, 'BellBank Microfinance Bank', '51100', 'bellbank-microfinance-bank-ng', '2025-09-11 23:12:45', '2025-09-11 23:12:45', NULL),
(32, 'Benysta Microfinance Bank Limited', '51267', 'benysta-microfinance-bank-limited', '2025-09-11 23:12:45', '2025-09-11 23:12:45', NULL),
(33, 'Beststar Microfinance Bank', '50123', 'beststar-microfinance-bank-ng', '2025-09-11 23:12:45', '2025-09-11 23:12:45', NULL),
(34, 'BOLD MFB', '50725', 'bold-mfb-ng', '2025-09-11 23:12:45', '2025-09-11 23:12:45', NULL),
(35, 'Bosak Microfinance Bank', '650', 'bosak-microfinance-bank-ng', '2025-09-11 23:12:45', '2025-09-11 23:12:45', NULL),
(36, 'Bowen Microfinance Bank', '50931', 'bowen-microfinance-bank', '2025-09-11 23:12:45', '2025-09-11 23:12:45', NULL),
(37, 'Branch International Finance Company Limited', 'FC40163', 'branch', '2025-09-11 23:12:45', '2025-09-11 23:12:45', NULL),
(38, 'BuyPower MFB', '50645', 'buypower-mfb-ng', '2025-09-11 23:12:45', '2025-09-11 23:12:45', NULL),
(39, 'Carbon', '565', 'carbon', '2025-09-11 23:12:45', '2025-09-11 23:12:45', NULL),
(40, 'Cashbridge Microfinance Bank Limited', '51353', 'cashbridge-mfb-ng', '2025-09-11 23:12:45', '2025-09-11 23:12:45', NULL),
(41, 'CASHCONNECT MFB', '865', 'cashconnect-mfb-ng', '2025-09-11 23:12:45', '2025-09-11 23:12:45', NULL),
(42, 'CEMCS Microfinance Bank', '50823', 'cemcs-microfinance-bank', '2025-09-11 23:12:45', '2025-09-11 23:12:45', NULL),
(43, 'Chanelle Microfinance Bank Limited', '50171', 'chanelle-microfinance-bank-limited-ng', '2025-09-11 23:12:45', '2025-09-11 23:12:45', NULL),
(44, 'Chikum Microfinance bank', '312', 'chikum-microfinance-bank-ng', '2025-09-11 23:12:45', '2025-09-11 23:12:45', NULL),
(45, 'Citibank Nigeria', '023', 'citibank-nigeria', '2025-09-11 23:12:45', '2025-09-11 23:12:45', NULL),
(46, 'CITYCODE MORTAGE BANK', '070027', 'citycode-mortage-bank-ng', '2025-09-11 23:12:45', '2025-09-11 23:12:45', NULL),
(47, 'Consumer Microfinance Bank', '50910', 'consumer-microfinance-bank-ng', '2025-09-11 23:12:45', '2025-09-11 23:12:45', NULL),
(48, 'Corestep MFB', '50204', 'corestep-mfb', '2025-09-11 23:12:45', '2025-09-11 23:12:45', NULL),
(49, 'Coronation Merchant Bank', '559', 'coronation-merchant-bank-ng', '2025-09-11 23:12:45', '2025-09-11 23:12:45', NULL),
(50, 'County Finance Limited', 'FC40128', 'county-finance-limited', '2025-09-11 23:12:45', '2025-09-11 23:12:45', NULL),
(51, 'Credit Direct Limited', '40119', 'credit-direct-limited-ng', '2025-09-11 23:12:45', '2025-09-11 23:12:45', NULL),
(52, 'Crescent MFB', '51297', 'crescent-mfb', '2025-09-11 23:12:45', '2025-09-11 23:12:45', NULL),
(53, 'Crust Microfinance Bank', '090560', 'crust-microfinance-bank-ng', '2025-09-11 23:12:45', '2025-09-11 23:12:45', NULL),
(54, 'CRUTECH MICROFINANCE BANK LTD', '50216', 'crutech-microfinance-bank-ltd-ng', '2025-09-11 23:12:45', '2025-09-11 23:12:45', NULL),
(55, 'Davenport MICROFINANCE BANK', '51334', 'davenport-microfinance-bank-ng', '2025-09-11 23:12:45', '2025-09-11 23:12:45', NULL),
(56, 'Dillon Microfinance Bank', '51450', 'dillon-microfinance-bank-ng', '2025-09-11 23:12:45', '2025-09-11 23:12:45', NULL),
(57, 'Dot Microfinance Bank', '50162', 'dot-microfinance-bank-ng', '2025-09-11 23:12:45', '2025-09-11 23:12:45', NULL),
(58, 'EBSU Microfinance Bank', '50922', 'ebsu-microfinance-bank-ng', '2025-09-11 23:12:45', '2025-09-11 23:12:45', NULL),
(59, 'Ecobank Nigeria', '050', 'ecobank-nigeria', '2025-09-11 23:12:45', '2025-09-11 23:12:45', NULL),
(60, 'Ekimogun MFB', '50263', 'ekimogun-mfb-ng', '2025-09-11 23:12:45', '2025-09-11 23:12:45', NULL),
(61, 'Ekondo Microfinance Bank', '098', 'ekondo-microfinance-bank-ng', '2025-09-11 23:12:45', '2025-09-11 23:12:45', NULL),
(62, 'EXCEL FINANCE BANK', '090678', 'excel-finance-bank-ng', '2025-09-11 23:12:45', '2025-09-11 23:12:45', NULL),
(63, 'Eyowo', '50126', 'eyowo', '2025-09-11 23:12:45', '2025-09-11 23:12:45', NULL),
(64, 'Fairmoney Microfinance Bank', '51318', 'fairmoney-microfinance-bank-ng', '2025-09-11 23:12:45', '2025-09-11 23:12:45', NULL),
(65, 'Fedeth MFB', '50298', 'fedeth-mfb-ng', '2025-09-11 23:12:45', '2025-09-11 23:12:45', NULL),
(66, 'Fidelity Bank', '070', 'fidelity-bank', '2025-09-11 23:12:45', '2025-09-11 23:12:45', NULL),
(67, 'Firmus MFB', '51314', 'firmus-mfb', '2025-09-11 23:12:45', '2025-09-11 23:12:45', NULL),
(68, 'First Bank of Nigeria', '011', 'first-bank-of-nigeria', '2025-09-11 23:12:45', '2025-09-11 23:12:45', NULL),
(69, 'First City Monument Bank', '214', 'first-city-monument-bank', '2025-09-11 23:12:45', '2025-09-11 23:12:45', NULL),
(70, 'FIRST ROYAL MICROFINANCE BANK', '090164', 'first-royal-microfinance-bank-ng', '2025-09-11 23:12:45', '2025-09-11 23:12:45', NULL),
(71, 'FIRSTMIDAS MFB', '51333', 'firstmidas-mfb-ng', '2025-09-11 23:12:45', '2025-09-11 23:12:45', NULL),
(72, 'FirstTrust Mortgage Bank Nigeria', '413', 'firsttrust-mortgage-bank-nigeria-ng', '2025-09-11 23:12:45', '2025-09-11 23:12:45', NULL),
(73, 'FSDH Merchant Bank Limited', '501', 'fsdh-merchant-bank-limited', '2025-09-11 23:12:45', '2025-09-11 23:12:45', NULL),
(74, 'FUTMINNA MICROFINANCE BANK', '832', 'futminna-microfinance-bank-ng', '2025-09-11 23:12:45', '2025-09-11 23:12:45', NULL),
(75, 'Garun Mallam MFB', 'MFB51093', 'garun-mallam-mfb-ng', '2025-09-11 23:12:45', '2025-09-11 23:12:45', NULL),
(76, 'Gateway Mortgage Bank LTD', '812', 'gateway-mortgage-bank', '2025-09-11 23:12:45', '2025-09-11 23:12:45', NULL),
(77, 'Globus Bank', '00103', 'globus-bank', '2025-09-11 23:12:45', '2025-09-11 23:12:45', NULL),
(78, 'Goldman MFB', '090574', 'goldman-mfb-ng', '2025-09-11 23:12:45', '2025-09-11 23:12:45', NULL),
(79, 'GoMoney', '100022', 'gomoney', '2025-09-11 23:12:45', '2025-09-11 23:12:45', NULL),
(80, 'GOOD SHEPHERD MICROFINANCE BANK', '090664', 'good-shepherd-microfinance-bank-ng', '2025-09-11 23:12:45', '2025-09-11 23:12:45', NULL),
(81, 'Prospa Capital Microfinance Bank', '50739', 'prospa-capital-microfinance-bank-ng', '2025-09-11 23:12:45', '2025-09-11 23:12:46', NULL),
(82, 'Greenwich Merchant Bank', '562', 'greenwich-merchant-bank-ng', '2025-09-11 23:12:45', '2025-09-11 23:12:45', NULL),
(83, 'GROOMING MICROFINANCE BANK', '51276', 'grooming-microfinance-bank-ng', '2025-09-11 23:12:45', '2025-09-11 23:12:45', NULL),
(84, 'GTI MFB', '50368', 'gti-mfb-ng', '2025-09-11 23:12:46', '2025-09-11 23:12:46', NULL),
(85, 'Guaranty Trust Bank', '058', 'guaranty-trust-bank', '2025-09-11 23:12:46', '2025-09-11 23:12:46', NULL),
(86, 'Hackman Microfinance Bank', '51251', 'hackman-microfinance-bank', '2025-09-11 23:12:46', '2025-09-11 23:12:46', NULL),
(87, 'Hasal Microfinance Bank', '50383', 'hasal-microfinance-bank', '2025-09-11 23:12:46', '2025-09-11 23:12:46', NULL),
(88, 'HopePSB', '120002', 'hopepsb-ng', '2025-09-11 23:12:46', '2025-09-11 23:12:46', NULL),
(89, 'IBANK Microfinance Bank', '51211', 'IBANK-mfb', '2025-09-11 23:12:46', '2025-09-11 23:12:46', NULL),
(90, 'IBBU MFB', '51279', 'ibbu-mfb-ng', '2025-09-11 23:12:46', '2025-09-11 23:12:46', NULL),
(91, 'Ibile Microfinance Bank', '51244', 'ibile-mfb', '2025-09-11 23:12:46', '2025-09-11 23:12:46', NULL),
(92, 'Ibom Mortgage Bank', '90012', 'ibom-mortgage-bank-ng', '2025-09-11 23:12:46', '2025-09-11 23:12:46', NULL),
(93, 'Ikoyi Osun MFB', '50439', 'ikoyi-osun-mfb', '2025-09-11 23:12:46', '2025-09-11 23:12:46', NULL),
(94, 'Ilaro Poly Microfinance Bank', '50442', 'ilaro-poly-microfinance-bank-ng', '2025-09-11 23:12:46', '2025-09-11 23:12:46', NULL),
(95, 'Imowo MFB', '50453', 'imowo-mfb-ng', '2025-09-11 23:12:46', '2025-09-11 23:12:46', NULL),
(96, 'IMPERIAL HOMES MORTAGE BANK', '415', 'imperial-homes-mortage-bank-ng', '2025-09-11 23:12:46', '2025-09-11 23:12:46', NULL),
(97, 'INDULGE MFB', '51392', 'indulge-mfb-ng', '2025-09-11 23:12:46', '2025-09-11 23:12:46', NULL),
(98, 'Infinity MFB', '50457', 'infinity-mfb', '2025-09-11 23:12:46', '2025-09-11 23:12:46', NULL),
(99, 'Infinity trust  Mortgage Bank', '070016', 'infinity-trust-mortgage-bank-ng', '2025-09-11 23:12:46', '2025-09-11 23:12:46', NULL),
(100, 'ISUA MFB', '090701', 'isua-mfb-ng', '2025-09-11 23:12:46', '2025-09-11 23:12:46', NULL),
(101, 'Jaiz Bank', '301', 'jaiz-bank', '2025-09-11 23:12:46', '2025-09-11 23:12:46', NULL),
(102, 'Kadpoly MFB', '50502', 'kadpoly-mfb', '2025-09-11 23:12:46', '2025-09-11 23:12:46', NULL),
(103, 'KANOPOLY MFB', '51308', 'kanopoly-mfb-ng', '2025-09-11 23:12:46', '2025-09-11 23:12:46', NULL),
(104, 'Keystone Bank', '082', 'keystone-bank', '2025-09-11 23:12:46', '2025-09-11 23:12:46', NULL),
(105, 'Kolomoni MFB', '899', 'kolomoni-mfb-ng', '2025-09-11 23:12:46', '2025-09-11 23:12:46', NULL),
(106, 'KONGAPAY (Kongapay Technologies Limited)(formerly Zinternet)', '100025', 'kongapay-tech-ltd', '2025-09-11 23:12:46', '2025-09-11 23:12:46', NULL),
(107, 'Kredi Money MFB LTD', '50200', 'kredi-money-mfb', '2025-09-11 23:12:46', '2025-09-11 23:12:46', NULL),
(108, 'Kuda Bank', '50211', 'kuda-bank', '2025-09-11 23:12:46', '2025-09-11 23:12:46', NULL),
(109, 'Lagos Building Investment Company Plc.', '90052', 'lbic-plc', '2025-09-11 23:12:46', '2025-09-11 23:12:46', NULL),
(110, 'Letshego Microfinance Bank', '090420', 'letshego-microfinance-bank', '2025-09-11 23:12:46', '2025-09-11 23:12:46', NULL),
(111, 'Links MFB', '50549', 'links-mfb', '2025-09-11 23:12:46', '2025-09-11 23:12:46', NULL),
(112, 'Living Trust Mortgage Bank', '031', 'living-trust-mortgage-bank', '2025-09-11 23:12:46', '2025-09-11 23:12:46', NULL),
(113, 'LOMA MFB', '50491', 'loma-mfb-ng', '2025-09-11 23:12:46', '2025-09-11 23:12:46', NULL),
(114, 'Lotus Bank', '303', 'lotus-bank', '2025-09-11 23:12:46', '2025-09-11 23:12:46', NULL),
(115, 'MAINSTREET MICROFINANCE BANK', '090171', 'mainstreet-microfinance-bank-ng', '2025-09-11 23:12:46', '2025-09-11 23:12:46', NULL),
(116, 'Mayfair MFB', '50563', 'mayfair-mfb', '2025-09-11 23:12:46', '2025-09-11 23:12:46', NULL),
(117, 'Mint MFB', '50304', 'mint-mfb', '2025-09-11 23:12:46', '2025-09-11 23:12:46', NULL),
(118, 'Money Master PSB', '946', 'money-master-psb-ng', '2025-09-11 23:12:46', '2025-09-11 23:12:46', NULL),
(119, 'Moniepoint MFB', '50515', 'moniepoint-mfb-ng', '2025-09-11 23:12:46', '2025-09-11 23:12:46', NULL),
(120, 'MTN Momo PSB', '120003', 'mtn-momo-psb-ng', '2025-09-11 23:12:46', '2025-09-11 23:12:46', NULL),
(121, 'MUTUAL BENEFITS MICROFINANCE BANK', '090190', 'mutual-benefits-microfinance-bank-ng', '2025-09-11 23:12:46', '2025-09-11 23:12:46', NULL),
(122, 'NDCC MICROFINANCE BANK', '090679', 'ndcc-microfinance-bank-ng', '2025-09-11 23:12:46', '2025-09-11 23:12:46', NULL),
(123, 'NET MICROFINANCE BANK', '51361', 'net-microfinance-bank-ng', '2025-09-11 23:12:46', '2025-09-11 23:12:46', NULL),
(124, 'Nigerian Navy Microfinance Bank Limited', '51142', 'nigerian-navy-microfinance-bank-limited-ng', '2025-09-11 23:12:46', '2025-09-11 23:12:46', NULL),
(125, 'Nombank MFB', '50072', 'nombank-mfb-ng', '2025-09-11 23:12:46', '2025-09-11 23:12:46', NULL),
(126, 'NOVA BANK', '561', 'nova-bank-ng', '2025-09-11 23:12:46', '2025-09-11 23:12:46', NULL),
(127, 'Novus MFB', '51371', 'novus-mfb-ng', '2025-09-11 23:12:46', '2025-09-11 23:12:46', NULL),
(128, 'NPF MICROFINANCE BANK', '50629', 'npf-microfinance-bank-ng', '2025-09-11 23:12:46', '2025-09-11 23:12:46', NULL),
(129, 'NSUK MICROFINANACE BANK', '51261', 'nsuk-microfinanace-bank-ng', '2025-09-11 23:12:46', '2025-09-11 23:12:46', NULL),
(130, 'Olabisi Onabanjo University Microfinance Bank', '50689', 'olabisi-onabanjo-university-microfinance-bank-ng', '2025-09-11 23:12:46', '2025-09-11 23:12:46', NULL),
(131, 'OLUCHUKWU MICROFINANCE BANK LTD', '50697', 'oluchukwu-microfinance-bank-ltd-ng', '2025-09-11 23:12:46', '2025-09-11 23:12:46', NULL),
(132, 'OPay Digital Services Limited (OPay)', '999992', 'paycom', '2025-09-11 23:12:46', '2025-09-11 23:12:46', NULL),
(133, 'Optimus Bank Limited', '107', 'optimus-bank-ltd', '2025-09-11 23:12:46', '2025-09-11 23:12:46', NULL),
(134, 'Paga', '100002', 'paga', '2025-09-11 23:12:46', '2025-09-11 23:12:46', NULL),
(135, 'PalmPay', '999991', 'palmpay', '2025-09-11 23:12:46', '2025-09-11 23:12:46', NULL),
(136, 'Parallex Bank', '104', 'parallex-bank', '2025-09-11 23:12:46', '2025-09-11 23:12:46', NULL),
(137, 'Parkway - ReadyCash', '311', 'parkway-ready-cash', '2025-09-11 23:12:46', '2025-09-11 23:12:46', NULL),
(138, 'PATHFINDER MICROFINANCE BANK LIMITED', '090680', 'pathfinder-microfinance-bank-limited-ng', '2025-09-11 23:12:46', '2025-09-11 23:12:46', NULL),
(139, 'Paystack-Titan', '100039', 'titan-paystack', '2025-09-11 23:12:46', '2025-09-11 23:12:46', NULL),
(140, 'Peace Microfinance Bank', '50743', 'peace-microfinance-bank-ng', '2025-09-11 23:12:46', '2025-09-11 23:12:46', NULL),
(141, 'PECANTRUST MICROFINANCE BANK LIMITED', '51226', 'pecantrust-microfinance-bank-limited-ng', '2025-09-11 23:12:46', '2025-09-11 23:12:46', NULL),
(142, 'Personal Trust MFB', '51146', 'personal-trust-mfb-ng', '2025-09-11 23:12:46', '2025-09-11 23:12:46', NULL),
(143, 'Petra Mircofinance Bank Plc', '50746', 'petra-microfinance-bank-plc', '2025-09-11 23:12:46', '2025-09-11 23:12:46', NULL),
(144, 'Pettysave MFB', 'MFB51452', 'pettysave-mfb-ng', '2025-09-11 23:12:46', '2025-09-11 23:12:46', NULL),
(145, 'PFI FINANCE COMPANY LIMITED', '050021', 'pfi-finance-company-limited-ng', '2025-09-11 23:12:46', '2025-09-11 23:12:46', NULL),
(146, 'Platinum Mortgage Bank', '268', 'platinum-mortgage-bank-ng', '2025-09-11 23:12:46', '2025-09-11 23:12:46', NULL),
(147, 'Pocket App', '00716', 'pocket', '2025-09-11 23:12:46', '2025-09-11 23:12:46', NULL),
(148, 'Polaris Bank', '076', 'polaris-bank', '2025-09-11 23:12:46', '2025-09-11 23:12:46', NULL),
(149, 'Polyunwana MFB', '50864', 'polyunwana-mfb-ng', '2025-09-11 23:12:46', '2025-09-11 23:12:46', NULL),
(150, 'PremiumTrust Bank', '105', 'premiumtrust-bank-ng', '2025-09-11 23:12:46', '2025-09-11 23:12:46', NULL),
(151, 'PROSPERIS FINANCE LIMITED', '050023', 'prosperis-finance-limited-ng', '2025-09-11 23:12:46', '2025-09-11 23:12:46', NULL),
(152, 'Providus Bank', '101', 'providus-bank', '2025-09-11 23:12:46', '2025-09-11 23:12:46', NULL),
(153, 'QuickFund MFB', '51293', 'quickfund-mfb', '2025-09-11 23:12:46', '2025-09-11 23:12:46', NULL),
(154, 'Rand Merchant Bank', '502', 'rand-merchant-bank', '2025-09-11 23:12:46', '2025-09-11 23:12:46', NULL),
(155, 'RANDALPHA MICROFINANCE BANK', '090496', 'randalpha-microfinance-bank-ng', '2025-09-11 23:12:46', '2025-09-11 23:12:46', NULL),
(156, 'Refuge Mortgage Bank', '90067', 'refuge-mortgage-bank', '2025-09-11 23:12:46', '2025-09-11 23:12:46', NULL),
(157, 'REHOBOTH MICROFINANCE BANK', '50761', 'rehoboth-microfinance-bank-ng', '2025-09-11 23:12:46', '2025-09-11 23:12:46', NULL),
(158, 'Rephidim Microfinance Bank', '50994', 'rephidim', '2025-09-11 23:12:46', '2025-09-11 23:12:46', NULL),
(159, 'Rigo Microfinance Bank Limited', '51286', 'rigo-microfinance-bank-limited-ng', '2025-09-11 23:12:46', '2025-09-11 23:12:46', NULL),
(160, 'ROCKSHIELD MICROFINANCE BANK', '50767', 'rockshield-microfinance-bank-ng', '2025-09-11 23:12:46', '2025-09-11 23:12:46', NULL),
(161, 'Rubies MFB', '125', 'rubies-mfb', '2025-09-11 23:12:46', '2025-09-11 23:12:46', NULL),
(162, 'Safe Haven MFB', '51113', 'safe-haven-mfb-ng', '2025-09-11 23:12:46', '2025-09-11 23:12:46', NULL),
(163, 'SAGE GREY FINANCE LIMITED', '40165', 'sage-grey-finance-limited-ng', '2025-09-11 23:12:46', '2025-09-11 23:12:46', NULL),
(164, 'Shield MFB', '50582', 'shield-mfb-ng', '2025-09-11 23:12:46', '2025-09-11 23:12:46', NULL),
(165, 'Signature Bank Ltd', '106', 'signature-bank-ltd-ng', '2025-09-11 23:12:46', '2025-09-11 23:12:46', NULL),
(166, 'Solid Allianze MFB', '51062', 'solid-allianze-mfb', '2025-09-11 23:12:46', '2025-09-11 23:12:46', NULL),
(167, 'Solid Rock MFB', '50800', 'solid-rock-mfb', '2025-09-11 23:12:46', '2025-09-11 23:12:46', NULL),
(168, 'Sparkle Microfinance Bank', '51310', 'sparkle-microfinance-bank', '2025-09-11 23:12:46', '2025-09-11 23:12:46', NULL),
(169, 'Springfield Microfinance Bank', '51429', 'springfield-microfinance-bank-ng', '2025-09-11 23:12:46', '2025-09-11 23:12:46', NULL),
(170, 'Stanbic IBTC Bank', '221', 'stanbic-ibtc-bank', '2025-09-11 23:12:46', '2025-09-11 23:12:46', NULL),
(171, 'Standard Chartered Bank', '068', 'standard-chartered-bank', '2025-09-11 23:12:46', '2025-09-11 23:12:46', NULL),
(172, 'STANFORD MICROFINANCE BANK', '090162', 'stanford-microfinance-bank-ng', '2025-09-11 23:12:46', '2025-09-11 23:12:46', NULL),
(173, 'STATESIDE MICROFINANCE BANK', '50809', 'stateside-microfinance-bank-ng', '2025-09-11 23:12:46', '2025-09-11 23:12:46', NULL),
(174, 'STB Mortgage Bank', '070022', 'stb-mortgage-bank-ng', '2025-09-11 23:12:46', '2025-09-11 23:12:46', NULL),
(175, 'Stellas MFB', '51253', 'stellas-mfb', '2025-09-11 23:12:46', '2025-09-11 23:12:46', NULL),
(176, 'Sterling Bank', '232', 'sterling-bank', '2025-09-11 23:12:46', '2025-09-11 23:12:46', NULL),
(177, 'Suntrust Bank', '100', 'suntrust-bank', '2025-09-11 23:12:46', '2025-09-11 23:12:46', NULL),
(178, 'Supreme MFB', '50968', 'supreme-mfb-ng', '2025-09-11 23:12:46', '2025-09-11 23:12:46', NULL),
(179, 'TAJ Bank', '302', 'taj-bank', '2025-09-11 23:12:46', '2025-09-11 23:12:46', NULL),
(180, 'Tangerine Money', '51269', 'tangerine-money', '2025-09-11 23:12:46', '2025-09-11 23:12:46', NULL),
(181, 'TENN', '51403', 'tenn-ng', '2025-09-11 23:12:46', '2025-09-11 23:12:46', NULL),
(182, 'Titan Bank', '102', 'titan-bank', '2025-09-11 23:12:46', '2025-09-11 23:12:46', NULL),
(183, 'TransPay MFB', '090708', 'transpay-mfb-ng', '2025-09-11 23:12:46', '2025-09-11 23:12:46', NULL),
(184, 'TRUSTBANC J6 MICROFINANCE BANK', '51118', 'trustbanc-j6-microfinance-bank-ng', '2025-09-11 23:12:46', '2025-09-11 23:12:46', NULL),
(185, 'U&C Microfinance Bank Ltd (U AND C MFB)', '50840', 'uc-microfinance-bank-ltd-u-and-c-mfb-ng', '2025-09-11 23:12:46', '2025-09-11 23:12:46', NULL),
(186, 'UCEE MFB', '090706', 'ucee-mfb-ng', '2025-09-11 23:12:46', '2025-09-11 23:12:46', NULL),
(187, 'Uhuru MFB', '51322', 'uhuru-mfb-ng', '2025-09-11 23:12:46', '2025-09-11 23:12:46', NULL),
(188, 'Ultraviolet Microfinance Bank', '51080', 'ultraviolet-microfinance-bank-ng', '2025-09-11 23:12:46', '2025-09-11 23:12:46', NULL),
(189, 'Unaab Microfinance Bank Limited', '50870', 'unaab-microfinance-bank-limited-ng', '2025-09-11 23:12:46', '2025-09-11 23:12:46', NULL),
(190, 'UNIABUJA MFB', '51447', 'uniabuja-mfb', '2025-09-11 23:12:46', '2025-09-11 23:12:46', NULL),
(191, 'Unical MFB', '50871', 'unical-mfb', '2025-09-11 23:12:46', '2025-09-11 23:12:46', NULL),
(192, 'Unilag Microfinance Bank', '51316', 'unilag-microfinance-bank-ng', '2025-09-11 23:12:46', '2025-09-11 23:12:46', NULL),
(193, 'UNIMAID MICROFINANCE BANK', '50875', 'unimaid-microfinance-bank-ng', '2025-09-11 23:12:46', '2025-09-11 23:12:46', NULL),
(194, 'Union Bank of Nigeria', '032', 'union-bank-of-nigeria', '2025-09-11 23:12:46', '2025-09-11 23:12:46', NULL),
(195, 'United Bank For Africa', '033', 'united-bank-for-africa', '2025-09-11 23:12:46', '2025-09-11 23:12:46', NULL),
(196, 'Unity Bank', '215', 'unity-bank', '2025-09-11 23:12:46', '2025-09-11 23:12:46', NULL),
(197, 'Uzondu Microfinance Bank Awka Anambra State', '50894', 'uzondu-microfinance-bank-awka-anambra-state-ng', '2025-09-11 23:12:46', '2025-09-11 23:12:46', NULL),
(198, 'Vale Finance Limited', '050020', 'vale-finance', '2025-09-11 23:12:46', '2025-09-11 23:12:46', NULL),
(199, 'VFD Microfinance Bank Limited', '566', 'vfd', '2025-09-11 23:12:46', '2025-09-11 23:12:46', NULL),
(200, 'Waya Microfinance Bank', '51355', 'waya-microfinance-bank-ng', '2025-09-11 23:12:46', '2025-09-11 23:12:46', NULL),
(201, 'Wema Bank', '035', 'wema-bank', '2025-09-11 23:12:46', '2025-09-11 23:12:46', NULL),
(202, 'Weston Charis MFB', '51386', 'weston-charis-mfb-ng', '2025-09-11 23:12:46', '2025-09-11 23:12:46', NULL),
(203, 'Xpress Wallet', '100040', 'xpress-wallet-ng', '2025-09-11 23:12:46', '2025-09-11 23:12:46', NULL),
(204, 'Yes MFB', '594', 'yes-mfb-ng', '2025-09-11 23:12:47', '2025-09-11 23:12:47', NULL),
(205, 'Zenith Bank', '057', 'zenith-bank', '2025-09-11 23:12:47', '2025-09-11 23:12:47', NULL);

-- --------------------------------------------------------

--
-- Table structure for table `bank_accounts`
--

CREATE TABLE `bank_accounts` (
  `id` bigint(20) UNSIGNED NOT NULL,
  `owner_type` varchar(191) NOT NULL,
  `owner_id` bigint(20) UNSIGNED NOT NULL,
  `bank_code` varchar(191) NOT NULL,
  `account_number` varchar(191) NOT NULL,
  `bank_name` varchar(191) NOT NULL,
  `account_name` varchar(191) NOT NULL,
  `created_at` timestamp NULL DEFAULT NULL,
  `updated_at` timestamp NULL DEFAULT NULL
) ENGINE=InnoDB DEFAULT CHARSET=utf8mb4 COLLATE=utf8mb4_unicode_ci;

--
-- Dumping data for table `bank_accounts`
--

INSERT INTO `bank_accounts` (`id`, `owner_type`, `owner_id`, `bank_code`, `account_number`, `bank_name`, `account_name`, `created_at`, `updated_at`) VALUES
(1, 'App\\Models\\User', 3, '999992', '7068628887', 'OPay Digital Services Limited (OPay)', 'Ime Sunday Iteh', '2025-09-12 09:57:38', '2025-09-12 09:57:38');

-- --------------------------------------------------------

--
-- Table structure for table `cache`
--

CREATE TABLE `cache` (
  `key` varchar(255) NOT NULL,
  `value` mediumtext NOT NULL,
  `expiration` int(11) NOT NULL
) ENGINE=InnoDB DEFAULT CHARSET=utf8mb4 COLLATE=utf8mb4_unicode_ci;

-- --------------------------------------------------------

--
-- Table structure for table `cache_locks`
--

CREATE TABLE `cache_locks` (
  `key` varchar(255) NOT NULL,
  `owner` varchar(255) NOT NULL,
  `expiration` int(11) NOT NULL
) ENGINE=InnoDB DEFAULT CHARSET=utf8mb4 COLLATE=utf8mb4_unicode_ci;

-- --------------------------------------------------------

--
-- Table structure for table `carts`
--

CREATE TABLE `carts` (
  `id` bigint(20) UNSIGNED NOT NULL,
  `user_id` bigint(20) UNSIGNED DEFAULT NULL,
  `session_id` varchar(255) DEFAULT NULL,
  `created_at` timestamp NULL DEFAULT NULL,
  `updated_at` timestamp NULL DEFAULT NULL
) ENGINE=InnoDB DEFAULT CHARSET=utf8mb4 COLLATE=utf8mb4_unicode_ci;

-- --------------------------------------------------------

--
-- Table structure for table `cart_items`
--

CREATE TABLE `cart_items` (
  `id` bigint(20) UNSIGNED NOT NULL,
  `cart_id` bigint(20) UNSIGNED NOT NULL,
  `product_id` bigint(20) UNSIGNED NOT NULL,
  `quantity` int(11) NOT NULL DEFAULT 1,
  `created_at` timestamp NULL DEFAULT NULL,
  `updated_at` timestamp NULL DEFAULT NULL
) ENGINE=InnoDB DEFAULT CHARSET=utf8mb4 COLLATE=utf8mb4_unicode_ci;

-- --------------------------------------------------------

--
-- Table structure for table `categories`
--

CREATE TABLE `categories` (
  `id` bigint(20) UNSIGNED NOT NULL,
  `name` varchar(255) NOT NULL,
  `category_type_id` bigint(20) UNSIGNED NOT NULL DEFAULT 1,
  `description` text DEFAULT NULL,
  `sort_by` int(11) NOT NULL DEFAULT 100,
  `created_at` timestamp NULL DEFAULT NULL,
  `updated_at` timestamp NULL DEFAULT NULL,
  `deleted_at` timestamp NULL DEFAULT NULL
) ENGINE=InnoDB DEFAULT CHARSET=utf8mb4 COLLATE=utf8mb4_unicode_ci;

--
-- Dumping data for table `categories`
--

INSERT INTO `categories` (`id`, `name`, `category_type_id`, `description`, `sort_by`, `created_at`, `updated_at`, `deleted_at`) VALUES
(7, 'Veggies', 2, NULL, 5, '2026-01-12 18:37:17', '2026-01-12 18:37:17', NULL),
(9, 'African Recipes', 1, 'African Recipes', 1, '2026-01-12 19:04:38', '2026-04-10 20:26:22', NULL),
(10, 'Continental Food', 1, 'Simply Continental', 7, '2026-01-12 19:05:58', '2026-04-13 18:31:11', NULL),
(11, 'Tribe Food', 1, 'Tribe Food', 3, '2026-01-12 19:06:46', '2026-01-12 19:06:46', NULL),
(12, 'Stews & Sauces', 1, 'Stew & Sauce', 4, '2026-01-12 19:07:46', '2026-04-06 15:52:20', NULL),
(14, 'Fries & Crunch', 1, 'Fries & Crunch', 6, '2026-01-12 19:13:47', '2026-01-12 19:13:47', NULL),
(15, 'Seafood Specials', 1, 'Freshly Seafood', 6, '2026-01-14 14:47:55', '2026-04-06 15:54:17', NULL),
(16, 'Keto Meal', 1, 'Simply Keto', 7, '2026-01-14 14:49:04', '2026-01-14 14:49:04', NULL),
(17, 'Vegetarian Meal', 1, 'Vegetables and More', 8, '2026-01-14 14:50:08', '2026-01-14 14:50:08', NULL),
(18, 'Carbohydrate', 2, 'Grain, tubers, dry goods', 1, '2026-01-19 17:14:47', '2026-01-19 17:14:47', NULL),
(19, 'Vitamins & Minerals', 2, 'Leafy Veggies, tomatoes, pepper, onions, etc', 3, '2026-01-19 17:23:04', '2026-01-19 17:23:04', NULL),
(20, 'Spices, Herbs & Seasoning', 2, 'Dry spices, local spices, fresh herbs', 4, '2026-01-19 17:24:30', '2026-01-19 17:24:30', NULL),
(21, 'Legumes & Nut', 2, 'Beans, Peas,Groundnut,Egusi, Melon seed', 6, '2026-01-19 17:25:57', '2026-01-19 17:25:57', NULL),
(22, 'Processed and Convenient Food', 2, 'Blended Pepper, pre-cut Veggies, Marinated Protein, Canned food', 7, '2026-01-19 17:27:16', '2026-01-19 17:27:16', NULL),
(23, 'Sugars & Sweeteners', 2, 'Sugar, Honey, Syrup, Date sugar', 8, '2026-01-19 17:28:43', '2026-01-19 17:28:43', NULL),
(24, 'Soups', 1, 'All types of Soup', 3, '2026-04-01 21:24:18', '2026-04-01 21:24:57', NULL),
(25, 'Rice Dishes', 1, NULL, 2, '2026-04-06 15:55:52', '2026-04-13 18:31:39', NULL),
(26, 'Pasta & Noodles', 1, NULL, 3, '2026-04-06 15:56:35', '2026-04-13 18:32:35', NULL);

-- --------------------------------------------------------

--
-- Table structure for table `category_product`
--

CREATE TABLE `category_product` (
  `id` bigint(20) UNSIGNED NOT NULL,
  `category_id` bigint(20) UNSIGNED NOT NULL,
  `product_id` bigint(20) UNSIGNED NOT NULL,
  `created_at` timestamp NULL DEFAULT NULL,
  `updated_at` timestamp NULL DEFAULT NULL
) ENGINE=InnoDB DEFAULT CHARSET=utf8mb4 COLLATE=utf8mb4_unicode_ci;

--
-- Dumping data for table `category_product`
--

INSERT INTO `category_product` (`id`, `category_id`, `product_id`, `created_at`, `updated_at`) VALUES
(20, 9, 11, NULL, NULL),
(24, 16, 4, NULL, NULL),
(31, 9, 1, NULL, NULL),
(32, 16, 16, NULL, NULL),
(33, 11, 8, NULL, NULL),
(34, 10, 17, NULL, NULL),
(35, 10, 18, NULL, NULL),
(36, 17, 19, NULL, NULL),
(37, 10, 20, NULL, NULL),
(38, 9, 21, NULL, NULL),
(40, 12, 23, NULL, NULL),
(41, 9, 24, NULL, NULL),
(42, 12, 25, NULL, NULL),
(43, 12, 26, NULL, NULL),
(44, 12, 27, NULL, NULL),
(45, 12, 28, NULL, NULL),
(46, 24, 29, NULL, NULL),
(48, 12, 31, NULL, NULL),
(49, 24, 32, NULL, NULL),
(50, 24, 33, NULL, NULL),
(51, 24, 34, NULL, NULL),
(52, 24, 35, NULL, NULL),
(54, 24, 37, NULL, NULL),
(55, 24, 38, NULL, NULL),
(56, 24, 39, NULL, NULL),
(57, 24, 40, NULL, NULL),
(59, 24, 42, NULL, NULL),
(60, 24, 43, NULL, NULL),
(61, 12, 44, NULL, NULL),
(62, 16, 45, NULL, NULL),
(63, 16, 46, NULL, NULL),
(64, 11, 41, NULL, NULL),
(65, 11, 30, NULL, NULL),
(66, 11, 47, NULL, NULL),
(67, 25, 48, NULL, NULL),
(68, 25, 49, NULL, NULL),
(69, 25, 50, NULL, NULL),
(70, 25, 51, NULL, NULL),
(71, 17, 52, NULL, NULL),
(72, 17, 53, NULL, NULL),
(73, 17, 54, NULL, NULL),
(74, 10, 55, NULL, NULL),
(75, 14, 56, NULL, NULL),
(76, 14, 57, NULL, NULL),
(77, 14, 58, NULL, NULL),
(78, 14, 59, NULL, NULL),
(79, 15, 60, NULL, NULL),
(80, 15, 61, NULL, NULL),
(81, 15, 62, NULL, NULL),
(82, 15, 63, NULL, NULL),
(83, 26, 64, NULL, NULL),
(84, 26, 65, NULL, NULL),
(85, 26, 66, NULL, NULL),
(86, 26, 67, NULL, NULL),
(87, 26, 68, NULL, NULL),
(88, 26, 69, NULL, NULL),
(89, 12, 70, NULL, NULL),
(90, 12, 71, NULL, NULL),
(91, 15, 72, NULL, NULL),
(92, 26, 73, NULL, NULL),
(93, 26, 74, NULL, NULL),
(94, 12, 75, NULL, NULL),
(95, 15, 76, NULL, NULL),
(96, 11, 77, NULL, NULL),
(97, 11, 78, NULL, NULL),
(98, 11, 79, NULL, NULL),
(99, 11, 80, NULL, NULL),
(100, 11, 81, NULL, NULL),
(101, 9, 82, NULL, NULL),
(102, 9, 83, NULL, NULL),
(103, 9, 84, NULL, NULL),
(104, 9, 85, NULL, NULL),
(106, 9, 87, NULL, NULL),
(108, 9, 89, NULL, NULL),
(109, 9, 90, NULL, NULL),
(110, 9, 91, NULL, NULL),
(111, 9, 92, NULL, NULL),
(112, 25, 93, NULL, NULL),
(113, 25, 94, NULL, NULL),
(114, 25, 95, NULL, NULL),
(115, 25, 96, NULL, NULL),
(116, 25, 97, NULL, NULL),
(117, 25, 98, NULL, NULL),
(118, 25, 99, NULL, NULL),
(119, 25, 100, NULL, NULL),
(121, 25, 102, NULL, NULL),
(123, 9, 104, NULL, NULL),
(124, 9, 105, NULL, NULL),
(125, 9, 106, NULL, NULL),
(126, 24, 107, NULL, NULL),
(127, 9, 108, NULL, NULL),
(128, 9, 109, NULL, NULL),
(131, 15, 112, NULL, NULL),
(132, 12, 113, NULL, NULL),
(133, 12, 114, NULL, NULL),
(134, 24, 115, NULL, NULL),
(135, 9, 116, NULL, NULL),
(136, 9, 117, NULL, NULL),
(137, 9, 118, NULL, NULL),
(138, 9, 119, NULL, NULL),
(139, 9, 120, NULL, NULL),
(140, 9, 121, NULL, NULL),
(141, 9, 122, NULL, NULL),
(142, 9, 123, NULL, NULL),
(143, 9, 124, NULL, NULL),
(144, 9, 125, NULL, NULL),
(145, 9, 126, NULL, NULL),
(146, 9, 127, NULL, NULL),
(147, 9, 128, NULL, NULL),
(148, 9, 129, NULL, NULL),
(149, 9, 130, NULL, NULL),
(150, 9, 131, NULL, NULL),
(151, 9, 132, NULL, NULL),
(152, 9, 133, NULL, NULL),
(153, 9, 134, NULL, NULL),
(154, 9, 135, NULL, NULL),
(155, 9, 136, NULL, NULL),
(156, 9, 137, NULL, NULL),
(157, 9, 138, NULL, NULL),
(158, 9, 139, NULL, NULL),
(159, 9, 140, NULL, NULL),
(160, 9, 141, NULL, NULL),
(161, 9, 142, NULL, NULL),
(162, 9, 143, NULL, NULL),
(163, 9, 144, NULL, NULL),
(164, 9, 145, NULL, NULL),
(165, 9, 146, NULL, NULL),
(166, 9, 147, NULL, NULL),
(167, 9, 148, NULL, NULL),
(168, 15, 149, NULL, NULL),
(169, 9, 150, NULL, NULL),
(170, 9, 151, NULL, NULL),
(171, 9, 152, NULL, NULL),
(172, 9, 153, NULL, NULL),
(173, 9, 154, NULL, NULL),
(174, 9, 155, NULL, NULL),
(175, 9, 156, NULL, NULL),
(176, 9, 157, NULL, NULL),
(177, 9, 158, NULL, NULL),
(178, 9, 159, NULL, NULL),
(179, 9, 160, NULL, NULL),
(180, 9, 161, NULL, NULL),
(181, 9, 162, NULL, NULL);

-- --------------------------------------------------------

--
-- Table structure for table `category_types`
--

CREATE TABLE `category_types` (
  `id` bigint(20) UNSIGNED NOT NULL,
  `name` varchar(191) NOT NULL,
  `created_at` timestamp NULL DEFAULT NULL,
  `updated_at` timestamp NULL DEFAULT NULL
) ENGINE=InnoDB DEFAULT CHARSET=utf8mb4 COLLATE=utf8mb4_unicode_ci;

--
-- Dumping data for table `category_types`
--

INSERT INTO `category_types` (`id`, `name`, `created_at`, `updated_at`) VALUES
(1, 'Food', '2025-06-01 08:39:35', '2025-06-01 08:39:35'),
(2, 'Vendor', '2025-06-01 08:39:35', '2025-06-01 08:39:35');

-- --------------------------------------------------------

--
-- Table structure for table `category_user`
--

CREATE TABLE `category_user` (
  `id` bigint(20) UNSIGNED NOT NULL,
  `user_id` bigint(20) UNSIGNED NOT NULL,
  `category_id` bigint(20) UNSIGNED NOT NULL,
  `created_at` timestamp NULL DEFAULT NULL,
  `updated_at` timestamp NULL DEFAULT NULL
) ENGINE=InnoDB DEFAULT CHARSET=utf8mb4 COLLATE=utf8mb4_unicode_ci;

--
-- Dumping data for table `category_user`
--

INSERT INTO `category_user` (`id`, `user_id`, `category_id`, `created_at`, `updated_at`) VALUES
(1, 1, 4, '2025-06-14 17:31:50', '2025-06-14 17:31:50'),
(2, 1, 5, '2025-06-14 17:31:50', '2025-06-14 17:31:50'),
(3, 1, 6, '2025-06-14 17:31:50', '2025-06-14 17:31:50'),
(4, 16, 18, '2026-02-24 00:26:23', '2026-02-24 00:26:23'),
(5, 16, 7, '2026-02-24 00:26:23', '2026-02-24 00:26:23'),
(6, 16, 20, '2026-02-24 00:26:23', '2026-02-24 00:26:23'),
(7, 16, 19, '2026-02-24 00:26:23', '2026-02-24 00:26:23'),
(8, 19, 4, '2026-02-28 15:47:55', '2026-02-28 15:47:55'),
(9, 19, 18, '2026-02-28 15:47:55', '2026-02-28 15:47:55'),
(10, 19, 7, '2026-02-28 15:47:55', '2026-02-28 15:47:55'),
(11, 37, 18, '2026-04-22 19:46:06', '2026-04-22 19:46:06'),
(12, 37, 20, '2026-04-22 19:46:06', '2026-04-22 19:46:06'),
(13, 37, 7, '2026-04-22 19:46:06', '2026-04-22 19:46:06'),
(14, 37, 23, '2026-04-22 19:46:06', '2026-04-22 19:46:06');

-- --------------------------------------------------------

--
-- Table structure for table `commissions`
--

CREATE TABLE `commissions` (
  `id` bigint(20) UNSIGNED NOT NULL,
  `min_amount` decimal(15,2) NOT NULL DEFAULT 0.00,
  `max_amount` decimal(15,2) DEFAULT NULL,
  `percentage` decimal(5,2) NOT NULL,
  `created_at` timestamp NULL DEFAULT NULL,
  `updated_at` timestamp NULL DEFAULT NULL,
  `deleted_at` timestamp NULL DEFAULT NULL
) ENGINE=InnoDB DEFAULT CHARSET=utf8mb4 COLLATE=utf8mb4_unicode_ci;

--
-- Dumping data for table `commissions`
--

INSERT INTO `commissions` (`id`, `min_amount`, `max_amount`, `percentage`, `created_at`, `updated_at`, `deleted_at`) VALUES
(1, 5000.00, 20000.00, 10.00, '2025-09-09 13:57:55', '2025-09-11 20:51:08', NULL),
(2, 20001.00, 50000.00, 8.00, '2025-09-09 13:58:38', '2025-09-09 13:58:38', NULL),
(3, 50001.00, 200000.00, 5.00, '2025-09-09 13:59:11', '2025-09-09 13:59:11', NULL),
(4, 200001.00, 1000000.00, 3.00, '2025-09-09 14:00:11', '2025-09-09 14:00:11', NULL),
(5, 1000001.00, 10000000.00, 2.00, '2025-09-09 14:01:12', '2025-09-09 14:09:33', '2025-09-09 14:09:33'),
(6, 1000001.00, 10000000.00, 2.00, '2025-09-09 14:10:08', '2025-09-09 14:10:08', NULL);

-- --------------------------------------------------------

--
-- Table structure for table `countries`
--

CREATE TABLE `countries` (
  `id` bigint(20) UNSIGNED NOT NULL,
  `name` varchar(191) NOT NULL,
  `code` varchar(191) NOT NULL,
  `created_at` timestamp NULL DEFAULT NULL,
  `updated_at` timestamp NULL DEFAULT NULL
) ENGINE=InnoDB DEFAULT CHARSET=utf8mb4 COLLATE=utf8mb4_unicode_ci;

--
-- Dumping data for table `countries`
--

INSERT INTO `countries` (`id`, `name`, `code`, `created_at`, `updated_at`) VALUES
(1, 'África do Sul', '', NULL, NULL),
(2, 'Áustria', '', NULL, NULL),
(3, 'Índia', '', NULL, NULL),
(4, 'Afeganistão', '', NULL, NULL),
(5, 'Albânia', '', NULL, NULL),
(6, 'Alemanha', '', NULL, NULL),
(7, 'Andorra', '', NULL, NULL),
(8, 'Angola', '', NULL, NULL),
(9, 'Anguila', '', NULL, NULL),
(10, 'Antárctida', '', NULL, NULL),
(11, 'Antígua e Barbuda', '', NULL, NULL),
(12, 'Antilhas Neerlandesas', '', NULL, NULL),
(13, 'Arábia Saudita', '', NULL, NULL),
(14, 'Argélia', '', NULL, NULL),
(15, 'Argentina', '', NULL, NULL),
(16, 'Arménia', '', NULL, NULL),
(17, 'Aruba', '', NULL, NULL),
(18, 'Austrália', '', NULL, NULL),
(19, 'Azerbaijão', '', NULL, NULL),
(20, 'Bélgica', '', NULL, NULL),
(21, 'Bósnia e Herzegovina', '', NULL, NULL),
(22, 'Baamas', '', NULL, NULL),
(23, 'Bangladeche', '', NULL, NULL),
(24, 'Barém', '', NULL, NULL),
(25, 'Barbados', '', NULL, NULL),
(26, 'Belize', '', NULL, NULL),
(27, 'Benim', '', NULL, NULL),
(28, 'Bermudas', '', NULL, NULL),
(29, 'Bielorrússia', '', NULL, NULL),
(30, 'Birmânia', '', NULL, NULL),
(31, 'Bolívia', '', NULL, NULL),
(32, 'Botsuana', '', NULL, NULL),
(33, 'Brasil', '', NULL, NULL),
(34, 'Brunei', '', NULL, NULL),
(35, 'Bulgária', '', NULL, NULL),
(36, 'Burúndi', '', NULL, NULL),
(37, 'Burquina Faso', '', NULL, NULL),
(38, 'Butão', '', NULL, NULL),
(39, 'Cabo Verde', '', NULL, NULL),
(40, 'Camarões', '', NULL, NULL),
(41, 'Camboja', '', NULL, NULL),
(42, 'Canadá', '', NULL, NULL),
(43, 'Catar', '', NULL, NULL),
(44, 'Cazaquistão', '', NULL, NULL),
(45, 'Chade', '', NULL, NULL),
(46, 'Chile', '', NULL, NULL),
(47, 'China', '', NULL, NULL),
(48, 'Chipre', '', NULL, NULL),
(49, 'Colômbia', '', NULL, NULL),
(50, 'Comores', '', NULL, NULL),
(51, 'Congo-Brazzaville', '', NULL, NULL),
(52, 'Congo-Kinshasa', '', NULL, NULL),
(53, 'Coreia do Norte', '', NULL, NULL),
(54, 'Coreia do Sul', '', NULL, NULL),
(55, 'Costa Rica', '', NULL, NULL),
(56, 'Costa do Marfim', '', NULL, NULL),
(57, 'Croácia', '', NULL, NULL),
(58, 'Cuba', '', NULL, NULL),
(59, 'Dinamarca', '', NULL, NULL),
(60, 'Domínica', '', NULL, NULL),
(61, 'Egipto', '', NULL, NULL),
(62, 'Emiratos Árabes Unidos', '', NULL, NULL),
(63, 'Equador', '', NULL, NULL),
(64, 'Eritreia', '', NULL, NULL),
(65, 'Eslováquia', '', NULL, NULL),
(66, 'Eslovénia', '', NULL, NULL),
(67, 'Espanha', '', NULL, NULL),
(68, 'Estónia', '', NULL, NULL),
(69, 'Estados Unidos', '', NULL, NULL),
(70, 'Etiópia', '', NULL, NULL),
(71, 'Faroé', '', NULL, NULL),
(72, 'Fiji', '', NULL, NULL),
(73, 'Filipinas', '', NULL, NULL),
(74, 'Finlândia', '', NULL, NULL),
(75, 'França', '', NULL, NULL),
(76, 'Gâmbia', '', NULL, NULL),
(77, 'Gabão', '', NULL, NULL),
(78, 'Gana', '', NULL, NULL),
(79, 'Geórgia', '', NULL, NULL),
(80, 'Geórgia do Sul e Sandwich do Sul', '', NULL, NULL),
(81, 'Gibraltar', '', NULL, NULL),
(82, 'Grécia', '', NULL, NULL),
(83, 'Granada', '', NULL, NULL),
(84, 'Gronelândia', '', NULL, NULL),
(85, 'Guadalupe', '', NULL, NULL),
(86, 'Guame', '', NULL, NULL),
(87, 'Guatemala', '', NULL, NULL),
(88, 'Guiana', '', NULL, NULL),
(89, 'Guiana Francesa', '', NULL, NULL),
(90, 'Guiné', '', NULL, NULL),
(91, 'Guiné Equatorial', '', NULL, NULL),
(92, 'Guiné-Bissau', '', NULL, NULL),
(93, 'Haiti', '', NULL, NULL),
(94, 'Honduras', '', NULL, NULL),
(95, 'Hong Kong', '', NULL, NULL),
(96, 'Hungria', '', NULL, NULL),
(97, 'Iémen', '', NULL, NULL),
(98, 'Ilha Bouvet', '', NULL, NULL),
(99, 'Ilha Norfolk', '', NULL, NULL),
(100, 'Ilha do Natal', '', NULL, NULL),
(101, 'Ilhas Caimão', '', NULL, NULL),
(102, 'Ilhas Cook', '', NULL, NULL),
(103, 'Ilhas Falkland', '', NULL, NULL),
(104, 'Ilhas Heard e McDonald', '', NULL, NULL),
(105, 'Ilhas Marshall', '', NULL, NULL),
(106, 'Ilhas Menores Distantes dos Estados Unidos', '', NULL, NULL),
(107, 'Ilhas Salomão', '', NULL, NULL),
(108, 'Ilhas Turcas e Caicos', '', NULL, NULL),
(109, 'Ilhas Virgens Americanas', '', NULL, NULL),
(110, 'Ilhas Virgens Britânicas', '', NULL, NULL),
(111, 'Ilhas dos Cocos', '', NULL, NULL),
(112, 'Indonésia', '', NULL, NULL),
(113, 'Irão', '', NULL, NULL),
(114, 'Iraque', '', NULL, NULL),
(115, 'Irlanda', '', NULL, NULL),
(116, 'Islândia', '', NULL, NULL),
(117, 'Israel', '', NULL, NULL),
(118, 'Itália', '', NULL, NULL),
(119, 'Jamaica', '', NULL, NULL),
(120, 'Japão', '', NULL, NULL),
(121, 'Jibuti', '', NULL, NULL),
(122, 'Jordânia', '', NULL, NULL),
(123, 'Jugoslávia', '', NULL, NULL),
(124, 'Kuwait', '', NULL, NULL),
(125, 'Líbano', '', NULL, NULL),
(126, 'Líbia', '', NULL, NULL),
(127, 'Laos', '', NULL, NULL),
(128, 'Lesoto', '', NULL, NULL),
(129, 'Letónia', '', NULL, NULL),
(130, 'Libéria', '', NULL, NULL),
(131, 'Listenstaine', '', NULL, NULL),
(132, 'Lituânia', '', NULL, NULL),
(133, 'Luxemburgo', '', NULL, NULL),
(134, 'México', '', NULL, NULL),
(135, 'Mónaco', '', NULL, NULL),
(136, 'Macau', '', NULL, NULL),
(137, 'Macedónia', '', NULL, NULL),
(138, 'Madagáscar', '', NULL, NULL),
(139, 'Malásia', '', NULL, NULL),
(140, 'Malávi', '', NULL, NULL),
(141, 'Maldivas', '', NULL, NULL),
(142, 'Mali', '', NULL, NULL),
(143, 'Malta', '', NULL, NULL),
(144, 'Marianas do Norte', '', NULL, NULL),
(145, 'Marrocos', '', NULL, NULL),
(146, 'Martinica', '', NULL, NULL),
(147, 'Maurícia', '', NULL, NULL),
(148, 'Mauritânia', '', NULL, NULL),
(149, 'Mayotte', '', NULL, NULL),
(150, 'Micronésia', '', NULL, NULL),
(151, 'Moçambique', '', NULL, NULL),
(152, 'Moldávia', '', NULL, NULL),
(153, 'Mongólia', '', NULL, NULL),
(154, 'Monserrate', '', NULL, NULL),
(155, 'Níger', '', NULL, NULL),
(156, 'Namíbia', '', NULL, NULL),
(157, 'Nauru', '', NULL, NULL),
(158, 'Nepal', '', NULL, NULL),
(159, 'Nicarágua', '', NULL, NULL),
(160, 'Nigéria', '', NULL, NULL),
(161, 'Niue', '', NULL, NULL),
(162, 'Noruega', '', NULL, NULL),
(163, 'Nova Caledónia', '', NULL, NULL),
(164, 'Nova Zelândia', '', NULL, NULL),
(165, 'Omã', '', NULL, NULL),
(166, 'Países Baixos', '', NULL, NULL),
(167, 'Palau', '', NULL, NULL),
(168, 'Panamá', '', NULL, NULL),
(169, 'Papua-Nova Guiné', '', NULL, NULL),
(170, 'Paquistão', '', NULL, NULL),
(171, 'Paraguai', '', NULL, NULL),
(172, 'Peru', '', NULL, NULL),
(173, 'Pitcairn', '', NULL, NULL),
(174, 'Polónia', '', NULL, NULL),
(175, 'Polinésia Francesa', '', NULL, NULL),
(176, 'Porto Rico', '', NULL, NULL),
(177, 'Portugal', '', NULL, NULL),
(178, 'Quénia', '', NULL, NULL),
(179, 'Quirguizistão', '', NULL, NULL),
(180, 'Quiribáti', '', NULL, NULL),
(181, 'Rússia', '', NULL, NULL),
(182, 'Reino Unido', '', NULL, NULL),
(183, 'República Centro-Africana', '', NULL, NULL),
(184, 'República Checa', '', NULL, NULL),
(185, 'República Dominicana', '', NULL, NULL),
(186, 'Reunião', '', NULL, NULL),
(187, 'Roménia', '', NULL, NULL),
(188, 'Ruanda', '', NULL, NULL),
(189, 'São Cristóvão e Neves', '', NULL, NULL),
(190, 'São Marinho', '', NULL, NULL),
(191, 'São Pedro e Miquelon', '', NULL, NULL),
(192, 'São Tomé e Príncipe', '', NULL, NULL),
(193, 'São Vicente e Granadinas', '', NULL, NULL),
(194, 'Síria', '', NULL, NULL),
(195, 'Salvador', '', NULL, NULL),
(196, 'Samoa', '', NULL, NULL),
(197, 'Samoa Americana', '', NULL, NULL),
(198, 'Santa Helena', '', NULL, NULL),
(199, 'Santa Lúcia', '', NULL, NULL),
(200, 'Sara Ocidental', '', NULL, NULL),
(201, 'Seicheles', '', NULL, NULL),
(202, 'Senegal', '', NULL, NULL),
(203, 'Serra Leoa', '', NULL, NULL),
(204, 'Singapura', '', NULL, NULL),
(205, 'Somália', '', NULL, NULL),
(206, 'Sri Lanca', '', NULL, NULL),
(207, 'Suécia', '', NULL, NULL),
(208, 'Suíça', '', NULL, NULL),
(209, 'Suazilândia', '', NULL, NULL),
(210, 'Sudão', '', NULL, NULL),
(211, 'Suriname', '', NULL, NULL),
(212, 'Svalbard e Jan Mayen', '', NULL, NULL),
(213, 'Tailândia', '', NULL, NULL),
(214, 'Taiwan', '', NULL, NULL),
(215, 'Tajiquistão', '', NULL, NULL),
(216, 'Tanzânia', '', NULL, NULL),
(217, 'Território Britânico do Oceano Índico', '', NULL, NULL),
(218, 'Territórios Austrais Franceses', '', NULL, NULL),
(219, 'Timor Leste', '', NULL, NULL),
(220, 'Togo', '', NULL, NULL),
(221, 'Tokelau', '', NULL, NULL),
(222, 'Tonga', '', NULL, NULL),
(223, 'Trindade e Tobago', '', NULL, NULL),
(224, 'Tunísia', '', NULL, NULL),
(225, 'Turquemenistão', '', NULL, NULL),
(226, 'Turquia', '', NULL, NULL),
(227, 'Tuvalu', '', NULL, NULL),
(228, 'Ucrânia', '', NULL, NULL),
(229, 'Uganda', '', NULL, NULL),
(230, 'Uruguai', '', NULL, NULL),
(231, 'Usbequistão', '', NULL, NULL),
(232, 'Vanuatu', '', NULL, NULL),
(233, 'Vaticano', '', NULL, NULL),
(234, 'Venezuela', '', NULL, NULL),
(235, 'Vietname', '', NULL, NULL),
(236, 'Wallis e Futuna', '', NULL, NULL),
(237, 'Zâmbia', '', NULL, NULL),
(238, 'Zimbábue', '', NULL, NULL);

-- --------------------------------------------------------

--
-- Table structure for table `failed_jobs`
--

CREATE TABLE `failed_jobs` (
  `id` bigint(20) UNSIGNED NOT NULL,
  `uuid` varchar(255) NOT NULL,
  `connection` text NOT NULL,
  `queue` text NOT NULL,
  `payload` longtext NOT NULL,
  `exception` longtext NOT NULL,
  `failed_at` timestamp NOT NULL DEFAULT current_timestamp()
) ENGINE=InnoDB DEFAULT CHARSET=utf8mb4 COLLATE=utf8mb4_unicode_ci;

-- --------------------------------------------------------

--
-- Table structure for table `favourites`
--

CREATE TABLE `favourites` (
  `id` bigint(20) UNSIGNED NOT NULL,
  `user_id` bigint(20) UNSIGNED NOT NULL,
  `product_id` bigint(20) UNSIGNED NOT NULL,
  `created_at` timestamp NULL DEFAULT NULL,
  `updated_at` timestamp NULL DEFAULT NULL
) ENGINE=InnoDB DEFAULT CHARSET=utf8mb4 COLLATE=utf8mb4_unicode_ci;

-- --------------------------------------------------------

--
-- Table structure for table `franchises`
--

CREATE TABLE `franchises` (
  `id` bigint(20) UNSIGNED NOT NULL,
  `name` varchar(255) NOT NULL,
  `location` varchar(255) NOT NULL,
  `owner_id` bigint(20) UNSIGNED NOT NULL,
  `created_at` timestamp NULL DEFAULT NULL,
  `updated_at` timestamp NULL DEFAULT NULL
) ENGINE=InnoDB DEFAULT CHARSET=utf8mb4 COLLATE=utf8mb4_unicode_ci;

-- --------------------------------------------------------

--
-- Table structure for table `help_tickets`
--

CREATE TABLE `help_tickets` (
  `id` bigint(20) UNSIGNED NOT NULL,
  `user_id` bigint(20) UNSIGNED DEFAULT NULL,
  `subject` varchar(191) NOT NULL,
  `message` text NOT NULL,
  `attachment` varchar(191) DEFAULT NULL,
  `status` enum('open','in_progress','resolved','closed') NOT NULL DEFAULT 'open',
  `created_at` timestamp NULL DEFAULT NULL,
  `updated_at` timestamp NULL DEFAULT NULL
) ENGINE=InnoDB DEFAULT CHARSET=utf8mb4 COLLATE=utf8mb4_unicode_ci;

--
-- Dumping data for table `help_tickets`
--

INSERT INTO `help_tickets` (`id`, `user_id`, `subject`, `message`, `attachment`, `status`, `created_at`, `updated_at`) VALUES
(1, 3, 'Double payment', 'Great — to support file uploads (e.g. PDF, PNG, JPG) in help/support messages, we’ll enhance the setup to:\n\nAccept optional file attachments\n\nStore them securely\n\nReturn file URLs in the resource response', 'help-tickets/1771766783_Gideon_John_CO.jpeg', 'open', '2026-02-22 18:26:23', '2026-02-22 18:26:23'),
(2, 10, 'try to get to your location', 'how do i locate you guys', NULL, 'open', '2026-04-03 21:10:12', '2026-04-03 21:10:12'),
(3, 10, 'wewewr', 'wewr', 'help-tickets/1775238230_play_store_512.png', 'open', '2026-04-03 21:43:50', '2026-04-03 21:43:50'),
(4, 10, 'Direction', 'trying to get your location.', 'help-tickets/1775243262_scaled_1001461136.jpg', 'open', '2026-04-03 23:07:42', '2026-04-03 23:07:42'),
(5, 16, 'roiwe', 'wepw0e0wipoer', 'help-tickets/1776708356_featured_asset.png', 'open', '2026-04-20 23:05:56', '2026-04-20 23:05:56');

-- --------------------------------------------------------

--
-- Table structure for table `ingredients`
--

CREATE TABLE `ingredients` (
  `id` bigint(20) UNSIGNED NOT NULL,
  `category_id` bigint(20) UNSIGNED DEFAULT NULL,
  `name` varchar(255) NOT NULL,
  `description` text DEFAULT NULL,
  `price` decimal(10,2) NOT NULL,
  `discounted_price` decimal(10,2) DEFAULT NULL,
  `unit` varchar(20) NOT NULL,
  `stock` int(11) NOT NULL DEFAULT 0,
  `image_url` varchar(255) DEFAULT NULL,
  `created_at` timestamp NULL DEFAULT NULL,
  `updated_at` timestamp NULL DEFAULT NULL
) ENGINE=InnoDB DEFAULT CHARSET=utf8mb4 COLLATE=utf8mb4_unicode_ci;

--
-- Dumping data for table `ingredients`
--

INSERT INTO `ingredients` (`id`, `category_id`, `name`, `description`, `price`, `discounted_price`, `unit`, `stock`, `image_url`, `created_at`, `updated_at`) VALUES
(1, 7, 'Water Leaf', 'Water Leaf', 500.00, 475.00, 'por', 10, 'ingredients/1768225226_water-leaf.jpg', '2025-05-13 15:08:31', '2026-01-12 18:40:26'),
(2, 5, 'Cray Fish', 'Freshly Smoked Crayfish', 500.00, 500.00, 'por', 200, 'ingredients/1768223637_cray_fish_small.jpeg', '2025-05-13 15:09:56', '2026-01-12 18:13:57'),
(3, 6, 'Red Oil', 'Oil', 1800.00, 1750.00, 'l', 100, 'ingredients/1768224771_red_oil.jpg', '2025-06-01 09:47:52', '2026-01-12 18:32:51'),
(4, 4, 'Pepper', 'Fresh Pepper', 500.00, 0.00, 'por', 100, 'ingredients/1768224572_pepper.jpg', '2025-09-11 07:34:40', '2026-01-12 18:29:32'),
(5, 7, 'Okro', 'Okra', 500.00, 500.00, 'por', 1990, 'ingredients/1768227586_okro.jpeg', '2026-01-12 19:19:46', '2026-01-12 19:19:46'),
(6, 4, 'Melon', 'Fresh Melon', 700.00, NULL, 'cup', 1000, 'ingredients/1768379858_EGUSI.jpg', '2026-01-14 13:37:38', '2026-01-14 13:37:38'),
(7, 5, 'Chicken Part', 'Fresh Chicken', 1500.00, 1450.00, 'kg', 1333, 'ingredients/1768823979_chicken_part.jpg', '2026-01-19 16:59:39', '2026-01-19 16:59:39'),
(8, 7, 'Fresh Tomatoes', 'Fresh ones', 1000.00, NULL, 'por', 22222, 'ingredients/1768824364_Fresh_tomatoes.jpeg', '2026-01-19 17:06:04', '2026-01-19 17:06:04'),
(9, 6, 'Olive Oil', 'original oil', 3500.00, NULL, 'l', 122, 'ingredients/1768824445_sachet_oil.jpeg', '2026-01-19 17:07:25', '2026-01-19 17:07:25'),
(12, 12, 'cow powder', NULL, 500.00, 45.02, 'g', 90, NULL, '2026-03-24 20:20:35', '2026-03-24 20:20:35'),
(13, 7, 'vegetable leaf', 'vegetables', 1300.00, 1200.00, 'por', 20, 'ingredients/1775059205_Pumpkin-leaves-ugwu.jpg', '2026-03-24 20:49:26', '2026-04-01 20:00:05'),
(14, 4, 'Maggi', 'Good,  recommended in various delicacies', 500.00, 490.00, 'g', 5, 'ingredients/1774374135_images_(1).jpeg', '2026-03-24 21:42:15', '2026-03-24 21:42:15'),
(15, NULL, 'Beef', NULL, 2000.00, NULL, 'kg', 20, 'ingredients/1775043354_istockphoto-505207430-612x612.jpg', '2026-04-01 15:35:54', '2026-04-01 20:00:38'),
(16, 4, 'Curry powder', NULL, 50.00, NULL, 'tsp', 20, 'ingredients/1775045750_81wnKR6DEfL._AC_UF894,1000_QL80_.jpg', '2026-04-01 15:42:24', '2026-04-01 16:15:50'),
(17, 4, 'Salt', NULL, 1200.00, NULL, 'kg', 20, 'ingredients/1775045329_Dangote-Salt-1kg.png', '2026-04-01 16:08:49', '2026-04-01 16:13:33'),
(18, 20, 'Thyme', NULL, 200.00, NULL, 'piece', 20, 'ingredients/1775045576_Gino-Dried-Thyme-3g-x-210-sachets.jpeg', '2026-04-01 16:12:56', '2026-04-01 16:12:56'),
(20, 4, 'Bouillon powder', NULL, 2000.00, NULL, 'g', 20, 'ingredients/1775045988_chicken-bouillon-powder.png', '2026-04-01 16:19:48', '2026-04-01 16:19:48'),
(21, NULL, 'Goat Meat', NULL, 3000.00, NULL, 'kg', 20, 'ingredients/1775049586_images.jpg', '2026-04-01 17:19:46', '2026-04-01 20:03:52'),
(22, NULL, 'Turkey', NULL, 8000.00, NULL, 'kg', 10, 'ingredients/1775049755_images_(1).jpg', '2026-04-01 17:22:35', '2026-04-01 17:22:35'),
(23, NULL, 'Dry Fish', NULL, 5000.00, NULL, 'por', 20, 'ingredients/1775049966_mangala-fish.jpg', '2026-04-01 17:26:06', '2026-04-01 17:26:06'),
(24, NULL, 'Fresh Fish', NULL, 1500.00, NULL, 'kg', 20, 'ingredients/1775050133_Bullet-Tuna_Auxis-rochei-5a738d43.png', '2026-04-01 17:28:53', '2026-04-01 20:02:37'),
(25, NULL, 'Smoked Fish', NULL, 1800.00, NULL, 'kg', 20, 'ingredients/1775050329_images-1754315521272-smoked_fish_perfect.jpeg', '2026-04-01 17:32:09', '2026-04-01 20:03:16'),
(26, 15, 'Stockfish', NULL, 2000.00, NULL, 'por', 20, 'ingredients/1775050487_Stockfishcut.jpg', '2026-04-01 17:34:47', '2026-04-13 15:40:08'),
(27, NULL, 'Eggs', NULL, 500.00, NULL, 'por', 20, 'ingredients/1775050655_pngtree-chicken-eggs-isolated-on-transparent-background-png-image_16464753.png', '2026-04-01 17:37:35', '2026-04-01 17:37:35'),
(29, 7, 'Onions', NULL, 50.00, NULL, 'por', 20, 'ingredients/1775051553_ai-generated-onion-realistic-with-white-background-high-quality-ultra-hd-photo.jpg', '2026-04-01 17:52:33', '2026-04-01 17:55:35'),
(30, 7, 'Garlic', NULL, 100.00, NULL, 'por', 20, 'ingredients/1775051706_garlic-bulb-32187224.jpg', '2026-04-01 17:55:06', '2026-04-01 20:01:46'),
(31, 4, 'Ginger', NULL, 200.00, NULL, 'por', 20, 'ingredients/1775051911_a-fresh-ginger-root-with-a-knobby-tan-surface-and-a-textured-appearance-png.png', '2026-04-01 17:58:31', '2026-04-01 20:02:11'),
(32, 15, 'Fresh shrimp', NULL, 3000.00, NULL, 'kg', 20, 'ingredients/1775052561_depositphotos_69735005-stock-photo-tasty-prawns.jpg', '2026-04-01 18:09:21', '2026-04-01 20:04:35'),
(33, NULL, 'Iru - Locust Bean', NULL, 2000.00, NULL, 'por', 20, 'ingredients/1775052942_images_(3).jpg', '2026-04-01 18:15:42', '2026-04-01 18:47:09'),
(34, NULL, 'Red Pepper Bell', NULL, 300.00, NULL, 'por', 20, 'ingredients/1775055208_red-bell-peppers_variety-page.png', '2026-04-01 18:53:28', '2026-04-01 18:53:28'),
(35, NULL, 'Tilapia Fish', NULL, 1000.00, NULL, 'kg', 10, 'ingredients/1775061351_Tilapia-Medium.jpg', '2026-04-01 20:35:51', '2026-04-01 20:35:51'),
(36, 20, 'Pepper Soup Spice', NULL, 500.00, NULL, 'por', 20, 'ingredients/1775064557_pepper-soupp.jpg', '2026-04-01 21:29:17', '2026-04-01 21:29:17'),
(37, NULL, 'Cayenne pepper', NULL, 1000.00, NULL, 'cup', 20, 'ingredients/1775065239_image_of_cayenne_pepper_480x480_(1).jpg', '2026-04-01 21:40:39', '2026-04-01 21:40:39'),
(38, 7, 'Spinach', NULL, 2000.00, NULL, 'por', 20, 'ingredients/1775123643_images_(4).jpg', '2026-04-02 13:54:03', '2026-04-02 13:54:03'),
(39, NULL, 'Chicken Breast', NULL, 4000.00, NULL, 'kg', 20, 'ingredients/1775128730_pile-of-boneless-skinless-chicken-breasts.jpg', '2026-04-02 15:18:50', '2026-04-02 15:18:50'),
(40, 7, 'EggPlant', NULL, 2000.00, NULL, 'kg', 20, 'ingredients/1775128869_35371-0w600h600_Eggplant_From_France.jpg', '2026-04-02 15:21:09', '2026-04-02 15:21:09'),
(41, NULL, 'Palm Kernel Nut', NULL, 1000.00, NULL, 'kg', 20, 'ingredients/1775137389_palm-kernel.jpg', '2026-04-02 17:43:09', '2026-04-02 17:43:09'),
(42, NULL, 'Cat Fish', NULL, 3000.00, NULL, 'kg', 20, 'ingredients/1775137800_images_(5).jpg', '2026-04-02 17:50:00', '2026-04-02 17:50:00'),
(43, NULL, 'Ogbono seeds', NULL, 500.00, NULL, 'kg', 20, 'ingredients/1775140272_images_(6).jpg', '2026-04-02 18:31:12', '2026-04-02 18:31:12'),
(44, NULL, 'Blended Ogbono', NULL, 1000.00, NULL, 'cup', 20, 'ingredients/1775140404_ogbono-blend-martking-online-groceries-shop.jpg', '2026-04-02 18:33:24', '2026-04-02 18:33:24'),
(45, NULL, 'Shaki', NULL, 4000.00, NULL, 'kg', 20, 'ingredients/1775140816_images_(7).jpg', '2026-04-02 18:40:16', '2026-04-02 18:40:16'),
(46, NULL, 'Cow Feet', NULL, 5000.00, NULL, 'kg', 20, 'ingredients/1775141106_71xjbFVnG1L._AC_UF894,1000_QL80_.jpg', '2026-04-02 18:45:06', '2026-04-02 18:53:53'),
(47, NULL, 'Scent leaf', NULL, 500.00, NULL, 'por', 10, 'ingredients/1775144630_Scent-leaf.-Photo-Pixabay.jpeg', '2026-04-02 19:43:50', '2026-04-02 19:44:18'),
(48, 7, 'Habanero peppers', NULL, 500.00, NULL, 'por', 20, 'ingredients/1775207737_2791_1.jpg', '2026-04-03 13:15:37', '2026-04-03 13:15:37'),
(49, 7, 'Snail', NULL, 2000.00, NULL, 'kg', 20, 'ingredients/1775208281_snail-1.jpg', '2026-04-03 13:24:41', '2026-04-03 13:24:41'),
(50, 7, 'Prep periwinkle', NULL, 500.00, NULL, 'cup', 20, 'ingredients/1775208472_29608181854_1c5fdd9fbd_c.jpg', '2026-04-03 13:27:52', '2026-04-03 13:27:52'),
(51, NULL, 'Clams', NULL, 1000.00, NULL, 'kg', 0, 'ingredients/1775208762_How-to-Clean-Clams-3-640x427.webp', '2026-04-03 13:32:42', '2026-04-03 13:32:42'),
(52, NULL, 'Ground egusi (melon seeds)', NULL, 700.00, NULL, 'cup', 20, 'ingredients/1775211206_il_fullxfull.2518132873_oogg_grande-1.webp', '2026-04-03 14:13:26', '2026-04-03 14:13:26'),
(53, NULL, 'Bitter leaf', NULL, 200.00, NULL, 'por', 20, 'ingredients/1775211251_images_(8).jpg', '2026-04-03 14:14:11', '2026-04-03 14:14:11'),
(54, NULL, 'Ground Peanuts', NULL, 800.00, NULL, 'cup', 20, 'ingredients/1775215364_peanut-flour-png.webp', '2026-04-03 15:22:44', '2026-04-03 15:23:32'),
(55, NULL, 'Peanuts Oil', NULL, 6000.00, NULL, 'l', 0, 'ingredients/1775215843_Peanut-oil_baking-ingredients-e1599262279392.jpg', '2026-04-03 15:30:43', '2026-04-03 15:30:43'),
(56, NULL, 'Chicken thighs', NULL, 3000.00, NULL, 'kg', 20, 'ingredients/1775216092_360_F_438466211_HxbbAtbGN7KCYWUlEPVeHR7zG8Q8OsTW.jpg', '2026-04-03 15:34:52', '2026-04-03 15:34:52'),
(57, NULL, 'Offal meat', NULL, 5000.00, NULL, 'kg', 20, 'ingredients/1775217110_images_(9).jpg', '2026-04-03 15:51:50', '2026-04-03 15:51:50'),
(58, 7, 'Jute leaves', NULL, 500.00, NULL, 'por', 20, 'ingredients/1775226073_images_(10).jpg', '2026-04-03 18:21:13', '2026-04-03 18:21:13'),
(59, NULL, 'Yam Flour', NULL, 3000.00, NULL, 'cup', 10, 'ingredients/1775233454_image.webp', '2026-04-03 20:24:14', '2026-04-03 20:24:14'),
(60, NULL, 'Thai kitchen organic coconut milk', NULL, 4000.00, NULL, 'kg', 10, 'ingredients/1775468933_image_6f93e0a3-d173-43a8-a657-7cc855d4e7b4_grande.webp', '2026-04-06 13:48:53', '2026-04-06 13:48:53'),
(61, NULL, 'Cinnamon', NULL, 2000.00, NULL, 'g', 0, 'ingredients/1775469592_Screenshot_20240714_180607_Samsung-Internet.jpg', '2026-04-06 13:59:52', '2026-04-06 13:59:52'),
(62, NULL, 'Cumin', NULL, 2000.00, NULL, 'g', 0, 'ingredients/1775470261_BMSSJ06B-2.webp', '2026-04-06 14:11:01', '2026-04-06 14:11:01'),
(63, NULL, 'Coconut Oil', NULL, 4000.00, NULL, 'l', 0, 'ingredients/1775470831_51dzZlGfjwL.jpg', '2026-04-06 14:20:31', '2026-04-06 14:20:31'),
(64, 7, 'Cabbage', NULL, 3000.00, NULL, 'kg', 20, 'ingredients/1775471771_images_(11).jpg', '2026-04-06 14:36:11', '2026-04-06 14:36:11'),
(65, NULL, 'Tomato paste', NULL, 1000.00, NULL, 'g', 20, 'ingredients/1775471944_PR810-066f5735b83b42.webp', '2026-04-06 14:39:04', '2026-04-06 14:39:04'),
(66, 7, 'Scallions', NULL, 2000.00, NULL, 'g', 0, 'ingredients/1775473592_Image-of-chives-finely-diced-with-chive-shoots-in-the-background-1400.jpeg', '2026-04-06 15:06:32', '2026-04-06 15:06:32'),
(67, 9, 'Abachas', NULL, 2000.00, NULL, 'cup', 0, 'ingredients/1775477057_abacha_sack.webp', '2026-04-06 16:04:17', '2026-04-10 12:31:36'),
(68, NULL, 'Potash (Akanwu)', NULL, 2000.00, NULL, 'g', 20, 'ingredients/1775477412_images_(12).jpg', '2026-04-06 16:10:12', '2026-04-06 16:10:12'),
(69, NULL, 'Ugba (Ukpaka)', NULL, 2000.00, NULL, 'cup', 0, 'ingredients/1775477496_uka.jpeg', '2026-04-06 16:11:36', '2026-04-06 16:11:36'),
(70, 7, 'Utazi leaves', NULL, 500.00, NULL, 'cup', 10, 'ingredients/1775477817_image_(1).webp', '2026-04-06 16:16:57', '2026-04-06 16:16:57'),
(71, NULL, 'Ground Ehu (calabash nutmeg)', NULL, 500.00, NULL, 'g', 10, 'ingredients/1775477981_ca_ehuru04g.jpg', '2026-04-06 16:19:41', '2026-04-06 16:19:41'),
(72, 7, 'Garden eggs', NULL, 1000.00, NULL, 'g', 20, 'ingredients/1775479397_garden-egg.webp', '2026-04-06 16:43:17', '2026-04-06 16:43:17'),
(73, NULL, 'ponmo (cow skin)', NULL, 1000.00, NULL, 'g', 20, 'ingredients/1775481445_il_340x270.4636398918_fxbe.webp', '2026-04-06 17:17:25', '2026-04-21 19:56:32'),
(74, 7, 'Ewedu leaf', NULL, 1000.00, NULL, 'por', 20, 'ingredients/1775484061_ewedu-leaves.webp', '2026-04-06 18:01:01', '2026-04-06 18:01:01'),
(75, NULL, 'Fresh Oha leaves (Ora)', NULL, 1000.00, NULL, 'por', 0, 'ingredients/1775485226_photo.jpg', '2026-04-06 18:20:26', '2026-04-06 18:20:26'),
(76, NULL, 'Cocoyam (Ede)', NULL, 2000.00, NULL, 'kg', 10, 'ingredients/1775485916_images_(13).jpg', '2026-04-06 18:31:56', '2026-04-06 18:31:56'),
(77, NULL, 'Ogiri (fermented castor seeds)', NULL, 1000.00, NULL, 'cup', 0, 'ingredients/1775486085_images_(14).jpg', '2026-04-06 18:34:45', '2026-04-06 18:34:45'),
(78, NULL, 'Uziza leaves', NULL, 500.00, NULL, 'piece', 20, 'ingredients/1775487134_Uzizaleaf.jpg', '2026-04-06 18:52:14', '2026-04-06 18:52:14'),
(79, NULL, 'Rice', NULL, 500.00, NULL, 'cup', 20, 'ingredients/1775489719_11_1000px.jpg', '2026-04-06 19:35:19', '2026-04-06 19:35:19'),
(80, NULL, 'Scotch bonnet pepper', NULL, 500.00, NULL, 'por', 20, 'ingredients/1775490298_Scotch_Bonnet_1400x.webp', '2026-04-06 19:44:58', '2026-04-10 20:45:41'),
(81, NULL, 'Tatashe', NULL, 500.00, NULL, 'por', 20, 'ingredients/1775490441_Tatashe.jpg', '2026-04-06 19:47:21', '2026-04-06 19:47:21'),
(82, NULL, 'Bay leaves', NULL, 1000.00, NULL, 'piece', 10, 'ingredients/1775490869_Bay-leaves.webp', '2026-04-06 19:54:29', '2026-04-06 19:54:29'),
(83, NULL, 'Green peas', NULL, 2000.00, NULL, 'cup', 20, 'ingredients/1775493621_Sauteed-Peas-square.jpeg', '2026-04-06 20:40:21', '2026-04-06 20:40:21'),
(84, NULL, 'Carrots', NULL, 1000.00, NULL, 'cup', 10, 'ingredients/1775493855_Carrot-PNG-Clipart.webp', '2026-04-06 20:44:15', '2026-04-06 20:44:15'),
(85, NULL, 'Beef Liver', NULL, 1000.00, NULL, 'kg', 20, 'ingredients/1775494388_60afbbebe4b13c60e0890a2e_6ba07f4a-52b3-43d6-89f0-12d3fde8458a.jpeg', '2026-04-06 20:53:08', '2026-04-06 20:53:08'),
(86, NULL, 'Coconut Milk', NULL, 1200.00, NULL, 'kg', 10, 'ingredients/1775497746_Coconut-Milk.jpg', '2026-04-06 21:49:06', '2026-04-06 21:49:06'),
(87, NULL, 'Beans', NULL, 350.00, NULL, 'cup', 20, 'ingredients/1775647590_71dJaXPLf6L._AC_UF350,350_QL80_.jpg', '2026-04-08 15:26:30', '2026-04-08 15:26:30'),
(88, NULL, 'Ripe Plantain', NULL, 2000.00, NULL, 'kg', 20, 'ingredients/1775649631_1723660123989524.webp', '2026-04-08 16:00:31', '2026-04-08 16:00:31'),
(89, NULL, 'Corn', NULL, 500.00, NULL, 'cup', 20, 'ingredients/1775652897_0x0-beyond-taste-the-many-health-benefits-of-corn-1546803009016.jpg', '2026-04-08 16:54:57', '2026-04-08 16:54:57'),
(90, NULL, 'Sweet corn', NULL, 3000.00, NULL, 'g', 20, 'ingredients/1775655783_spmex3587_311fd545-f969-4240-8fc1-43f2569ab354.jpg', '2026-04-08 17:43:03', '2026-04-08 17:43:03'),
(91, NULL, 'Sesame oil', NULL, 3000.00, NULL, 'g', 20, 'ingredients/1775655985_Amoy-Blended-Sesame-Oil-150-ml-Supermart-ng-4602.jpg', '2026-04-08 17:46:25', '2026-04-08 17:46:25'),
(92, NULL, 'Soy sauce', NULL, 4000.00, NULL, 'g', 20, 'ingredients/1775656470_00041390000010_A1N1___15.webp', '2026-04-08 17:54:30', '2026-04-08 17:54:30'),
(93, 7, 'Spring onions', NULL, 2000.00, NULL, 'por', 0, 'ingredients/1775657250_spring-onions.webp', '2026-04-08 18:07:30', '2026-04-08 18:07:30'),
(94, NULL, 'Potatoes', NULL, 500.00, NULL, 'kg', 20, 'ingredients/1775665981_b478340e-b74f-407e-8794-92ed578a17e0.jpeg', '2026-04-08 20:33:01', '2026-04-08 20:33:01'),
(95, NULL, 'Flour', NULL, 1000.00, NULL, 'cup', 20, 'ingredients/1775667462_SQ-how-to-measure-flour-correctly.jpg', '2026-04-08 20:57:42', '2026-04-08 20:57:42'),
(96, NULL, 'Garlic Powder', NULL, 3000.00, NULL, 'ml', 20, 'ingredients/1775667945_00066200001872_A1C1.webp', '2026-04-08 21:05:45', '2026-04-08 21:05:45'),
(97, NULL, 'Onions Powder', NULL, 1000.00, NULL, 'ml', 20, 'ingredients/1775668148_Bad-00003-1.png', '2026-04-08 21:09:08', '2026-04-08 21:09:08'),
(98, NULL, 'Cod Fish', NULL, 1000.00, NULL, 'kg', 20, 'ingredients/1775817950_pc13_ec2545cd-3574-4cbb-8723-7dd6b7372e54_2048x.webp', '2026-04-10 14:45:50', '2026-04-10 14:45:50'),
(99, NULL, 'Plain Panko Bread Crumbs', NULL, 2000.00, NULL, 'g', 20, 'ingredients/1775820690_87500-plain-panko-bread-crumbs-main-600.png', '2026-04-10 15:31:30', '2026-04-10 15:31:30'),
(100, NULL, 'Vegetable oil', NULL, 2000.00, NULL, 'l', 20, 'ingredients/1775821540_Cooking-Oil-Vgtable-Oil-Power-750Ml-1699.99.jpg', '2026-04-10 15:45:40', '2026-04-10 15:45:40'),
(101, NULL, 'Uziza seeds', NULL, 500.00, NULL, 'cup', 20, 'ingredients/1775829130_Uziza.jpg', '2026-04-10 17:52:10', '2026-04-10 17:52:10'),
(102, NULL, 'Uda (negro pepper)', NULL, 500.00, NULL, 'cup', 20, 'ingredients/1775829695_Screenshot-370.png', '2026-04-10 18:01:35', '2026-04-10 18:01:35'),
(103, NULL, 'Crab', NULL, 1000.00, NULL, 'kg', 0, 'ingredients/1775829821_Crab.jpg', '2026-04-10 18:03:41', '2026-04-10 18:03:41'),
(104, NULL, 'Butter', NULL, 2000.00, NULL, 'g', 20, 'ingredients/1775833698_1664672981986-600x600.webp', '2026-04-10 19:08:18', '2026-04-10 19:08:18'),
(105, NULL, 'Milk', NULL, 1200.00, NULL, 'g', 20, 'ingredients/1775836117_Peak_liquid_milk_Nig20200203102404129799-20220406073533461915.jpg', '2026-04-10 19:48:37', '2026-04-10 19:48:37'),
(106, NULL, 'Golden Penny Spaghetti', NULL, 1200.00, NULL, 'g', 20, 'ingredients/1775837700_1-544.jpg', '2026-04-10 20:15:00', '2026-04-10 20:15:00'),
(107, NULL, 'Fettuccine pasta', NULL, 2000.00, NULL, 'g', 0, 'ingredients/1775841424_raw-pasta-fettuccine.webp', '2026-04-10 21:17:04', '2026-04-10 21:17:04'),
(108, NULL, 'Heavy cream', NULL, 2000.00, NULL, 'cup', 0, 'ingredients/1775842553_horizon-organic-heavy-whipping-cream-v2.webp', '2026-04-10 21:35:53', '2026-04-10 21:35:53'),
(109, NULL, 'Grated Parmesan cheese', NULL, 2000.00, NULL, 'cup', 0, 'ingredients/1775842725_images_(15).jpg', '2026-04-10 21:38:45', '2026-04-10 21:38:45'),
(110, NULL, 'Rice stick', NULL, 2000.00, NULL, 'g', 0, 'ingredients/1775843637_MartKing-Rice-stick.jpg', '2026-04-10 21:53:57', '2026-04-10 21:53:57'),
(111, NULL, 'Sugar', NULL, 500.00, NULL, 'g', 20, 'ingredients/1775843764_Dangote_Sugar_(250g)-1718221477387.jpg', '2026-04-10 21:56:04', '2026-04-10 21:56:04'),
(112, NULL, 'Red chili pepper', NULL, 500.00, NULL, 'por', 10, 'ingredients/1775844027_redchilipepper.webp', '2026-04-10 22:00:27', '2026-04-10 22:00:27'),
(113, NULL, 'Oyster sauce', NULL, 2000.00, NULL, 'g', 10, 'ingredients/1775844253_BAZ06218_91aa9164-5fab-4555-b5d4-2b1207b63aa1.webp', '2026-04-10 22:04:13', '2026-04-10 22:04:13'),
(114, NULL, 'Sriracha sauce', NULL, 2000.00, NULL, 'g', 0, 'ingredients/1775845087_spxvl2384_85397b78-1f7e-4419-90f0-eadfb7ce9344.webp', '2026-04-10 22:18:07', '2026-04-10 22:18:07'),
(115, NULL, 'Brown sugar', NULL, 2000.00, NULL, 'g', 20, 'ingredients/1775845380_1709201079338.webp', '2026-04-10 22:23:00', '2026-04-10 22:23:00'),
(116, NULL, 'Red pepper flakes', NULL, 1000.00, NULL, 'cup', 10, 'ingredients/1775845877_114150182-C1N1.webp', '2026-04-10 22:31:17', '2026-04-10 22:31:17'),
(117, NULL, 'Green bell pepper', NULL, 200.00, NULL, 'por', 20, 'ingredients/1776246552_images_(16).jpg', '2026-04-15 14:49:12', '2026-04-15 14:49:12'),
(118, NULL, 'Paprika', NULL, 1000.00, NULL, 'g', 20, 'ingredients/1776246950_images_(17).jpg', '2026-04-15 14:55:50', '2026-04-15 14:55:50'),
(119, NULL, 'Rosemary Dried Leaves', NULL, 1000.00, NULL, 'g', 20, 'ingredients/1776247106_71St0Ex8BGL._AC_UF894,1000_QL80_.jpg', '2026-04-15 14:58:26', '2026-04-15 14:58:26'),
(120, NULL, 'Macaroni', NULL, 1000.00, NULL, 'g', 20, 'ingredients/1776247792_CS068.webp', '2026-04-15 15:09:52', '2026-04-15 15:09:52'),
(121, NULL, 'Shredded cheese', NULL, 2000.00, NULL, 'g', 0, 'ingredients/1776248229_images_(18).jpg', '2026-04-15 15:17:09', '2026-04-15 15:17:09'),
(122, NULL, 'Ground Black Pepper', NULL, 1000.00, NULL, 'g', 20, 'ingredients/1776248360_images_(19).jpg', '2026-04-15 15:19:20', '2026-04-15 15:19:20'),
(123, NULL, 'Oregano', NULL, 2500.00, NULL, 'g', 20, 'ingredients/1776250265_spspot2882.webp', '2026-04-15 15:51:05', '2026-04-15 15:51:05'),
(124, NULL, 'Celery stalk', NULL, 1000.00, NULL, 'por', 0, 'ingredients/1776260599_images_(21).jpg', '2026-04-15 18:43:19', '2026-04-15 18:43:19'),
(125, NULL, 'Basil Leaves', NULL, 1000.00, NULL, 'g', 20, 'ingredients/1776260972_Basil_Leaves_(Spice_Supreme)-1718621318706.jpg', '2026-04-15 18:49:32', '2026-04-15 18:49:32'),
(126, NULL, 'Penne pasta', NULL, 5000.00, NULL, 'g', 10, 'ingredients/1776266092_penne.png', '2026-04-15 20:14:52', '2026-04-15 20:14:52'),
(127, 7, 'Broccoli', NULL, 1000.00, NULL, 'por', 0, 'ingredients/1776418075_What_to_do_with_broccoli-1-1024x768.jpg', '2026-04-17 14:27:55', '2026-04-17 14:27:55'),
(128, NULL, 'Shredded Beef', NULL, 2000.00, NULL, 'g', 0, 'ingredients/1776418367_shredded_beef.jpg', '2026-04-17 14:32:47', '2026-04-17 14:32:47'),
(129, NULL, 'Panla Fish', NULL, 1000.00, NULL, 'g', 0, 'ingredients/1776418946_PR864-066f6c20f21bb9.png', '2026-04-17 14:42:26', '2026-04-17 14:42:26'),
(130, NULL, 'Turmeric powder', NULL, 1000.00, NULL, 'g', 0, 'ingredients/1776420317_1699739387177-600x600.webp', '2026-04-17 15:05:17', '2026-04-17 15:05:17'),
(131, NULL, 'Ground coriander', NULL, 1000.00, NULL, 'g', 0, 'ingredients/1776420451_2c7201b6-4d15-4641-aad4-6f4cdd62a875.851d6ffb2a7ee44cd1eb68f03380c1a1-1719038820660.jpeg', '2026-04-17 15:07:31', '2026-04-17 15:07:31'),
(132, NULL, 'Corn flour', NULL, 1000.00, NULL, 'g', 0, 'ingredients/1776421037_images_(23).jpg', '2026-04-17 15:17:17', '2026-04-17 15:17:17'),
(133, NULL, 'Red Potatoes', NULL, 1000.00, NULL, 'kg', 20, 'ingredients/1776422006_000318983-1.jpg', '2026-04-17 15:33:26', '2026-04-17 15:33:26'),
(134, NULL, 'Smoked sausage', NULL, 2000.00, NULL, 'g', 20, 'ingredients/1776422855_Eckrich_Skinless_Original_14oz_Beauty_Shot_20027815005123.webp', '2026-04-17 15:47:35', '2026-04-17 15:47:35'),
(135, NULL, 'Old Bay seasoning', NULL, 2000.00, NULL, 'g', 0, 'ingredients/1776423400_105250654-C1N1.webp', '2026-04-17 15:56:40', '2026-04-17 15:56:40'),
(136, NULL, 'Lemon', NULL, 1000.00, NULL, 'kg', 20, 'ingredients/1776423872_omwpxyz72.webp', '2026-04-17 16:04:32', '2026-04-17 16:04:32'),
(137, NULL, 'Yam', NULL, 2000.00, NULL, 'kg', 0, 'ingredients/1776426485_image_b8c97b13-5c63-4a70-af5f-8ebbfd75090c_530x@2x.webp', '2026-04-17 16:48:05', '2026-04-17 16:48:05'),
(138, NULL, 'Ground uziza seeds', NULL, 1000.00, NULL, 'g', 20, 'ingredients/1776427958_images_(24).jpg', '2026-04-17 17:12:38', '2026-04-17 17:12:38'),
(139, NULL, 'Atama leaves', NULL, 500.00, NULL, 'por', 20, 'ingredients/1776437823_images_(27).jpg', '2026-04-17 19:57:03', '2026-04-17 19:57:03'),
(140, NULL, 'Sesame Seed', NULL, 1000.00, NULL, 'cup', 0, 'ingredients/1776439295_organic-til-white-sesame.jpg', '2026-04-17 20:21:35', '2026-04-17 20:21:35'),
(142, NULL, 'Afang leaves', NULL, 1000.00, NULL, 'por', 22, 'ingredients/1776865409_8DAuGnTQCLptZgjHUrRAJGcW4y1D4A5QVJJ7zjzqqKdfVHSS6NapSCCCGaLpMsTuPx3ZiESh4He1LqcL6E4Ry73VFW187TaFZ9Y6qhQgKbJQgzhMDKnr18gggvbRoKkhrDPFNeZ5BwmyvMUeM8tdTnf3zTHEvgwBzTLcesgE3jc.jpg', '2026-04-22 18:43:29', '2026-04-22 18:43:29'),
(143, NULL, 'Shell periwinkle', NULL, 500.00, NULL, 'cup', 30, 'ingredients/1776865712_images_(28).jpg', '2026-04-22 18:48:32', '2026-04-22 18:48:32'),
(144, NULL, 'Dice celery', NULL, 1000.00, NULL, 'g', 10, 'ingredients/1776870807_85518_3-8_diced_celery_1_1.jpg', '2026-04-22 20:13:27', '2026-04-22 20:13:27'),
(145, NULL, 'coconut aminos', NULL, 2000.00, NULL, 'g', 0, 'ingredients/1776872343_images_(29).jpg', '2026-04-22 20:39:03', '2026-04-22 20:39:03'),
(146, NULL, 'Shirataki noodles', NULL, 3000.00, NULL, 'g', 0, 'ingredients/1776873640_714vSFd0wrL.jpg', '2026-04-22 21:00:40', '2026-04-22 21:00:40');

-- --------------------------------------------------------

--
-- Table structure for table `ingredient_lga_prices`
--

CREATE TABLE `ingredient_lga_prices` (
  `id` bigint(20) UNSIGNED NOT NULL,
  `ingredient_id` bigint(20) UNSIGNED NOT NULL,
  `lga_id` bigint(20) UNSIGNED NOT NULL,
  `price` decimal(10,2) NOT NULL,
  `discounted_price` decimal(10,2) DEFAULT NULL,
  `created_at` timestamp NULL DEFAULT NULL,
  `updated_at` timestamp NULL DEFAULT NULL
) ENGINE=InnoDB DEFAULT CHARSET=utf8mb4 COLLATE=utf8mb4_unicode_ci;

-- --------------------------------------------------------

--
-- Table structure for table `ingredient_product`
--

CREATE TABLE `ingredient_product` (
  `id` bigint(20) UNSIGNED NOT NULL,
  `product_id` bigint(20) UNSIGNED NOT NULL,
  `ingredient_id` bigint(20) UNSIGNED NOT NULL,
  `quantity` decimal(8,2) DEFAULT NULL,
  `unit` varchar(255) DEFAULT NULL,
  `created_at` timestamp NULL DEFAULT NULL,
  `updated_at` timestamp NULL DEFAULT NULL
) ENGINE=InnoDB DEFAULT CHARSET=utf8mb4 COLLATE=utf8mb4_unicode_ci;

--
-- Dumping data for table `ingredient_product`
--

INSERT INTO `ingredient_product` (`id`, `product_id`, `ingredient_id`, `quantity`, `unit`, `created_at`, `updated_at`) VALUES
(8, 6, 2, 1.00, 'piece', '2025-05-18 12:37:31', '2025-05-18 12:37:31'),
(13, 7, 2, NULL, NULL, '2025-09-10 07:27:54', '2025-09-10 07:27:54'),
(25, 11, 6, 3.00, 'cup', '2026-01-14 13:57:02', '2026-01-14 13:57:02'),
(26, 11, 2, 2.00, 'por', '2026-01-14 13:57:02', '2026-01-14 13:57:02'),
(27, 11, 3, 1.00, 'l', '2026-01-14 13:57:02', '2026-01-14 13:57:02'),
(28, 11, 4, 2.00, 'por', '2026-01-14 13:57:02', '2026-01-14 13:57:02'),
(46, 1, 4, NULL, 'cup', '2026-01-26 16:33:18', '2026-04-22 18:08:29'),
(51, 8, 3, 1.00, 'cup', '2026-01-26 16:47:02', '2026-04-13 17:30:23'),
(53, 16, 4, NULL, NULL, '2026-01-26 16:49:14', '2026-01-26 16:49:14'),
(54, 17, 7, 1.00, 'kg', '2026-01-26 17:22:34', '2026-01-26 17:22:34'),
(55, 17, 9, 1.00, 'l', '2026-01-26 17:22:34', '2026-01-26 17:22:34'),
(56, 18, 4, 1.00, 'por', '2026-01-26 17:25:25', '2026-01-26 17:25:25'),
(57, 18, 7, 1.00, 'kg', '2026-01-26 17:25:25', '2026-01-26 17:25:25'),
(58, 19, 2, 1.00, 'g', '2026-03-24 20:12:12', '2026-03-24 20:18:07'),
(59, 19, 4, 1.00, 'cup', '2026-03-24 20:12:12', '2026-03-24 20:18:07'),
(60, 19, 3, 1.00, 'l', '2026-03-24 20:12:12', '2026-03-24 20:18:07'),
(61, 20, 4, 1.00, 'cup', '2026-03-24 20:25:07', '2026-03-24 20:29:33'),
(62, 20, 2, 1.00, 'kg', '2026-03-24 20:25:07', '2026-03-24 20:29:33'),
(63, 20, 7, 1.00, 'cup', '2026-03-24 20:25:07', '2026-03-24 20:29:33'),
(64, 20, 8, 1.00, 'por', '2026-03-24 20:25:07', '2026-03-24 20:29:33'),
(65, 21, 2, 1.00, 'g', '2026-03-24 21:17:32', '2026-04-22 19:48:00'),
(67, 21, 1, 1.00, 'por', '2026-03-24 21:17:32', '2026-04-22 19:48:00'),
(68, 21, 4, 1.00, 'por', '2026-03-24 21:17:32', '2026-04-22 19:48:00'),
(71, 23, 9, 1.00, 'l', '2026-04-01 15:14:51', '2026-04-22 18:32:03'),
(72, 23, 15, 1.00, 'por', '2026-04-01 15:39:43', '2026-04-22 18:32:03'),
(73, 23, 8, 1.00, 'por', '2026-04-01 15:39:43', '2026-04-22 18:32:03'),
(74, 23, 4, 1.00, 'tsp', '2026-04-01 15:39:43', '2026-04-22 18:32:03'),
(75, 23, 14, 1.00, 'piece', '2026-04-01 15:39:43', '2026-04-22 18:32:03'),
(76, 24, 5, 1.00, 'cup', '2026-04-01 18:10:19', '2026-04-01 18:54:41'),
(78, 24, 13, 1.00, 'por', '2026-04-01 18:10:19', '2026-04-01 18:54:41'),
(79, 24, 2, 1.00, 'por', '2026-04-01 18:10:19', '2026-04-01 18:54:41'),
(80, 24, 21, 1.00, 'por', '2026-04-01 18:10:19', '2026-04-01 18:54:41'),
(81, 24, 25, 1.00, 'piece', '2026-04-01 18:10:19', '2026-04-01 18:54:41'),
(82, 24, 32, 1.00, 'por', '2026-04-01 18:11:59', '2026-04-01 18:54:41'),
(84, 24, 33, 1.00, 'cup', '2026-04-01 18:37:45', '2026-04-01 18:54:41'),
(85, 24, 34, 1.00, 'por', '2026-04-01 18:54:41', '2026-04-01 18:54:41'),
(86, 25, 7, 1.00, 'kg', '2026-04-01 19:22:47', '2026-04-01 19:24:18'),
(87, 25, 9, 1.00, 'kg', '2026-04-01 19:22:47', '2026-04-01 19:24:18'),
(88, 25, 8, 1.00, 'por', '2026-04-01 19:22:47', '2026-04-01 19:24:18'),
(89, 25, 29, 1.00, 'por', '2026-04-01 19:22:47', '2026-04-01 19:24:18'),
(90, 25, 18, 1.00, 'piece', '2026-04-01 19:22:47', '2026-04-01 19:24:18'),
(91, 25, 16, 1.00, 'tsp', '2026-04-01 19:24:18', '2026-04-01 19:24:18'),
(92, 26, 22, 1.00, 'kg', '2026-04-01 20:06:06', '2026-04-03 21:24:17'),
(93, 26, 9, 1.00, 'l', '2026-04-01 20:06:06', '2026-04-03 21:24:17'),
(94, 26, 34, 1.00, 'por', '2026-04-01 20:06:06', '2026-04-03 21:24:17'),
(95, 26, 16, 1.00, 'tsp', '2026-04-01 20:09:06', '2026-04-03 21:24:17'),
(96, 26, 29, 1.00, 'por', '2026-04-01 20:09:06', '2026-04-03 21:24:17'),
(97, 26, 8, 1.00, 'por', '2026-04-01 20:09:06', '2026-04-03 21:24:17'),
(98, 26, 18, 1.00, 'piece', '2026-04-01 20:09:06', '2026-04-03 21:24:17'),
(99, 27, 21, 1.00, 'kg', '2026-04-01 20:13:32', '2026-04-02 15:12:29'),
(100, 27, 9, 1.00, 'kg', '2026-04-01 20:28:05', '2026-04-02 15:12:29'),
(101, 27, 8, 1.00, 'por', '2026-04-01 20:28:05', '2026-04-02 15:12:29'),
(102, 27, 16, 1.00, 'tsp', '2026-04-01 20:28:05', '2026-04-02 15:12:29'),
(103, 27, 34, 1.00, 'por', '2026-04-01 20:28:05', '2026-04-02 15:12:29'),
(104, 27, 29, 1.00, 'por', '2026-04-01 20:28:05', '2026-04-02 15:12:29'),
(105, 27, 18, 1.00, 'piece', '2026-04-01 20:28:57', '2026-04-02 15:12:29'),
(106, 28, 35, 1.00, 'kg', '2026-04-01 20:47:59', '2026-04-22 18:33:42'),
(107, 28, 8, 1.00, 'por', '2026-04-01 20:47:59', '2026-04-22 18:33:42'),
(108, 28, 9, 1.00, 'l', '2026-04-01 20:47:59', '2026-04-22 18:33:42'),
(109, 28, 18, 1.00, 'piece', '2026-04-01 20:47:59', '2026-04-22 18:33:42'),
(110, 28, 17, 1.00, 'kg', '2026-04-01 20:47:59', '2026-04-22 18:33:42'),
(111, 28, 29, 1.00, 'por', '2026-04-01 20:47:59', '2026-04-22 18:33:42'),
(112, 29, 21, 1.00, 'kg', '2026-04-01 21:46:09', '2026-04-02 13:32:30'),
(113, 29, 36, 1.00, 'por', '2026-04-01 21:46:09', '2026-04-02 13:32:30'),
(114, 29, 37, 1.00, 'por', '2026-04-01 21:46:09', '2026-04-02 13:32:30'),
(115, 29, 29, 1.00, 'por', '2026-04-01 21:46:09', '2026-04-02 13:32:30'),
(116, 29, 18, 1.00, 'piece', '2026-04-01 21:46:09', '2026-04-02 13:32:30'),
(117, 29, 2, 1.00, 'por', '2026-04-02 13:32:30', '2026-04-02 13:32:30'),
(118, 30, 21, 1.00, 'kg', '2026-04-02 14:47:29', '2026-04-06 18:15:27'),
(119, 30, 8, 1.00, 'por', '2026-04-02 14:47:29', '2026-04-06 18:15:27'),
(120, 30, 3, 1.00, 'l', '2026-04-02 14:47:29', '2026-04-06 18:15:27'),
(121, 30, 2, 1.00, 'por', '2026-04-02 14:47:29', '2026-04-06 18:15:27'),
(122, 30, 38, 1.00, 'por', '2026-04-02 14:47:29', '2026-04-06 18:15:27'),
(123, 30, 37, 1.00, 'cup', '2026-04-02 14:47:29', '2026-04-06 18:15:27'),
(124, 30, 34, 1.00, 'por', '2026-04-02 14:48:29', '2026-04-06 18:15:27'),
(125, 31, 39, 1.00, 'kg', '2026-04-02 15:29:08', '2026-04-02 17:13:59'),
(126, 31, 40, 1.00, 'kg', '2026-04-02 15:38:18', '2026-04-02 17:13:59'),
(127, 31, 8, 1.00, 'por', '2026-04-02 15:38:18', '2026-04-02 17:13:59'),
(128, 31, 37, 1.00, 'cup', '2026-04-02 15:38:18', '2026-04-02 17:13:59'),
(129, 31, 9, 1.00, 'l', '2026-04-02 15:38:18', '2026-04-02 17:13:59'),
(130, 32, 41, 1.00, 'kg', '2026-04-02 18:03:08', '2026-04-02 18:10:39'),
(131, 32, 42, 1.00, 'kg', '2026-04-02 18:03:08', '2026-04-02 18:10:39'),
(132, 32, 2, 1.00, 'por', '2026-04-02 18:03:08', '2026-04-02 18:10:39'),
(133, 32, 37, 1.00, 'por', '2026-04-02 18:03:08', '2026-04-02 18:10:39'),
(134, 32, 14, 1.00, 'g', '2026-04-02 18:03:08', '2026-04-02 18:10:39'),
(135, 32, 32, 1.00, 'kg', '2026-04-02 18:06:55', '2026-04-02 18:10:39'),
(136, 33, 44, 1.00, 'cup', '2026-04-02 18:40:43', '2026-04-02 19:02:41'),
(137, 33, 3, 1.00, 'l', '2026-04-02 18:40:43', '2026-04-02 19:02:41'),
(138, 33, 2, 1.00, 'por', '2026-04-02 18:40:43', '2026-04-02 19:02:41'),
(139, 33, 37, 1.00, 'cup', '2026-04-02 18:40:43', '2026-04-02 19:02:41'),
(140, 33, 45, 1.00, 'kg', '2026-04-02 18:43:50', '2026-04-02 19:02:41'),
(141, 33, 46, 1.00, 'kg', '2026-04-02 18:54:40', '2026-04-02 19:02:41'),
(142, 33, 38, 1.00, 'por', '2026-04-02 18:55:24', '2026-04-02 19:02:41'),
(143, 34, 42, 1.00, 'kg', '2026-04-02 19:42:00', '2026-04-02 19:44:41'),
(144, 34, 37, 1.00, 'cup', '2026-04-02 19:42:00', '2026-04-02 19:44:41'),
(145, 34, 34, 1.00, 'por', '2026-04-02 19:42:00', '2026-04-02 19:44:41'),
(146, 34, 2, 1.00, 'por', '2026-04-02 19:42:00', '2026-04-02 19:44:41'),
(147, 34, 47, 1.00, 'por', '2026-04-02 19:44:41', '2026-04-02 19:44:41'),
(148, 35, 42, 1.00, 'cup', '2026-04-02 19:55:00', '2026-04-03 13:48:14'),
(150, 35, 2, 1.00, 'por', '2026-04-03 13:33:16', '2026-04-03 13:48:14'),
(151, 35, 32, 1.00, 'kg', '2026-04-03 13:33:16', '2026-04-03 13:48:14'),
(152, 35, 37, 1.00, 'cup', '2026-04-03 13:33:16', '2026-04-03 13:48:14'),
(153, 35, 8, 1.00, 'por', '2026-04-03 13:33:16', '2026-04-03 13:48:14'),
(154, 35, 34, 1.00, 'por', '2026-04-03 13:33:16', '2026-04-03 13:48:14'),
(155, 35, 29, 1.00, 'por', '2026-04-03 13:33:16', '2026-04-03 13:48:14'),
(156, 35, 9, 1.00, 'l', '2026-04-03 13:33:16', '2026-04-03 13:48:14'),
(157, 35, 51, 1.00, 'kg', '2026-04-03 13:34:52', '2026-04-03 13:48:14'),
(158, 35, 50, 1.00, 'cup', '2026-04-03 13:34:52', '2026-04-03 13:48:14'),
(159, 35, 49, 1.00, 'kg', '2026-04-03 13:34:52', '2026-04-03 13:48:14'),
(160, 35, 14, 1.00, 'g', '2026-04-03 13:48:14', '2026-04-03 13:48:14'),
(161, 37, 25, 1.00, 'kg', '2026-04-03 14:07:56', '2026-04-03 15:08:46'),
(162, 37, 15, 1.00, 'kg', '2026-04-03 14:07:56', '2026-04-03 15:08:46'),
(163, 37, 3, 1.00, 'l', '2026-04-03 14:16:38', '2026-04-03 15:08:46'),
(164, 37, 29, 1.00, 'por', '2026-04-03 14:16:38', '2026-04-03 15:08:46'),
(165, 37, 8, 1.00, 'por', '2026-04-03 14:16:38', '2026-04-03 15:08:46'),
(166, 37, 53, 1.00, 'por', '2026-04-03 14:44:26', '2026-04-03 15:08:46'),
(167, 37, 52, 1.00, 'cup', '2026-04-03 14:44:26', '2026-04-03 15:08:46'),
(168, 37, 48, 1.00, 'por', '2026-04-03 14:44:26', '2026-04-03 15:08:46'),
(169, 37, 2, 1.00, 'por', '2026-04-03 14:44:26', '2026-04-03 15:08:46'),
(170, 38, 54, 1.00, 'cup', '2026-04-03 15:30:51', '2026-04-03 15:43:44'),
(172, 38, 55, 1.00, 'l', '2026-04-03 15:35:02', '2026-04-03 15:43:44'),
(173, 38, 34, 1.00, 'por', '2026-04-03 15:35:02', '2026-04-03 15:43:44'),
(174, 38, 29, 1.00, 'por', '2026-04-03 15:35:02', '2026-04-03 15:43:44'),
(175, 38, 8, 1.00, 'por', '2026-04-03 15:35:02', '2026-04-03 15:43:44'),
(176, 38, 2, 1.00, 'por', '2026-04-03 15:35:02', '2026-04-03 15:43:44'),
(177, 38, 38, 1.00, 'por', '2026-04-03 15:35:02', '2026-04-03 15:43:44'),
(178, 38, 37, 1.00, 'cup', '2026-04-03 15:35:02', '2026-04-03 15:43:44'),
(179, 38, 56, 1.00, 'kg', '2026-04-03 15:35:41', '2026-04-03 15:43:44'),
(180, 39, 57, 1.00, 'kg', '2026-04-03 16:01:24', '2026-04-03 21:03:51'),
(181, 39, 36, 1.00, 'por', '2026-04-03 16:01:24', '2026-04-03 21:03:51'),
(182, 39, 48, 1.00, 'por', '2026-04-03 16:01:24', '2026-04-03 21:03:51'),
(183, 39, 29, 1.00, 'por', '2026-04-03 16:01:24', '2026-04-03 21:03:51'),
(184, 40, 47, 1.00, 'por', '2026-04-03 18:00:04', '2026-04-03 21:07:26'),
(185, 40, 15, 1.00, 'kg', '2026-04-03 18:00:04', '2026-04-03 21:07:26'),
(186, 40, 2, 1.00, 'por', '2026-04-03 18:00:04', '2026-04-03 21:07:26'),
(187, 40, 37, 1.00, 'cup', '2026-04-03 18:00:04', '2026-04-03 21:07:26'),
(188, 40, 52, 1.00, 'cup', '2026-04-03 18:00:04', '2026-04-03 21:07:26'),
(189, 40, 3, 1.00, 'l', '2026-04-03 18:00:04', '2026-04-03 21:07:26'),
(190, 41, 58, 1.00, 'por', '2026-04-03 19:03:29', '2026-04-06 18:09:32'),
(191, 41, 37, 1.00, 'cup', '2026-04-03 19:03:29', '2026-04-06 18:09:32'),
(192, 41, 2, 1.00, 'por', '2026-04-03 19:03:29', '2026-04-06 18:09:32'),
(193, 41, 14, 1.00, 'g', '2026-04-03 19:03:29', '2026-04-06 18:09:32'),
(194, 41, 33, 1.00, 'cup', '2026-04-03 19:03:29', '2026-04-06 18:09:32'),
(195, 42, 39, 1.00, 'kg', '2026-04-03 19:53:34', '2026-04-03 19:53:34'),
(196, 42, 36, 1.00, 'por', '2026-04-03 19:53:34', '2026-04-03 19:53:34'),
(197, 42, 48, 1.00, 'por', '2026-04-03 19:53:34', '2026-04-03 19:53:34'),
(198, 42, 14, 1.00, 'g', '2026-04-03 19:53:34', '2026-04-03 19:53:34'),
(199, 42, 47, 1.00, 'por', '2026-04-03 19:53:34', '2026-04-03 19:53:34'),
(200, 43, 46, 1.00, 'kg', '2026-04-03 20:26:50', '2026-04-03 20:55:53'),
(201, 43, 29, 1.00, 'por', '2026-04-03 20:26:50', '2026-04-03 20:55:53'),
(202, 43, 34, 1.00, 'por', '2026-04-03 20:26:50', '2026-04-03 20:55:53'),
(203, 43, 2, 1.00, 'por', '2026-04-03 20:26:50', '2026-04-03 20:55:53'),
(204, 43, 18, 1.00, 'piece', '2026-04-03 20:26:50', '2026-04-03 20:55:53'),
(205, 43, 9, 1.00, 'l', '2026-04-03 20:26:50', '2026-04-03 20:55:53'),
(206, 43, 59, 1.00, 'cup', '2026-04-03 20:54:27', '2026-04-03 20:55:53'),
(207, 44, 39, 1.00, 'kg', '2026-04-03 22:37:10', '2026-04-03 22:46:38'),
(208, 44, 16, 1.00, 'tbsp', '2026-04-03 22:37:10', '2026-04-03 22:46:38'),
(209, 44, 30, 1.00, 'por', '2026-04-03 22:37:10', '2026-04-03 22:46:38'),
(210, 44, 8, 1.00, 'cup', '2026-04-03 22:37:10', '2026-04-03 22:46:38'),
(211, 44, 31, 1.00, 'por', '2026-04-03 22:46:38', '2026-04-03 22:46:38'),
(212, 44, 9, 1.00, 'l', '2026-04-03 22:46:38', '2026-04-03 22:46:38'),
(213, 45, 32, 1.00, 'kg', '2026-04-06 13:50:32', '2026-04-06 14:29:20'),
(214, 45, 60, 1.00, 'kg', '2026-04-06 14:00:24', '2026-04-06 14:29:20'),
(215, 45, 16, 1.00, 'tbsp', '2026-04-06 14:00:24', '2026-04-06 14:29:20'),
(216, 45, 37, 1.00, 'cup', '2026-04-06 14:00:24', '2026-04-06 14:29:20'),
(217, 45, 17, 1.00, 'kg', '2026-04-06 14:00:24', '2026-04-06 14:29:20'),
(218, 45, 30, 1.00, 'por', '2026-04-06 14:00:24', '2026-04-06 14:29:20'),
(219, 45, 31, 1.00, 'por', '2026-04-06 14:00:24', '2026-04-06 14:29:20'),
(220, 45, 61, 1.00, 'g', '2026-04-06 14:11:11', '2026-04-06 14:29:20'),
(221, 45, 62, 1.00, 'g', '2026-04-06 14:20:45', '2026-04-06 14:29:20'),
(222, 45, 63, 1.00, 'l', '2026-04-06 14:29:20', '2026-04-06 14:29:20'),
(223, 46, 15, 1.00, 'kg', '2026-04-06 14:43:37', '2026-04-06 15:07:29'),
(224, 46, 64, 1.00, 'kg', '2026-04-06 14:58:44', '2026-04-06 15:07:29'),
(225, 46, 37, 1.00, 'por', '2026-04-06 14:58:44', '2026-04-06 15:07:29'),
(226, 46, 65, 1.00, 'g', '2026-04-06 14:58:44', '2026-04-06 15:07:29'),
(227, 46, 30, 1.00, 'por', '2026-04-06 14:58:44', '2026-04-06 15:07:29'),
(228, 46, 18, 1.00, 'piece', '2026-04-06 14:58:44', '2026-04-06 15:07:29'),
(229, 46, 2, 1.00, 'por', '2026-04-06 14:58:44', '2026-04-06 15:07:29'),
(230, 46, 9, 1.00, 'l', '2026-04-06 14:58:44', '2026-04-06 15:07:29'),
(231, 46, 66, 1.00, 'g', '2026-04-06 15:07:29', '2026-04-06 15:07:29'),
(232, 8, 67, 1.00, 'cup', '2026-04-06 17:25:51', '2026-04-13 17:30:23'),
(233, 8, 68, 1.00, 'g', '2026-04-06 17:45:38', '2026-04-13 17:30:23'),
(234, 8, 71, 1.00, 'g', '2026-04-06 17:45:38', '2026-04-13 17:30:23'),
(235, 8, 25, 1.00, 'kg', '2026-04-06 17:45:38', '2026-04-13 17:30:23'),
(236, 8, 72, 1.00, 'g', '2026-04-06 17:45:38', '2026-04-13 17:30:23'),
(237, 8, 73, 1.00, 'kg', '2026-04-06 17:45:38', '2026-04-13 17:30:23'),
(238, 8, 29, 1.00, 'por', '2026-04-06 17:45:38', '2026-04-13 17:30:23'),
(239, 8, 69, 1.00, 'cup', '2026-04-06 17:45:38', '2026-04-13 17:30:23'),
(240, 8, 70, 1.00, 'cup', '2026-04-06 17:45:38', '2026-04-13 17:30:23'),
(241, 8, 2, 1.00, 'por', '2026-04-06 17:45:38', '2026-04-13 17:30:23'),
(242, 47, 76, 1.00, 'kg', '2026-04-06 18:50:12', '2026-04-06 18:53:05'),
(243, 47, 75, 1.00, 'por', '2026-04-06 18:50:12', '2026-04-06 18:53:05'),
(244, 47, 15, 1.00, 'kg', '2026-04-06 18:50:12', '2026-04-06 18:53:05'),
(245, 47, 21, 1.00, 'kg', '2026-04-06 18:50:12', '2026-04-06 18:53:05'),
(246, 47, 26, 1.00, 'kg', '2026-04-06 18:50:12', '2026-04-06 18:53:05'),
(247, 47, 23, 1.00, 'por', '2026-04-06 18:50:12', '2026-04-06 18:53:05'),
(248, 47, 2, 1.00, 'por', '2026-04-06 18:50:12', '2026-04-06 18:53:05'),
(249, 47, 4, 1.00, 'por', '2026-04-06 18:50:12', '2026-04-06 18:53:05'),
(250, 47, 3, 1.00, 'l', '2026-04-06 18:50:12', '2026-04-06 18:53:05'),
(251, 47, 14, 1.00, 'g', '2026-04-06 18:50:12', '2026-04-06 18:53:05'),
(252, 47, 78, 1.00, 'piece', '2026-04-06 18:53:05', '2026-04-06 18:53:05'),
(253, 48, 79, 1.00, 'cup', '2026-04-06 20:04:04', '2026-04-06 20:12:59'),
(254, 48, 7, 1.00, 'kg', '2026-04-06 20:04:04', '2026-04-06 20:12:59'),
(255, 48, 9, 1.00, 'l', '2026-04-06 20:04:04', '2026-04-06 20:12:59'),
(256, 48, 81, 1.00, 'por', '2026-04-06 20:04:04', '2026-04-06 20:12:59'),
(257, 48, 80, 1.00, 'por', '2026-04-06 20:04:04', '2026-04-06 20:12:59'),
(258, 48, 29, 1.00, 'por', '2026-04-06 20:04:04', '2026-04-06 20:12:59'),
(259, 48, 82, 1.00, 'piece', '2026-04-06 20:04:04', '2026-04-06 20:12:59'),
(260, 48, 16, 1.00, 'tbsp', '2026-04-06 20:04:04', '2026-04-06 20:12:59'),
(261, 48, 18, 1.00, 'tsp', '2026-04-06 20:04:04', '2026-04-06 20:12:59'),
(262, 48, 65, 1.00, 'g', '2026-04-06 20:04:04', '2026-04-06 20:12:59'),
(263, 48, 8, 1.00, 'por', '2026-04-06 20:04:04', '2026-04-06 20:12:59'),
(264, 49, 79, 1.00, 'cup', '2026-04-06 20:35:53', '2026-04-06 21:33:41'),
(265, 49, 85, 1.00, 'kg', '2026-04-06 21:32:50', '2026-04-06 21:33:41'),
(266, 49, 7, 1.00, 'kg', '2026-04-06 21:32:50', '2026-04-06 21:33:41'),
(267, 49, 83, 1.00, 'cup', '2026-04-06 21:32:50', '2026-04-06 21:33:41'),
(268, 49, 84, 1.00, 'cup', '2026-04-06 21:32:50', '2026-04-06 21:33:41'),
(269, 49, 30, 1.00, 'por', '2026-04-06 21:32:50', '2026-04-06 21:33:41'),
(270, 49, 34, 1.00, 'por', '2026-04-06 21:32:50', '2026-04-06 21:33:41'),
(271, 49, 9, 1.00, 'l', '2026-04-06 21:32:50', '2026-04-06 21:33:41'),
(272, 49, 29, 1.00, 'por', '2026-04-06 21:32:50', '2026-04-06 21:33:41'),
(273, 49, 16, 1.00, 'cup', '2026-04-06 21:32:50', '2026-04-06 21:33:41'),
(274, 49, 18, 1.00, 'piece', '2026-04-06 21:33:41', '2026-04-06 21:33:41'),
(275, 50, 79, 1.00, 'cup', '2026-04-06 21:42:55', '2026-04-06 22:14:05'),
(276, 50, 7, 1.00, 'kg', '2026-04-06 21:49:37', '2026-04-06 22:14:05'),
(277, 50, 34, 1.00, 'por', '2026-04-06 21:49:37', '2026-04-06 22:14:05'),
(278, 50, 29, 1.00, 'por', '2026-04-06 21:49:37', '2026-04-06 22:14:05'),
(279, 50, 86, 1.00, 'kg', '2026-04-06 22:14:05', '2026-04-06 22:14:05'),
(280, 50, 18, 1.00, 'piece', '2026-04-06 22:14:05', '2026-04-06 22:14:05'),
(281, 50, 14, 1.00, 'g', '2026-04-06 22:14:05', '2026-04-06 22:14:05'),
(282, 51, 79, 1.00, 'cup', '2026-04-08 14:10:37', '2026-04-08 14:10:37'),
(283, 51, 3, 1.00, 'l', '2026-04-08 14:10:37', '2026-04-08 14:10:37'),
(284, 51, 33, 1.00, 'por', '2026-04-08 14:10:37', '2026-04-08 14:10:37'),
(285, 51, 25, 1.00, 'kg', '2026-04-08 14:10:37', '2026-04-08 14:10:37'),
(286, 51, 2, 1.00, 'por', '2026-04-08 14:10:37', '2026-04-08 14:10:37'),
(287, 51, 29, 1.00, 'por', '2026-04-08 14:10:37', '2026-04-08 14:10:37'),
(288, 51, 14, 1.00, 'g', '2026-04-08 14:10:37', '2026-04-08 14:10:37'),
(289, 51, 34, 1.00, 'por', '2026-04-08 14:10:37', '2026-04-08 14:10:37'),
(290, 51, 47, 1.00, 'por', '2026-04-08 14:10:37', '2026-04-08 14:10:37'),
(291, 52, 87, 5.00, 'cup', '2026-04-08 15:39:33', '2026-04-08 15:39:33'),
(292, 52, 27, 1.00, 'por', '2026-04-08 15:39:33', '2026-04-08 15:39:33'),
(293, 52, 34, 1.00, 'por', '2026-04-08 15:39:33', '2026-04-08 15:39:33'),
(294, 52, 2, 1.00, 'por', '2026-04-08 15:39:33', '2026-04-08 15:39:33'),
(295, 52, 80, 1.00, 'por', '2026-04-08 15:39:33', '2026-04-08 15:39:33'),
(296, 52, 14, 5.00, 'g', '2026-04-08 15:39:33', '2026-04-08 15:39:33'),
(297, 52, 9, 1.00, 'l', '2026-04-08 15:39:33', '2026-04-08 15:39:33'),
(298, 52, 29, 1.00, 'por', '2026-04-08 15:39:33', '2026-04-08 15:39:33'),
(299, 53, 88, 1.00, 'kg', '2026-04-08 16:03:51', '2026-04-08 16:36:30'),
(300, 53, 34, 1.00, 'por', '2026-04-08 16:03:51', '2026-04-08 16:36:30'),
(301, 53, 8, 1.00, 'por', '2026-04-08 16:03:51', '2026-04-08 16:36:30'),
(302, 53, 29, 1.00, 'por', '2026-04-08 16:03:51', '2026-04-08 16:36:30'),
(303, 53, 9, 1.00, 'l', '2026-04-08 16:03:51', '2026-04-08 16:36:30'),
(304, 53, 31, 1.00, 'por', '2026-04-08 16:03:51', '2026-04-08 16:36:30'),
(305, 54, 87, 3.00, 'cup', '2026-04-08 16:49:01', '2026-04-08 17:06:53'),
(306, 54, 89, 2.00, 'cup', '2026-04-08 17:04:34', '2026-04-08 17:06:53'),
(307, 54, 3, 1.00, 'l', '2026-04-08 17:04:34', '2026-04-08 17:06:53'),
(308, 54, 2, 1.00, 'por', '2026-04-08 17:04:34', '2026-04-08 17:06:53'),
(309, 54, 25, 1.00, 'kg', '2026-04-08 17:04:34', '2026-04-08 17:06:53'),
(310, 54, 29, 1.00, 'por', '2026-04-08 17:04:34', '2026-04-08 17:06:53'),
(311, 54, 80, 1.00, 'por', '2026-04-08 17:04:34', '2026-04-08 17:06:53'),
(312, 55, 79, 4.00, 'cup', '2026-04-08 17:46:55', '2026-04-08 18:10:48'),
(313, 55, 32, 1.00, 'kg', '2026-04-08 17:46:55', '2026-04-08 18:10:48'),
(314, 55, 27, 4.00, 'por', '2026-04-08 17:46:55', '2026-04-08 18:10:48'),
(315, 55, 84, 1.00, 'cup', '2026-04-08 17:46:55', '2026-04-08 18:10:48'),
(316, 55, 83, 1.00, 'cup', '2026-04-08 17:46:55', '2026-04-08 18:10:48'),
(317, 55, 31, 1.00, 'por', '2026-04-08 17:46:55', '2026-04-08 18:10:48'),
(318, 55, 30, 1.00, 'por', '2026-04-08 17:46:55', '2026-04-08 18:10:48'),
(319, 55, 29, 1.00, 'por', '2026-04-08 17:46:55', '2026-04-08 18:10:48'),
(320, 55, 90, 1.00, 'g', '2026-04-08 17:54:44', '2026-04-08 18:10:48'),
(321, 55, 91, 1.00, 'g', '2026-04-08 17:54:44', '2026-04-08 18:10:48'),
(322, 55, 92, 1.00, 'g', '2026-04-08 17:55:13', '2026-04-08 18:10:48'),
(323, 55, 93, 1.00, 'por', '2026-04-08 18:10:48', '2026-04-08 18:10:48'),
(324, 56, 9, 1.00, 'l', '2026-04-08 20:45:12', '2026-04-08 20:46:24'),
(325, 56, 94, 2.00, 'kg', '2026-04-08 20:46:24', '2026-04-08 20:46:24'),
(326, 57, 39, 1.00, 'kg', '2026-04-08 20:59:43', '2026-04-08 21:09:21'),
(327, 57, 95, 2.00, 'cup', '2026-04-08 21:09:21', '2026-04-08 21:09:21'),
(328, 57, 27, 3.00, 'por', '2026-04-08 21:09:21', '2026-04-08 21:09:21'),
(329, 58, 98, 1.00, 'kg', '2026-04-10 15:31:38', '2026-04-10 15:40:27'),
(330, 58, 95, 1.00, 'cup', '2026-04-10 15:31:38', '2026-04-10 15:40:27'),
(331, 58, 37, 1.00, 'cup', '2026-04-10 15:31:38', '2026-04-10 15:40:27'),
(332, 58, 9, 1.00, 'cup', '2026-04-10 15:31:38', '2026-04-10 15:40:27'),
(333, 58, 27, 3.00, 'por', '2026-04-10 15:40:27', '2026-04-10 15:40:27'),
(334, 58, 99, 1.00, 'g', '2026-04-10 15:40:27', '2026-04-10 15:40:27'),
(335, 59, 87, 5.00, 'cup', '2026-04-10 15:53:38', '2026-04-10 15:53:38'),
(336, 59, 29, 1.00, 'por', '2026-04-10 15:53:38', '2026-04-10 15:53:38'),
(337, 59, 34, 1.00, 'por', '2026-04-10 15:53:38', '2026-04-10 15:53:38'),
(338, 59, 100, 1.00, 'l', '2026-04-10 15:53:38', '2026-04-10 15:53:38'),
(339, 59, 17, 1.00, 'kg', '2026-04-10 15:53:38', '2026-04-10 15:53:38'),
(340, 60, 5, 2.00, 'por', '2026-04-10 16:16:17', '2026-04-10 16:16:17'),
(341, 60, 42, 1.00, 'kg', '2026-04-10 16:16:17', '2026-04-10 16:16:17'),
(342, 60, 32, 1.00, 'kg', '2026-04-10 16:16:17', '2026-04-10 16:16:17'),
(343, 60, 50, 1.00, 'cup', '2026-04-10 16:16:17', '2026-04-10 16:16:17'),
(344, 60, 3, 1.00, 'l', '2026-04-10 16:16:17', '2026-04-10 16:16:17'),
(345, 60, 29, 1.00, 'por', '2026-04-10 16:16:17', '2026-04-10 16:16:17'),
(346, 60, 34, 1.00, 'por', '2026-04-10 16:16:17', '2026-04-10 16:16:17'),
(347, 60, 2, 1.00, 'por', '2026-04-10 16:16:17', '2026-04-10 16:16:17'),
(348, 60, 26, 1.00, 'por', '2026-04-10 16:16:17', '2026-04-10 16:16:17'),
(349, 60, 13, 1.00, 'por', '2026-04-10 16:16:17', '2026-04-10 16:16:17'),
(350, 61, 42, 1.00, 'kg', '2026-04-10 16:48:11', '2026-04-10 18:18:32'),
(351, 61, 34, 1.00, 'por', '2026-04-10 18:10:18', '2026-04-10 18:18:32'),
(352, 61, 30, 1.00, 'por', '2026-04-10 18:10:18', '2026-04-10 18:18:32'),
(353, 61, 29, 1.00, 'por', '2026-04-10 18:10:18', '2026-04-10 18:18:32'),
(354, 61, 71, 1.00, 'g', '2026-04-10 18:10:18', '2026-04-10 18:18:32'),
(355, 61, 103, 1.00, 'kg', '2026-04-10 18:12:24', '2026-04-10 18:18:32'),
(356, 61, 50, 1.00, 'cup', '2026-04-10 18:12:24', '2026-04-10 18:18:32'),
(357, 61, 32, 1.00, 'kg', '2026-04-10 18:12:24', '2026-04-10 18:18:32'),
(358, 61, 101, 1.00, 'cup', '2026-04-10 18:12:24', '2026-04-10 18:18:32'),
(359, 61, 102, 1.00, 'cup', '2026-04-10 18:12:24', '2026-04-10 18:18:32'),
(360, 61, 78, 1.00, 'piece', '2026-04-10 18:12:24', '2026-04-10 18:18:32'),
(361, 62, 79, 5.00, 'cup', '2026-04-10 18:40:54', '2026-04-10 18:53:38'),
(362, 62, 42, 1.00, 'kg', '2026-04-10 18:40:54', '2026-04-10 18:53:38'),
(363, 62, 8, 1.00, 'por', '2026-04-10 18:40:54', '2026-04-10 18:53:38'),
(364, 62, 81, 1.00, 'por', '2026-04-10 18:40:54', '2026-04-10 18:53:38'),
(365, 62, 48, 1.00, 'por', '2026-04-10 18:40:54', '2026-04-10 18:53:38'),
(366, 62, 29, 1.00, 'por', '2026-04-10 18:40:54', '2026-04-10 18:53:38'),
(367, 62, 65, 1.00, 'g', '2026-04-10 18:40:54', '2026-04-10 18:53:38'),
(368, 62, 16, 1.00, 'tsp', '2026-04-10 18:40:54', '2026-04-10 18:53:38'),
(369, 62, 18, 1.00, 'piece', '2026-04-10 18:40:54', '2026-04-10 18:53:38'),
(370, 62, 82, 1.00, 'piece', '2026-04-10 18:40:54', '2026-04-10 18:53:38'),
(371, 62, 100, 1.00, 'l', '2026-04-10 18:40:54', '2026-04-10 18:53:38'),
(372, 62, 30, 1.00, 'por', '2026-04-10 18:40:54', '2026-04-10 18:53:38'),
(373, 62, 80, 1.00, 'por', '2026-04-10 18:40:54', '2026-04-10 18:53:38'),
(374, 62, 32, 1.00, 'kg', '2026-04-10 18:44:00', '2026-04-10 18:53:38'),
(375, 63, 98, 1.00, 'kg', '2026-04-10 19:47:08', '2026-04-10 20:00:31'),
(376, 63, 104, 1.00, 'g', '2026-04-10 19:47:08', '2026-04-10 20:00:31'),
(377, 63, 100, 1.00, 'l', '2026-04-10 19:47:08', '2026-04-10 20:00:31'),
(378, 63, 94, 1.00, 'kg', '2026-04-10 19:47:08', '2026-04-10 20:00:31'),
(379, 63, 95, 1.00, 'cup', '2026-04-10 19:47:08', '2026-04-10 20:00:31'),
(380, 63, 30, 1.00, 'por', '2026-04-10 19:47:08', '2026-04-10 20:00:31'),
(381, 63, 29, 1.00, 'por', '2026-04-10 19:47:08', '2026-04-10 20:00:31'),
(382, 63, 18, 1.00, 'piece', '2026-04-10 19:47:08', '2026-04-10 20:00:31'),
(383, 63, 105, 1.00, 'g', '2026-04-10 20:00:31', '2026-04-10 20:00:31'),
(384, 63, 84, 1.00, 'cup', '2026-04-10 20:00:31', '2026-04-10 20:00:31'),
(385, 64, 106, 1.00, 'g', '2026-04-10 20:51:32', '2026-04-10 21:10:37'),
(386, 64, 32, 1.00, 'kg', '2026-04-10 20:51:32', '2026-04-10 21:10:37'),
(387, 64, 81, 1.00, 'por', '2026-04-10 20:51:32', '2026-04-10 21:10:37'),
(388, 64, 80, 1.00, 'por', '2026-04-10 20:51:32', '2026-04-10 21:10:37'),
(389, 64, 27, 1.00, 'por', '2026-04-10 21:10:37', '2026-04-10 21:10:37'),
(390, 64, 92, 1.00, 'g', '2026-04-10 21:10:37', '2026-04-10 21:10:37'),
(391, 64, 16, 1.00, 'tbsp', '2026-04-10 21:10:37', '2026-04-10 21:10:37'),
(392, 64, 39, 1.00, 'kg', '2026-04-10 21:10:37', '2026-04-10 21:10:37'),
(393, 64, 30, 1.00, 'por', '2026-04-10 21:10:37', '2026-04-10 21:10:37'),
(394, 64, 29, 1.00, 'por', '2026-04-10 21:10:37', '2026-04-10 21:10:37'),
(395, 64, 100, 1.00, 'l', '2026-04-10 21:10:37', '2026-04-10 21:10:37'),
(396, 65, 107, 1.00, 'g', '2026-04-10 21:33:05', '2026-04-10 21:44:41'),
(398, 65, 108, 1.00, 'cup', '2026-04-10 21:39:11', '2026-04-10 21:44:41'),
(399, 65, 109, 1.00, 'cup', '2026-04-10 21:44:41', '2026-04-10 21:44:41'),
(400, 65, 30, 1.00, 'por', '2026-04-10 21:44:41', '2026-04-10 21:44:41'),
(401, 65, 37, 1.00, 'cup', '2026-04-10 21:44:41', '2026-04-10 21:44:41'),
(402, 65, 17, 1.00, 'kg', '2026-04-10 21:44:41', '2026-04-10 21:44:41'),
(403, 66, 110, 1.00, 'g', '2026-04-10 22:00:35', '2026-04-10 22:09:40'),
(404, 66, 111, 1.00, 'g', '2026-04-10 22:00:35', '2026-04-10 22:09:40'),
(405, 66, 30, 1.00, 'por', '2026-04-10 22:00:35', '2026-04-10 22:09:40'),
(406, 66, 29, 1.00, 'por', '2026-04-10 22:00:35', '2026-04-10 22:09:40'),
(407, 66, 84, 1.00, 'cup', '2026-04-10 22:00:35', '2026-04-10 22:09:40'),
(408, 66, 112, 1.00, 'por', '2026-04-10 22:04:18', '2026-04-10 22:09:40'),
(409, 66, 92, 1.00, 'g', '2026-04-10 22:04:18', '2026-04-10 22:09:40'),
(410, 66, 64, 1.00, 'kg', '2026-04-10 22:04:18', '2026-04-10 22:09:40'),
(411, 66, 100, 1.00, 'l', '2026-04-10 22:04:18', '2026-04-10 22:09:40'),
(412, 66, 113, 1.00, 'g', '2026-04-10 22:09:40', '2026-04-10 22:09:40'),
(413, 67, 106, 1.00, 'g', '2026-04-10 22:24:43', '2026-04-10 22:31:41'),
(414, 67, 104, 1.00, 'g', '2026-04-10 22:24:43', '2026-04-10 22:31:41'),
(415, 67, 30, 1.00, 'por', '2026-04-10 22:24:43', '2026-04-10 22:31:41'),
(416, 67, 92, 1.00, 'por', '2026-04-10 22:24:43', '2026-04-10 22:31:41'),
(417, 67, 115, 1.00, 'g', '2026-04-10 22:30:36', '2026-04-10 22:31:41'),
(418, 67, 66, 1.00, 'g', '2026-04-10 22:30:36', '2026-04-10 22:31:41'),
(419, 67, 114, 1.00, 'g', '2026-04-10 22:30:36', '2026-04-10 22:31:41'),
(420, 67, 116, 1.00, 'cup', '2026-04-10 22:31:41', '2026-04-10 22:31:41'),
(421, 68, 106, 1.00, 'g', '2026-04-15 14:50:49', '2026-04-15 15:06:44'),
(422, 68, 108, 1.00, 'cup', '2026-04-15 14:50:49', '2026-04-15 15:06:44'),
(423, 68, 100, 1.00, 'l', '2026-04-15 14:50:49', '2026-04-15 15:06:44'),
(424, 68, 16, 1.00, 'tbsp', '2026-04-15 14:50:49', '2026-04-15 15:06:44'),
(425, 68, 29, 1.00, 'por', '2026-04-15 14:50:49', '2026-04-15 15:06:44'),
(426, 68, 84, 1.00, 'cup', '2026-04-15 14:50:49', '2026-04-15 15:06:44'),
(427, 68, 30, 1.00, 'por', '2026-04-15 14:50:49', '2026-04-15 15:06:44'),
(428, 68, 34, 1.00, 'por', '2026-04-15 14:50:49', '2026-04-15 15:06:44'),
(429, 68, 18, 1.00, 'piece', '2026-04-15 14:50:49', '2026-04-15 15:06:44'),
(430, 68, 117, 1.00, 'por', '2026-04-15 15:00:06', '2026-04-15 15:06:44'),
(431, 68, 119, 1.00, 'g', '2026-04-15 15:02:05', '2026-04-15 15:06:44'),
(432, 68, 118, 1.00, 'g', '2026-04-15 15:02:05', '2026-04-15 15:06:44'),
(433, 68, 65, 1.00, 'g', '2026-04-15 15:02:05', '2026-04-15 15:06:44'),
(434, 69, 120, 1.00, 'g', '2026-04-15 15:41:22', '2026-04-15 15:41:22'),
(435, 69, 104, 1.00, 'g', '2026-04-15 15:41:22', '2026-04-15 15:41:22'),
(436, 69, 95, 1.00, 'cup', '2026-04-15 15:41:22', '2026-04-15 15:41:22'),
(437, 69, 121, 1.00, 'g', '2026-04-15 15:41:22', '2026-04-15 15:41:22'),
(438, 69, 105, 1.00, 'g', '2026-04-15 15:41:22', '2026-04-15 15:41:22'),
(439, 69, 118, 1.00, 'g', '2026-04-15 15:41:22', '2026-04-15 15:41:22'),
(440, 69, 17, 1.00, 'kg', '2026-04-15 15:41:22', '2026-04-15 15:41:22'),
(441, 70, 15, 1.00, 'kg', '2026-04-15 18:20:23', '2026-04-15 18:23:21'),
(442, 70, 109, 1.00, 'cup', '2026-04-15 18:20:23', '2026-04-15 18:23:21'),
(443, 70, 105, 1.00, 'g', '2026-04-15 18:20:23', '2026-04-15 18:23:21'),
(444, 70, 27, 4.00, 'por', '2026-04-15 18:20:23', '2026-04-15 18:23:21'),
(445, 70, 30, 1.00, 'por', '2026-04-15 18:20:23', '2026-04-15 18:23:21'),
(446, 70, 29, 1.00, 'por', '2026-04-15 18:20:23', '2026-04-15 18:23:21'),
(447, 70, 122, 1.00, 'g', '2026-04-15 18:20:23', '2026-04-15 18:23:21'),
(448, 70, 123, 1.00, 'g', '2026-04-15 18:23:21', '2026-04-15 18:23:21'),
(449, 71, 9, 1.00, 'l', '2026-04-15 19:03:38', '2026-04-15 19:29:43'),
(450, 71, 29, 1.00, 'por', '2026-04-15 19:03:38', '2026-04-15 19:29:43'),
(451, 71, 84, 1.00, 'cup', '2026-04-15 19:03:38', '2026-04-15 19:29:43'),
(452, 71, 30, 1.00, 'por', '2026-04-15 19:03:38', '2026-04-15 19:29:43'),
(453, 71, 65, 1.00, 'g', '2026-04-15 19:03:38', '2026-04-15 19:29:43'),
(454, 71, 15, 1.00, 'kg', '2026-04-15 19:03:38', '2026-04-15 19:29:43'),
(455, 71, 122, 1.00, 'g', '2026-04-15 19:03:38', '2026-04-15 19:29:43'),
(456, 71, 123, 1.00, 'g', '2026-04-15 19:03:38', '2026-04-15 19:29:43'),
(457, 71, 124, 1.00, 'por', '2026-04-15 19:16:47', '2026-04-15 19:29:43'),
(458, 71, 17, 1.00, 'g', '2026-04-15 19:21:11', '2026-04-15 19:29:43'),
(459, 72, 106, 1.00, 'g', '2026-04-15 19:43:47', '2026-04-15 19:43:47'),
(460, 72, 100, 1.00, 'l', '2026-04-15 19:43:47', '2026-04-15 19:43:47'),
(461, 72, 29, 1.00, 'por', '2026-04-15 19:43:47', '2026-04-15 19:43:47'),
(462, 72, 30, 1.00, 'por', '2026-04-15 19:43:47', '2026-04-15 19:43:47'),
(463, 72, 125, 1.00, 'g', '2026-04-15 19:43:47', '2026-04-15 19:43:47'),
(464, 72, 123, 1.00, 'g', '2026-04-15 19:43:47', '2026-04-15 19:43:47'),
(465, 72, 17, 1.00, 'kg', '2026-04-15 19:43:47', '2026-04-15 19:43:47'),
(466, 72, 4, 1.00, 'por', '2026-04-15 19:43:47', '2026-04-15 19:43:47'),
(467, 73, 126, 1.00, 'g', '2026-04-15 20:20:25', '2026-04-15 20:26:15'),
(468, 73, 15, 1.00, 'kg', '2026-04-15 20:20:25', '2026-04-15 20:26:15'),
(469, 73, 65, 1.00, 'g', '2026-04-15 20:20:25', '2026-04-15 20:26:15'),
(470, 73, 30, 1.00, 'por', '2026-04-15 20:20:25', '2026-04-15 20:26:15'),
(471, 73, 29, 1.00, 'por', '2026-04-15 20:20:25', '2026-04-15 20:26:15'),
(472, 73, 125, 1.00, 'g', '2026-04-15 20:20:25', '2026-04-15 20:26:15'),
(473, 73, 123, 1.00, 'g', '2026-04-15 20:20:25', '2026-04-15 20:26:15'),
(474, 73, 116, 1.00, 'cup', '2026-04-15 20:20:25', '2026-04-15 20:26:15'),
(475, 73, 17, 1.00, 'kg', '2026-04-15 20:20:25', '2026-04-15 20:26:15'),
(476, 73, 4, 1.00, 'por', '2026-04-15 20:20:25', '2026-04-15 20:26:15'),
(477, 73, 8, 1.00, 'por', '2026-04-15 20:20:25', '2026-04-15 20:26:15'),
(478, 73, 109, 1.00, 'cup', '2026-04-15 20:26:15', '2026-04-15 20:26:15'),
(479, 74, 106, 1.00, 'g', '2026-04-17 14:38:37', '2026-04-17 14:58:37'),
(480, 74, 118, 1.00, 'cup', '2026-04-17 14:38:37', '2026-04-17 14:58:37'),
(481, 74, 16, 1.00, 'tbsp', '2026-04-17 14:38:37', '2026-04-17 14:58:37'),
(482, 74, 117, 1.00, 'por', '2026-04-17 14:38:37', '2026-04-17 14:58:37'),
(483, 74, 73, 1.00, 'kg', '2026-04-17 14:38:37', '2026-04-17 14:58:37'),
(484, 74, 29, 1.00, 'por', '2026-04-17 14:38:37', '2026-04-17 14:58:37'),
(485, 74, 3, 1.00, 'l', '2026-04-17 14:38:37', '2026-04-17 14:58:37'),
(486, 74, 32, 1.00, 'kg', '2026-04-17 14:38:37', '2026-04-17 14:58:37'),
(487, 74, 128, 1.00, 'g', '2026-04-17 14:42:55', '2026-04-17 14:58:37'),
(488, 74, 127, 1.00, 'por', '2026-04-17 14:42:55', '2026-04-17 14:58:37'),
(489, 74, 18, 1.00, 'piece', '2026-04-17 14:42:55', '2026-04-17 14:58:37'),
(490, 74, 129, 1.00, 'g', '2026-04-17 14:58:37', '2026-04-17 14:58:37'),
(491, 74, 65, 1.00, 'g', '2026-04-17 14:58:37', '2026-04-17 14:58:37'),
(492, 74, 47, 1.00, 'por', '2026-04-17 14:58:37', '2026-04-17 14:58:37'),
(493, 75, 39, 1.00, 'kg', '2026-04-17 15:18:14', '2026-04-17 15:25:58'),
(494, 75, 29, 1.00, 'por', '2026-04-17 15:18:14', '2026-04-17 15:25:58'),
(495, 75, 31, 1.00, 'por', '2026-04-17 15:18:14', '2026-04-17 15:25:58'),
(496, 75, 30, 1.00, 'por', '2026-04-17 15:18:14', '2026-04-17 15:25:58'),
(497, 75, 16, 1.00, 'tbsp', '2026-04-17 15:18:14', '2026-04-17 15:25:58'),
(498, 75, 86, 1.00, 'kg', '2026-04-17 15:18:14', '2026-04-17 15:25:58'),
(499, 75, 100, 1.00, 'l', '2026-04-17 15:18:14', '2026-04-17 15:25:58'),
(500, 75, 132, 1.00, 'g', '2026-04-17 15:25:58', '2026-04-17 15:25:58'),
(501, 75, 62, 1.00, 'g', '2026-04-17 15:25:58', '2026-04-17 15:25:58'),
(502, 75, 4, 1.00, 'por', '2026-04-17 15:25:58', '2026-04-17 15:25:58'),
(503, 75, 130, 1.00, 'g', '2026-04-17 15:25:58', '2026-04-17 15:25:58'),
(504, 75, 131, 1.00, 'g', '2026-04-17 15:25:58', '2026-04-17 15:25:58'),
(505, 76, 133, 1.00, 'kg', '2026-04-17 15:57:00', '2026-04-17 16:38:04'),
(506, 76, 89, 1.00, 'cup', '2026-04-17 15:57:00', '2026-04-17 16:38:04'),
(507, 76, 51, 1.00, 'kg', '2026-04-17 15:57:00', '2026-04-17 16:38:04'),
(508, 76, 103, 1.00, 'kg', '2026-04-17 15:57:00', '2026-04-17 16:38:04'),
(509, 76, 32, 1.00, 'kg', '2026-04-17 15:57:00', '2026-04-17 16:38:04'),
(510, 76, 30, 1.00, 'por', '2026-04-17 15:57:00', '2026-04-17 16:38:04'),
(511, 76, 29, 1.00, 'por', '2026-04-17 15:57:00', '2026-04-17 16:38:04'),
(512, 76, 134, 1.00, 'g', '2026-04-17 16:04:41', '2026-04-17 16:38:04'),
(513, 76, 135, 1.00, 'g', '2026-04-17 16:04:41', '2026-04-17 16:38:04'),
(514, 76, 136, 1.00, 'kg', '2026-04-17 16:11:57', '2026-04-17 16:38:04'),
(515, 77, 137, 1.00, 'kg', '2026-04-17 17:12:57', '2026-04-17 17:45:02'),
(517, 77, 2, 1.00, 'por', '2026-04-17 17:12:57', '2026-04-17 17:45:02'),
(518, 77, 29, 1.00, 'por', '2026-04-17 17:12:57', '2026-04-17 17:45:02'),
(519, 77, 138, 1.00, 'g', '2026-04-17 17:17:22', '2026-04-17 17:45:02'),
(520, 77, 13, 1.00, 'por', '2026-04-17 17:17:22', '2026-04-17 17:45:02'),
(521, 77, 3, 1.00, 'l', '2026-04-17 17:17:22', '2026-04-17 17:45:02'),
(522, 77, 15, 1.00, 'kg', '2026-04-17 17:37:18', '2026-04-17 17:45:02'),
(523, 77, 21, 1.00, 'kg', '2026-04-17 17:37:18', '2026-04-17 17:45:02'),
(524, 77, 73, 1.00, 'kg', '2026-04-17 17:37:18', '2026-04-17 17:45:02'),
(525, 78, 73, 1.00, 'kg', '2026-04-17 18:45:44', '2026-04-17 19:02:55'),
(526, 78, 15, 1.00, 'kg', '2026-04-17 18:45:44', '2026-04-17 19:02:55'),
(527, 78, 21, 1.00, 'kg', '2026-04-17 18:45:44', '2026-04-17 19:02:55'),
(528, 78, 32, 1.00, 'kg', '2026-04-17 18:45:44', '2026-04-17 19:02:55'),
(529, 78, 2, 1.00, 'por', '2026-04-17 18:45:44', '2026-04-17 19:02:55'),
(530, 78, 76, 1.00, 'kg', '2026-04-17 18:45:44', '2026-04-17 19:02:55'),
(531, 78, 3, 1.00, 'l', '2026-04-17 18:45:44', '2026-04-17 19:02:55'),
(532, 78, 29, 1.00, 'por', '2026-04-17 19:02:55', '2026-04-17 19:02:55'),
(533, 78, 30, 1.00, 'por', '2026-04-17 19:02:55', '2026-04-17 19:02:55'),
(534, 78, 78, 1.00, 'por', '2026-04-17 19:02:55', '2026-04-17 19:02:55'),
(535, 78, 34, 1.00, 'por', '2026-04-17 19:02:55', '2026-04-17 19:02:55'),
(536, 78, 125, 1.00, 'g', '2026-04-17 19:02:55', '2026-04-17 19:02:55'),
(537, 79, 15, 1.00, 'cup', '2026-04-17 19:16:21', '2026-04-17 19:50:00'),
(538, 79, 21, 1.00, 'kg', '2026-04-17 19:16:21', '2026-04-17 19:50:00'),
(539, 79, 26, 1.00, 'por', '2026-04-17 19:16:21', '2026-04-17 19:50:00'),
(540, 79, 13, 1.00, 'por', '2026-04-17 19:16:21', '2026-04-17 19:50:00'),
(541, 79, 1, 1.00, 'por', '2026-04-17 19:16:21', '2026-04-17 19:50:00'),
(542, 79, 3, 1.00, 'l', '2026-04-17 19:16:21', '2026-04-17 19:50:00'),
(543, 79, 2, 1.00, 'por', '2026-04-17 19:16:21', '2026-04-17 19:50:00'),
(544, 79, 29, 1.00, 'por', '2026-04-17 19:16:21', '2026-04-17 19:50:00'),
(545, 79, 4, 1.00, 'por', '2026-04-17 19:16:21', '2026-04-17 19:50:00'),
(546, 80, 140, 1.00, 'cup', '2026-04-17 20:32:55', '2026-04-17 20:32:55'),
(547, 80, 13, 1.00, 'por', '2026-04-17 20:32:55', '2026-04-17 20:32:55'),
(548, 80, 3, 1.00, 'l', '2026-04-17 20:32:55', '2026-04-17 20:32:55'),
(549, 80, 15, 1.00, 'kg', '2026-04-17 20:32:55', '2026-04-17 20:32:55'),
(550, 80, 26, 1.00, 'por', '2026-04-17 20:32:55', '2026-04-17 20:32:55'),
(551, 80, 7, 1.00, 'kg', '2026-04-17 20:32:55', '2026-04-17 20:32:55'),
(552, 80, 2, 1.00, 'por', '2026-04-17 20:32:55', '2026-04-17 20:32:55'),
(553, 80, 73, 1.00, 'kg', '2026-04-17 20:32:55', '2026-04-17 20:32:55'),
(554, 81, 46, 1.00, 'kg', '2026-04-20 20:36:16', '2026-04-20 20:58:52'),
(555, 81, 71, 1.00, 'g', '2026-04-20 20:36:16', '2026-04-20 20:58:52'),
(556, 81, 3, 1.00, 'l', '2026-04-20 20:36:16', '2026-04-20 20:58:52'),
(557, 81, 29, 1.00, 'por', '2026-04-20 20:36:16', '2026-04-20 20:58:52'),
(558, 81, 2, 1.00, 'por', '2026-04-20 20:36:16', '2026-04-20 20:58:52'),
(559, 81, 80, 1.00, 'por', '2026-04-20 20:36:16', '2026-04-20 20:58:52'),
(560, 81, 14, 1.00, 'g', '2026-04-20 20:36:16', '2026-04-20 20:58:52'),
(561, 81, 17, 1.00, 'kg', '2026-04-20 20:36:16', '2026-04-20 20:58:52'),
(562, 81, 70, 1.00, 'cup', '2026-04-20 20:36:16', '2026-04-20 20:58:52'),
(563, 81, 68, 1.00, 'g', '2026-04-20 20:58:52', '2026-04-20 20:58:52'),
(564, 82, 73, 500.00, 'g', '2026-04-21 20:29:17', '2026-04-21 20:32:14'),
(565, 82, 29, 1.00, 'por', '2026-04-21 20:29:17', '2026-04-21 20:32:14'),
(566, 82, 80, 4.00, 'por', '2026-04-21 20:29:17', '2026-04-21 20:32:14'),
(567, 82, 30, 4.00, 'por', '2026-04-21 20:29:17', '2026-04-21 20:32:14'),
(568, 82, 100, 2.00, 'tbsp', '2026-04-21 20:29:17', '2026-04-21 20:32:14'),
(569, 82, 18, 1.00, 'cup', '2026-04-21 20:29:17', '2026-04-21 20:32:14'),
(570, 82, 16, 1.00, 'tsp', '2026-04-21 20:29:17', '2026-04-21 20:32:14'),
(571, 82, 20, 1.00, 'tsp', '2026-04-21 20:29:17', '2026-04-21 20:32:14'),
(572, 82, 17, 1.00, 'tsp', '2026-04-21 20:29:17', '2026-04-21 20:32:14'),
(574, 82, 131, 1.00, 'tbsp', '2026-04-21 20:32:14', '2026-04-21 20:32:14'),
(575, 96, 79, 1.00, 'cup', '2026-04-22 17:46:19', '2026-04-22 17:57:05'),
(576, 96, 21, 1.00, 'kg', '2026-04-22 17:46:19', '2026-04-22 17:57:05'),
(577, 96, 65, 1.00, 'g', '2026-04-22 17:46:19', '2026-04-22 17:57:05'),
(578, 96, 29, 1.00, 'por', '2026-04-22 17:46:19', '2026-04-22 17:57:05'),
(579, 96, 30, 1.00, 'por', '2026-04-22 17:46:19', '2026-04-22 17:57:05'),
(580, 96, 118, 1.00, 'g', '2026-04-22 17:46:19', '2026-04-22 17:57:05'),
(581, 96, 119, 1.00, 'g', '2026-04-22 17:46:19', '2026-04-22 17:57:05'),
(582, 96, 37, 1.00, 'cup', '2026-04-22 17:46:19', '2026-04-22 17:57:05'),
(583, 96, 100, 1.00, 'l', '2026-04-22 17:46:19', '2026-04-22 17:57:05'),
(584, 96, 16, 1.00, 'tbsp', '2026-04-22 17:46:19', '2026-04-22 17:57:05'),
(585, 96, 17, 1.00, 'g', '2026-04-22 17:57:05', '2026-04-22 17:57:05'),
(586, 96, 4, 1.00, 'por', '2026-04-22 17:57:05', '2026-04-22 17:57:05'),
(587, 1, 41, 1.00, 'kg', '2026-04-22 18:08:29', '2026-04-22 18:08:29'),
(588, 1, 139, 1.00, 'por', '2026-04-22 18:08:29', '2026-04-22 18:08:29'),
(589, 1, 26, 1.00, 'por', '2026-04-22 18:08:29', '2026-04-22 18:08:29'),
(590, 1, 50, 1.00, 'cup', '2026-04-22 18:08:29', '2026-04-22 18:08:29'),
(591, 1, 21, 1.00, 'kg', '2026-04-22 18:08:29', '2026-04-22 18:08:29'),
(592, 1, 73, 1.00, 'g', '2026-04-22 18:08:29', '2026-04-22 18:08:29'),
(593, 1, 2, 1.00, 'por', '2026-04-22 18:08:29', '2026-04-22 18:08:29'),
(594, 1, 29, 1.00, 'por', '2026-04-22 18:08:29', '2026-04-22 18:08:29'),
(595, 23, 16, 1.00, 'tbsp', '2026-04-22 18:32:03', '2026-04-22 18:32:03'),
(596, 23, 20, 1.00, 'g', '2026-04-22 18:32:03', '2026-04-22 18:32:03'),
(597, 28, 16, 1.00, 'tbsp', '2026-04-22 18:33:42', '2026-04-22 18:33:42'),
(598, 21, 3, 1.00, 'l', '2026-04-22 18:43:51', '2026-04-22 19:48:00'),
(599, 21, 21, 1.00, 'kg', '2026-04-22 18:43:51', '2026-04-22 19:48:00'),
(600, 21, 112, 1.00, 'cup', '2026-04-22 18:43:51', '2026-04-22 19:48:00'),
(601, 21, 142, 1.00, 'por', '2026-04-22 18:48:48', '2026-04-22 19:48:00'),
(602, 21, 73, 1.00, 'g', '2026-04-22 18:48:48', '2026-04-22 19:48:00'),
(603, 21, 26, 1.00, 'por', '2026-04-22 18:48:48', '2026-04-22 19:48:00'),
(604, 21, 25, 1.00, 'kg', '2026-04-22 18:48:48', '2026-04-22 19:48:00'),
(605, 21, 143, 1.00, 'cup', '2026-04-22 19:48:00', '2026-04-22 19:48:00'),
(606, 4, 7, NULL, 'kg', '2026-04-22 21:07:42', '2026-04-22 21:07:42');

-- --------------------------------------------------------

--
-- Table structure for table `ingredient_state_prices`
--

CREATE TABLE `ingredient_state_prices` (
  `id` bigint(20) UNSIGNED NOT NULL,
  `ingredient_id` bigint(20) UNSIGNED NOT NULL,
  `state_id` bigint(20) UNSIGNED NOT NULL,
  `price` decimal(10,2) NOT NULL,
  `discounted_price` decimal(10,2) DEFAULT NULL,
  `created_at` timestamp NULL DEFAULT NULL,
  `updated_at` timestamp NULL DEFAULT NULL
) ENGINE=InnoDB DEFAULT CHARSET=utf8mb4 COLLATE=utf8mb4_unicode_ci;

--
-- Dumping data for table `ingredient_state_prices`
--

INSERT INTO `ingredient_state_prices` (`id`, `ingredient_id`, `state_id`, `price`, `discounted_price`, `created_at`, `updated_at`) VALUES
(1, 12, 7, 900.00, 800.00, '2026-03-24 20:20:35', '2026-03-24 20:20:35'),
(2, 13, 4, 1000.00, 950.00, '2026-03-24 20:49:26', '2026-03-24 20:49:26'),
(3, 15, 25, 2000.00, NULL, '2026-04-01 15:35:54', '2026-04-01 15:35:54');

-- --------------------------------------------------------

--
-- Table structure for table `jobs`
--

CREATE TABLE `jobs` (
  `id` bigint(20) UNSIGNED NOT NULL,
  `queue` varchar(255) NOT NULL,
  `payload` longtext NOT NULL,
  `attempts` tinyint(3) UNSIGNED NOT NULL,
  `reserved_at` int(10) UNSIGNED DEFAULT NULL,
  `available_at` int(10) UNSIGNED NOT NULL,
  `created_at` int(10) UNSIGNED NOT NULL
) ENGINE=InnoDB DEFAULT CHARSET=utf8mb4 COLLATE=utf8mb4_unicode_ci;

-- --------------------------------------------------------

--
-- Table structure for table `job_batches`
--

CREATE TABLE `job_batches` (
  `id` varchar(255) NOT NULL,
  `name` varchar(255) NOT NULL,
  `total_jobs` int(11) NOT NULL,
  `pending_jobs` int(11) NOT NULL,
  `failed_jobs` int(11) NOT NULL,
  `failed_job_ids` longtext NOT NULL,
  `options` mediumtext DEFAULT NULL,
  `cancelled_at` int(11) DEFAULT NULL,
  `created_at` int(11) NOT NULL,
  `finished_at` int(11) DEFAULT NULL
) ENGINE=InnoDB DEFAULT CHARSET=utf8mb4 COLLATE=utf8mb4_unicode_ci;

-- --------------------------------------------------------

--
-- Table structure for table `lgas`
--

CREATE TABLE `lgas` (
  `id` bigint(20) UNSIGNED NOT NULL,
  `state_id` bigint(20) NOT NULL,
  `name` varchar(191) NOT NULL,
  `created_at` timestamp NULL DEFAULT NULL,
  `updated_at` timestamp NULL DEFAULT NULL
) ENGINE=InnoDB DEFAULT CHARSET=utf8mb4 COLLATE=utf8mb4_unicode_ci;

--
-- Dumping data for table `lgas`
--

INSERT INTO `lgas` (`id`, `state_id`, `name`, `created_at`, `updated_at`) VALUES
(1, 1, 'Aba North', '2025-05-29 18:20:00', '2025-05-29 18:20:00'),
(2, 1, 'Aba South', '2025-05-29 18:20:00', '2025-05-29 18:20:00'),
(3, 1, 'Arochukwu', '2025-05-29 18:20:00', '2025-05-29 18:20:00'),
(4, 1, 'Bende', '2025-05-29 18:20:00', '2025-05-29 18:20:00'),
(5, 1, 'Ikwuano', '2025-05-29 18:20:00', '2025-05-29 18:20:00'),
(6, 1, 'Isiala-Ngwa North', '2025-05-29 18:20:00', '2025-05-29 18:20:00'),
(7, 1, 'Isiala-Ngwa South', '2025-05-29 18:20:00', '2025-05-29 18:20:00'),
(8, 1, 'Isuikwato', '2025-05-29 18:20:00', '2025-05-29 18:20:00'),
(9, 1, 'Obi Nwa', '2025-05-29 18:20:00', '2025-05-29 18:20:00'),
(10, 1, 'Ohafia', '2025-05-29 18:20:00', '2025-05-29 18:20:00'),
(11, 1, 'Osisioma', '2025-05-29 18:20:00', '2025-05-29 18:20:00'),
(12, 1, 'Ngwa', '2025-05-29 18:20:00', '2025-05-29 18:20:00'),
(13, 1, 'Ugwunagbo', '2025-05-29 18:20:00', '2025-05-29 18:20:00'),
(14, 1, 'Ukwa East', '2025-05-29 18:20:00', '2025-05-29 18:20:00'),
(15, 1, 'Ukwa West', '2025-05-29 18:20:00', '2025-05-29 18:20:00'),
(16, 1, 'Umuahia North', '2025-05-29 18:20:00', '2025-05-29 18:20:00'),
(17, 1, 'Umuahia South', '2025-05-29 18:20:00', '2025-05-29 18:20:00'),
(18, 1, 'Umu-Neochi', '2025-05-29 18:20:00', '2025-05-29 18:20:00'),
(19, 2, 'Demsa', '2025-05-29 18:20:00', '2025-05-29 18:20:00'),
(20, 2, 'Fufore', '2025-05-29 18:20:00', '2025-05-29 18:20:00'),
(21, 2, 'Ganaye', '2025-05-29 18:20:00', '2025-05-29 18:20:00'),
(22, 2, 'Gireri', '2025-05-29 18:20:00', '2025-05-29 18:20:00'),
(23, 2, 'Gombi', '2025-05-29 18:20:00', '2025-05-29 18:20:00'),
(24, 2, 'Guyuk', '2025-05-29 18:20:00', '2025-05-29 18:20:00'),
(25, 2, 'Hong', '2025-05-29 18:20:00', '2025-05-29 18:20:00'),
(26, 2, 'Jada', '2025-05-29 18:20:00', '2025-05-29 18:20:00'),
(27, 2, 'Lamurde', '2025-05-29 18:20:00', '2025-05-29 18:20:00'),
(28, 2, 'Madagali', '2025-05-29 18:20:00', '2025-05-29 18:20:00'),
(29, 2, 'Maiha', '2025-05-29 18:20:00', '2025-05-29 18:20:00'),
(30, 2, 'Mayo-Belwa', '2025-05-29 18:20:00', '2025-05-29 18:20:00'),
(31, 2, 'Michika', '2025-05-29 18:20:00', '2025-05-29 18:20:00'),
(32, 2, 'Mubi North', '2025-05-29 18:20:00', '2025-05-29 18:20:00'),
(33, 2, 'Mubi South', '2025-05-29 18:20:00', '2025-05-29 18:20:00'),
(34, 2, 'Numan', '2025-05-29 18:20:00', '2025-05-29 18:20:00'),
(35, 2, 'Shelleng', '2025-05-29 18:20:00', '2025-05-29 18:20:00'),
(36, 2, 'Song', '2025-05-29 18:20:00', '2025-05-29 18:20:00'),
(37, 2, 'Toungo', '2025-05-29 18:20:00', '2025-05-29 18:20:00'),
(38, 2, 'Yola North', '2025-05-29 18:20:00', '2025-05-29 18:20:00'),
(39, 2, 'Yola South', '2025-05-29 18:20:00', '2025-05-29 18:20:00'),
(40, 3, 'Aguata', '2025-05-29 18:20:00', '2025-05-29 18:20:00'),
(41, 3, 'Anambra East', '2025-05-29 18:20:00', '2025-05-29 18:20:00'),
(42, 3, 'Anambra West', '2025-05-29 18:20:00', '2025-05-29 18:20:00'),
(43, 3, 'Anaocha', '2025-05-29 18:20:00', '2025-05-29 18:20:00'),
(44, 3, 'Awka North', '2025-05-29 18:20:00', '2025-05-29 18:20:00'),
(45, 3, 'Awka South', '2025-05-29 18:20:00', '2025-05-29 18:20:00'),
(46, 3, 'Ayamelum', '2025-05-29 18:20:00', '2025-05-29 18:20:00'),
(47, 3, 'Dunukofia', '2025-05-29 18:20:00', '2025-05-29 18:20:00'),
(48, 3, 'Ekwusigo', '2025-05-29 18:20:00', '2025-05-29 18:20:00'),
(49, 3, 'Idemili North', '2025-05-29 18:20:00', '2025-05-29 18:20:00'),
(50, 3, 'Idemili south', '2025-05-29 18:20:00', '2025-05-29 18:20:00'),
(51, 3, 'Ihiala', '2025-05-29 18:20:00', '2025-05-29 18:20:00'),
(52, 3, 'Njikoka', '2025-05-29 18:20:00', '2025-05-29 18:20:00'),
(53, 3, 'Nnewi North', '2025-05-29 18:20:00', '2025-05-29 18:20:00'),
(54, 3, 'Nnewi South', '2025-05-29 18:20:00', '2025-05-29 18:20:00'),
(55, 3, 'Ogbaru', '2025-05-29 18:20:00', '2025-05-29 18:20:00'),
(56, 3, 'Onitsha North', '2025-05-29 18:20:00', '2025-05-29 18:20:00'),
(57, 3, 'Onitsha South', '2025-05-29 18:20:00', '2025-05-29 18:20:00'),
(58, 3, 'Orumba North', '2025-05-29 18:20:00', '2025-05-29 18:20:00'),
(59, 3, 'Orumba South', '2025-05-29 18:20:00', '2025-05-29 18:20:00'),
(60, 3, 'Oyi', '2025-05-29 18:20:00', '2025-05-29 18:20:00'),
(61, 4, 'Abak', '2025-05-29 18:20:00', '2025-05-29 18:20:00'),
(62, 4, 'Eastern Obolo', '2025-05-29 18:20:00', '2025-05-29 18:20:00'),
(63, 4, 'Eket', '2025-05-29 18:20:00', '2025-05-29 18:20:00'),
(64, 4, 'Esit Eket', '2025-05-29 18:20:00', '2025-05-29 18:20:00'),
(65, 4, 'Essien Udim', '2025-05-29 18:20:00', '2025-05-29 18:20:00'),
(66, 4, 'Etim Ekpo', '2025-05-29 18:20:00', '2025-05-29 18:20:00'),
(67, 4, 'Etinan', '2025-05-29 18:20:00', '2025-05-29 18:20:00'),
(68, 4, 'Ibeno', '2025-05-29 18:20:00', '2025-05-29 18:20:00'),
(69, 4, 'Ibesikpo Asutan', '2025-05-29 18:20:00', '2025-05-29 18:20:00'),
(70, 4, 'Ibiono Ibom', '2025-05-29 18:20:00', '2025-05-29 18:20:00'),
(71, 4, 'Ika', '2025-05-29 18:20:00', '2025-05-29 18:20:00'),
(72, 4, 'Ikono', '2025-05-29 18:20:00', '2025-05-29 18:20:00'),
(73, 4, 'Ikot Abasi', '2025-05-29 18:20:00', '2025-05-29 18:20:00'),
(74, 4, 'Ikot Ekpene', '2025-05-29 18:20:00', '2025-05-29 18:20:00'),
(75, 4, 'Ini', '2025-05-29 18:20:00', '2025-05-29 18:20:00'),
(76, 4, 'Itu', '2025-05-29 18:20:00', '2025-05-29 18:20:00'),
(77, 4, 'Mbo', '2025-05-29 18:20:00', '2025-05-29 18:20:00'),
(78, 4, 'Mkpat Enin', '2025-05-29 18:20:00', '2025-05-29 18:20:00'),
(79, 4, 'Nsit Atai', '2025-05-29 18:20:00', '2025-05-29 18:20:00'),
(80, 4, 'Nsit Ibom', '2025-05-29 18:20:00', '2025-05-29 18:20:00'),
(81, 4, 'Nsit Ubium', '2025-05-29 18:20:00', '2025-05-29 18:20:00'),
(82, 4, 'Obot Akara', '2025-05-29 18:20:00', '2025-05-29 18:20:00'),
(83, 4, 'Okobo', '2025-05-29 18:20:00', '2025-05-29 18:20:00'),
(84, 4, 'Onna', '2025-05-29 18:20:00', '2025-05-29 18:20:00'),
(85, 4, 'Oron', '2025-05-29 18:20:00', '2025-05-29 18:20:00'),
(86, 4, 'Oruk Anam', '2025-05-29 18:20:00', '2025-05-29 18:20:00'),
(87, 4, 'Udung Uko', '2025-05-29 18:20:00', '2025-05-29 18:20:00'),
(88, 4, 'Ukanafun', '2025-05-29 18:20:00', '2025-05-29 18:20:00'),
(89, 4, 'Uruan', '2025-05-29 18:20:00', '2025-05-29 18:20:00'),
(90, 4, 'Urue-Offong/Oruko ', '2025-05-29 18:20:00', '2025-05-29 18:20:00'),
(91, 4, 'Uyo', '2025-05-29 18:20:00', '2025-05-29 18:20:00'),
(92, 5, 'Alkaleri', '2025-05-29 18:20:00', '2025-05-29 18:20:00'),
(93, 5, 'Bauchi', '2025-05-29 18:20:00', '2025-05-29 18:20:00'),
(94, 5, 'Bogoro', '2025-05-29 18:20:00', '2025-05-29 18:20:00'),
(95, 5, 'Damban', '2025-05-29 18:20:00', '2025-05-29 18:20:00'),
(96, 5, 'Darazo', '2025-05-29 18:20:00', '2025-05-29 18:20:00'),
(97, 5, 'Dass', '2025-05-29 18:20:00', '2025-05-29 18:20:00'),
(98, 5, 'Ganjuwa', '2025-05-29 18:20:00', '2025-05-29 18:20:00'),
(99, 5, 'Giade', '2025-05-29 18:20:00', '2025-05-29 18:20:00'),
(100, 5, 'Itas/Gadau', '2025-05-29 18:20:00', '2025-05-29 18:20:00'),
(101, 5, 'Jama\'are', '2025-05-29 18:20:00', '2025-05-29 18:20:00'),
(102, 5, 'Katagum', '2025-05-29 18:20:00', '2025-05-29 18:20:00'),
(103, 5, 'Kirfi', '2025-05-29 18:20:00', '2025-05-29 18:20:00'),
(104, 5, 'Misau', '2025-05-29 18:20:00', '2025-05-29 18:20:00'),
(105, 5, 'Ningi', '2025-05-29 18:20:00', '2025-05-29 18:20:00'),
(106, 5, 'Shira', '2025-05-29 18:20:00', '2025-05-29 18:20:00'),
(107, 5, 'Tafawa-Balewa', '2025-05-29 18:20:00', '2025-05-29 18:20:00'),
(108, 5, 'Toro', '2025-05-29 18:20:00', '2025-05-29 18:20:00'),
(109, 5, 'Warji', '2025-05-29 18:20:00', '2025-05-29 18:20:00'),
(110, 5, 'Zaki', '2025-05-29 18:20:00', '2025-05-29 18:20:00'),
(111, 6, 'Brass', '2025-05-29 18:20:00', '2025-05-29 18:20:00'),
(112, 6, 'Ekeremor', '2025-05-29 18:20:00', '2025-05-29 18:20:00'),
(113, 6, 'Kolokuma/Opokuma', '2025-05-29 18:20:00', '2025-05-29 18:20:00'),
(114, 6, 'Nembe', '2025-05-29 18:20:00', '2025-05-29 18:20:00'),
(115, 6, 'Ogbia', '2025-05-29 18:20:00', '2025-05-29 18:20:00'),
(116, 6, 'Sagbama', '2025-05-29 18:20:00', '2025-05-29 18:20:00'),
(117, 6, 'Southern Jaw', '2025-05-29 18:20:00', '2025-05-29 18:20:00'),
(118, 6, 'Yenegoa', '2025-05-29 18:20:00', '2025-05-29 18:20:00'),
(119, 7, 'Ado', '2025-05-29 18:20:00', '2025-05-29 18:20:00'),
(120, 7, 'Agatu', '2025-05-29 18:20:00', '2025-05-29 18:20:00'),
(121, 7, 'Apa', '2025-05-29 18:20:00', '2025-05-29 18:20:00'),
(122, 7, 'Buruku', '2025-05-29 18:20:00', '2025-05-29 18:20:00'),
(123, 7, 'Gboko', '2025-05-29 18:20:00', '2025-05-29 18:20:00'),
(124, 7, 'Guma', '2025-05-29 18:20:00', '2025-05-29 18:20:00'),
(125, 7, 'Gwer East', '2025-05-29 18:20:00', '2025-05-29 18:20:00'),
(126, 7, 'Gwer West', '2025-05-29 18:20:00', '2025-05-29 18:20:00'),
(127, 7, 'Katsina-Ala', '2025-05-29 18:20:00', '2025-05-29 18:20:00'),
(128, 7, 'Konshisha', '2025-05-29 18:20:00', '2025-05-29 18:20:00'),
(129, 7, 'Kwande', '2025-05-29 18:20:00', '2025-05-29 18:20:00'),
(130, 7, 'Logo', '2025-05-29 18:20:00', '2025-05-29 18:20:00'),
(131, 7, 'Makurdi', '2025-05-29 18:20:00', '2025-05-29 18:20:00'),
(132, 7, 'Obi', '2025-05-29 18:20:00', '2025-05-29 18:20:00'),
(133, 7, 'Ogbadibo', '2025-05-29 18:20:00', '2025-05-29 18:20:00'),
(134, 7, 'Oju', '2025-05-29 18:20:00', '2025-05-29 18:20:00'),
(135, 7, 'Okpokwu', '2025-05-29 18:20:00', '2025-05-29 18:20:00'),
(136, 7, 'Ohimini', '2025-05-29 18:20:00', '2025-05-29 18:20:00'),
(137, 7, 'Oturkpo', '2025-05-29 18:20:00', '2025-05-29 18:20:00'),
(138, 7, 'Tarka', '2025-05-29 18:20:00', '2025-05-29 18:20:00'),
(139, 7, 'Ukum', '2025-05-29 18:20:00', '2025-05-29 18:20:00'),
(140, 7, 'Ushongo', '2025-05-29 18:20:00', '2025-05-29 18:20:00'),
(141, 7, 'Vandeikya', '2025-05-29 18:20:00', '2025-05-29 18:20:00'),
(142, 8, 'Abadam', '2025-05-29 18:20:00', '2025-05-29 18:20:00'),
(143, 8, 'Askira/Uba', '2025-05-29 18:20:00', '2025-05-29 18:20:00'),
(144, 8, 'Bama', '2025-05-29 18:20:00', '2025-05-29 18:20:00'),
(145, 8, 'Bayo', '2025-05-29 18:20:00', '2025-05-29 18:20:00'),
(146, 8, 'Biu', '2025-05-29 18:20:00', '2025-05-29 18:20:00'),
(147, 8, 'Chibok', '2025-05-29 18:20:00', '2025-05-29 18:20:00'),
(148, 8, 'Damboa', '2025-05-29 18:20:00', '2025-05-29 18:20:00'),
(149, 8, 'Dikwa', '2025-05-29 18:20:00', '2025-05-29 18:20:00'),
(150, 8, 'Gubio', '2025-05-29 18:20:00', '2025-05-29 18:20:00'),
(151, 8, 'Guzamala', '2025-05-29 18:20:00', '2025-05-29 18:20:00'),
(152, 8, 'Gwoza', '2025-05-29 18:20:00', '2025-05-29 18:20:00'),
(153, 8, 'Hawul', '2025-05-29 18:20:00', '2025-05-29 18:20:00'),
(154, 8, 'Jere', '2025-05-29 18:20:00', '2025-05-29 18:20:00'),
(155, 8, 'Kaga', '2025-05-29 18:20:00', '2025-05-29 18:20:00'),
(156, 8, 'Kala/Balge', '2025-05-29 18:20:00', '2025-05-29 18:20:00'),
(157, 8, 'Konduga', '2025-05-29 18:20:00', '2025-05-29 18:20:00'),
(158, 8, 'Kukawa', '2025-05-29 18:20:00', '2025-05-29 18:20:00'),
(159, 8, 'Kwaya Kusar', '2025-05-29 18:20:00', '2025-05-29 18:20:00'),
(160, 8, 'Mafa', '2025-05-29 18:20:00', '2025-05-29 18:20:00'),
(161, 8, 'Magumeri', '2025-05-29 18:20:00', '2025-05-29 18:20:00'),
(162, 8, 'Maiduguri', '2025-05-29 18:20:00', '2025-05-29 18:20:00'),
(163, 8, 'Marte', '2025-05-29 18:20:00', '2025-05-29 18:20:00'),
(164, 8, 'Mobbar', '2025-05-29 18:20:00', '2025-05-29 18:20:00'),
(165, 8, 'Monguno', '2025-05-29 18:20:00', '2025-05-29 18:20:00'),
(166, 8, 'Ngala', '2025-05-29 18:20:00', '2025-05-29 18:20:00'),
(167, 8, 'Nganzai', '2025-05-29 18:20:00', '2025-05-29 18:20:00'),
(168, 8, 'Shani', '2025-05-29 18:20:00', '2025-05-29 18:20:00'),
(169, 9, 'Akpabuyo', '2025-05-29 18:20:00', '2025-05-29 18:20:00'),
(170, 9, 'Odukpani', '2025-05-29 18:20:00', '2025-05-29 18:20:00'),
(171, 9, 'Akamkpa', '2025-05-29 18:20:00', '2025-05-29 18:20:00'),
(172, 9, 'Biase', '2025-05-29 18:20:00', '2025-05-29 18:20:00'),
(173, 9, 'Abi', '2025-05-29 18:20:00', '2025-05-29 18:20:00'),
(174, 9, 'Ikom', '2025-05-29 18:20:00', '2025-05-29 18:20:00'),
(175, 9, 'Yarkur', '2025-05-29 18:20:00', '2025-05-29 18:20:00'),
(176, 9, 'Odubra', '2025-05-29 18:20:00', '2025-05-29 18:20:00'),
(177, 9, 'Boki', '2025-05-29 18:20:00', '2025-05-29 18:20:00'),
(178, 9, 'Ogoja', '2025-05-29 18:20:00', '2025-05-29 18:20:00'),
(179, 9, 'Yala', '2025-05-29 18:20:00', '2025-05-29 18:20:00'),
(180, 9, 'Obanliku', '2025-05-29 18:20:00', '2025-05-29 18:20:00'),
(181, 9, 'Obudu', '2025-05-29 18:20:00', '2025-05-29 18:20:00'),
(182, 9, 'Calabar South', '2025-05-29 18:20:00', '2025-05-29 18:20:00'),
(183, 9, 'Etung', '2025-05-29 18:20:00', '2025-05-29 18:20:00'),
(184, 9, 'Bekwara', '2025-05-29 18:20:00', '2025-05-29 18:20:00'),
(185, 9, 'Bakassi', '2025-05-29 18:20:00', '2025-05-29 18:20:00'),
(186, 9, 'Calabar Municipality', '2025-05-29 18:20:00', '2025-05-29 18:20:00'),
(187, 10, 'Oshimili', '2025-05-29 18:20:00', '2025-05-29 18:20:00'),
(188, 10, 'Aniocha', '2025-05-29 18:20:00', '2025-05-29 18:20:00'),
(189, 10, 'Aniocha South', '2025-05-29 18:20:00', '2025-05-29 18:20:00'),
(190, 10, 'Ika South', '2025-05-29 18:20:00', '2025-05-29 18:20:00'),
(191, 10, 'Ika North-East', '2025-05-29 18:20:00', '2025-05-29 18:20:00'),
(192, 10, 'Ndokwa West', '2025-05-29 18:20:00', '2025-05-29 18:20:00'),
(193, 10, 'Ndokwa East', '2025-05-29 18:20:00', '2025-05-29 18:20:00'),
(194, 10, 'Isoko south', '2025-05-29 18:20:00', '2025-05-29 18:20:00'),
(195, 10, 'Isoko North', '2025-05-29 18:20:00', '2025-05-29 18:20:00'),
(196, 10, 'Bomadi', '2025-05-29 18:20:00', '2025-05-29 18:20:00'),
(197, 10, 'Burutu', '2025-05-29 18:20:00', '2025-05-29 18:20:00'),
(198, 10, 'Ughelli South', '2025-05-29 18:20:00', '2025-05-29 18:20:00'),
(199, 10, 'Ughelli North', '2025-05-29 18:20:00', '2025-05-29 18:20:00'),
(200, 10, 'Ethiope West', '2025-05-29 18:20:00', '2025-05-29 18:20:00'),
(201, 10, 'Ethiope East', '2025-05-29 18:20:00', '2025-05-29 18:20:00'),
(202, 10, 'Sapele', '2025-05-29 18:20:00', '2025-05-29 18:20:00'),
(203, 10, 'Okpe', '2025-05-29 18:20:00', '2025-05-29 18:20:00'),
(204, 10, 'Warri North', '2025-05-29 18:20:00', '2025-05-29 18:20:00'),
(205, 10, 'Warri South', '2025-05-29 18:20:00', '2025-05-29 18:20:00'),
(206, 10, 'Uvwie', '2025-05-29 18:20:00', '2025-05-29 18:20:00'),
(207, 10, 'Udu', '2025-05-29 18:20:00', '2025-05-29 18:20:00'),
(208, 10, 'Warri Central', '2025-05-29 18:20:00', '2025-05-29 18:20:00'),
(209, 10, 'Ukwani', '2025-05-29 18:20:00', '2025-05-29 18:20:00'),
(210, 10, 'Oshimili North', '2025-05-29 18:20:00', '2025-05-29 18:20:00'),
(211, 10, 'Patani', '2025-05-29 18:20:00', '2025-05-29 18:20:00'),
(212, 11, 'Afikpo South', '2025-05-29 18:20:00', '2025-05-29 18:20:00'),
(213, 11, 'Afikpo North', '2025-05-29 18:20:00', '2025-05-29 18:20:00'),
(214, 11, 'Onicha', '2025-05-29 18:20:00', '2025-05-29 18:20:00'),
(215, 11, 'Ohaozara', '2025-05-29 18:20:00', '2025-05-29 18:20:00'),
(216, 11, 'Abakaliki', '2025-05-29 18:20:00', '2025-05-29 18:20:00'),
(217, 11, 'Ishielu', '2025-05-29 18:20:00', '2025-05-29 18:20:00'),
(218, 11, 'lkwo', '2025-05-29 18:20:00', '2025-05-29 18:20:00'),
(219, 11, 'Ezza', '2025-05-29 18:20:00', '2025-05-29 18:20:00'),
(220, 11, 'Ezza South', '2025-05-29 18:20:00', '2025-05-29 18:20:00'),
(221, 11, 'Ohaukwu', '2025-05-29 18:20:00', '2025-05-29 18:20:00'),
(222, 11, 'Ebonyi', '2025-05-29 18:20:00', '2025-05-29 18:20:00'),
(223, 11, 'Ivo', '2025-05-29 18:20:00', '2025-05-29 18:20:00'),
(224, 12, 'Enugu South,', '2025-05-29 18:20:00', '2025-05-29 18:20:00'),
(225, 12, 'Igbo-Eze South', '2025-05-29 18:20:00', '2025-05-29 18:20:00'),
(226, 12, 'Enugu North', '2025-05-29 18:20:00', '2025-05-29 18:20:00'),
(227, 12, 'Nkanu', '2025-05-29 18:20:00', '2025-05-29 18:20:00'),
(228, 12, 'Udi Agwu', '2025-05-29 18:20:00', '2025-05-29 18:20:00'),
(229, 12, 'Oji-River', '2025-05-29 18:20:00', '2025-05-29 18:20:00'),
(230, 12, 'Ezeagu', '2025-05-29 18:20:00', '2025-05-29 18:20:00'),
(231, 12, 'IgboEze North', '2025-05-29 18:20:00', '2025-05-29 18:20:00'),
(232, 12, 'Isi-Uzo', '2025-05-29 18:20:00', '2025-05-29 18:20:00'),
(233, 12, 'Nsukka', '2025-05-29 18:20:00', '2025-05-29 18:20:00'),
(234, 12, 'Igbo-Ekiti', '2025-05-29 18:20:00', '2025-05-29 18:20:00'),
(235, 12, 'Uzo-Uwani', '2025-05-29 18:20:00', '2025-05-29 18:20:00'),
(236, 12, 'Enugu Eas', '2025-05-29 18:20:00', '2025-05-29 18:20:00'),
(237, 12, 'Aninri', '2025-05-29 18:20:00', '2025-05-29 18:20:00'),
(238, 12, 'Nkanu East', '2025-05-29 18:20:00', '2025-05-29 18:20:00'),
(239, 12, 'Udenu.', '2025-05-29 18:20:00', '2025-05-29 18:20:00'),
(240, 13, 'Esan North-East', '2025-05-29 18:20:00', '2025-05-29 18:20:00'),
(241, 13, 'Esan Central', '2025-05-29 18:20:00', '2025-05-29 18:20:00'),
(242, 13, 'Esan West', '2025-05-29 18:20:00', '2025-05-29 18:20:00'),
(243, 13, 'Egor', '2025-05-29 18:20:00', '2025-05-29 18:20:00'),
(244, 13, 'Ukpoba', '2025-05-29 18:20:00', '2025-05-29 18:20:00'),
(245, 13, 'Central', '2025-05-29 18:20:00', '2025-05-29 18:20:00'),
(246, 13, 'Etsako Central', '2025-05-29 18:20:00', '2025-05-29 18:20:00'),
(247, 13, 'Igueben', '2025-05-29 18:20:00', '2025-05-29 18:20:00'),
(248, 13, 'Oredo', '2025-05-29 18:20:00', '2025-05-29 18:20:00'),
(249, 13, 'Ovia SouthWest', '2025-05-29 18:20:00', '2025-05-29 18:20:00'),
(250, 13, 'Ovia South-East', '2025-05-29 18:20:00', '2025-05-29 18:20:00'),
(251, 13, 'Orhionwon', '2025-05-29 18:20:00', '2025-05-29 18:20:00'),
(252, 13, 'Uhunmwonde', '2025-05-29 18:20:00', '2025-05-29 18:20:00'),
(253, 13, 'Etsako East', '2025-05-29 18:20:00', '2025-05-29 18:20:00'),
(254, 13, 'Esan South-East', '2025-05-29 18:20:00', '2025-05-29 18:20:00'),
(255, 14, 'Ado', '2025-05-29 18:20:00', '2025-05-29 18:20:00'),
(256, 14, 'Ekiti-East', '2025-05-29 18:20:00', '2025-05-29 18:20:00'),
(257, 14, 'Ekiti-West', '2025-05-29 18:20:00', '2025-05-29 18:20:00'),
(258, 14, 'Emure/Ise/Orun', '2025-05-29 18:20:00', '2025-05-29 18:20:00'),
(259, 14, 'Ekiti South-West', '2025-05-29 18:20:00', '2025-05-29 18:20:00'),
(260, 14, 'Ikare', '2025-05-29 18:20:00', '2025-05-29 18:20:00'),
(261, 14, 'Irepodun', '2025-05-29 18:20:00', '2025-05-29 18:20:00'),
(262, 14, 'Ijero,', '2025-05-29 18:20:00', '2025-05-29 18:20:00'),
(263, 14, 'Ido/Osi', '2025-05-29 18:20:00', '2025-05-29 18:20:00'),
(264, 14, 'Oye', '2025-05-29 18:20:00', '2025-05-29 18:20:00'),
(265, 14, 'Ikole', '2025-05-29 18:20:00', '2025-05-29 18:20:00'),
(266, 14, 'Moba', '2025-05-29 18:20:00', '2025-05-29 18:20:00'),
(267, 14, 'Gbonyin', '2025-05-29 18:20:00', '2025-05-29 18:20:00'),
(268, 14, 'Efon', '2025-05-29 18:20:00', '2025-05-29 18:20:00'),
(269, 14, 'Ise/Orun', '2025-05-29 18:20:00', '2025-05-29 18:20:00'),
(270, 14, 'Ilejemeje.', '2025-05-29 18:20:00', '2025-05-29 18:20:00'),
(271, 15, 'Abaji', '2025-05-29 18:20:00', '2025-05-29 18:20:00'),
(272, 15, 'Abuja Municipal', '2025-05-29 18:20:00', '2025-05-29 18:20:00'),
(273, 15, 'Bwari', '2025-05-29 18:20:00', '2025-05-29 18:20:00'),
(274, 15, 'Gwagwalada', '2025-05-29 18:20:00', '2025-05-29 18:20:00'),
(275, 15, 'Kuje', '2025-05-29 18:20:00', '2025-05-29 18:20:00'),
(276, 15, 'Kwali', '2025-05-29 18:20:00', '2025-05-29 18:20:00'),
(277, 16, 'Akko', '2025-05-29 18:20:00', '2025-05-29 18:20:00'),
(278, 16, 'Balanga', '2025-05-29 18:20:00', '2025-05-29 18:20:00'),
(279, 16, 'Billiri', '2025-05-29 18:20:00', '2025-05-29 18:20:00'),
(280, 16, 'Dukku', '2025-05-29 18:20:00', '2025-05-29 18:20:00'),
(281, 16, 'Kaltungo', '2025-05-29 18:20:00', '2025-05-29 18:20:00'),
(282, 16, 'Kwami', '2025-05-29 18:20:00', '2025-05-29 18:20:00'),
(283, 16, 'Shomgom', '2025-05-29 18:20:00', '2025-05-29 18:20:00'),
(284, 16, 'Funakaye', '2025-05-29 18:20:00', '2025-05-29 18:20:00'),
(285, 16, 'Gombe', '2025-05-29 18:20:00', '2025-05-29 18:20:00'),
(286, 16, 'Nafada/Bajoga', '2025-05-29 18:20:00', '2025-05-29 18:20:00'),
(287, 16, 'Yamaltu/Delta.', '2025-05-29 18:20:00', '2025-05-29 18:20:00'),
(288, 17, 'Aboh-Mbaise', '2025-05-29 18:20:00', '2025-05-29 18:20:00'),
(289, 17, 'Ahiazu-Mbaise', '2025-05-29 18:20:00', '2025-05-29 18:20:00'),
(290, 17, 'Ehime-Mbano', '2025-05-29 18:20:00', '2025-05-29 18:20:00'),
(291, 17, 'Ezinihitte', '2025-05-29 18:20:00', '2025-05-29 18:20:00'),
(292, 17, 'Ideato North', '2025-05-29 18:20:00', '2025-05-29 18:20:00'),
(293, 17, 'Ideato South', '2025-05-29 18:20:00', '2025-05-29 18:20:00'),
(294, 17, 'Ihitte/Uboma', '2025-05-29 18:20:00', '2025-05-29 18:20:00'),
(295, 17, 'Ikeduru', '2025-05-29 18:20:00', '2025-05-29 18:20:00'),
(296, 17, 'Isiala Mbano', '2025-05-29 18:20:00', '2025-05-29 18:20:00'),
(297, 17, 'Isu', '2025-05-29 18:20:00', '2025-05-29 18:20:00'),
(298, 17, 'Mbaitoli', '2025-05-29 18:20:00', '2025-05-29 18:20:00'),
(299, 17, 'Ngor-Okpala', '2025-05-29 18:20:00', '2025-05-29 18:20:00'),
(300, 17, 'Njaba', '2025-05-29 18:20:00', '2025-05-29 18:20:00'),
(301, 17, 'Nwangele', '2025-05-29 18:20:00', '2025-05-29 18:20:00'),
(302, 17, 'Nkwerre', '2025-05-29 18:20:00', '2025-05-29 18:20:00'),
(303, 17, 'Obowo', '2025-05-29 18:20:00', '2025-05-29 18:20:00'),
(304, 17, 'Oguta', '2025-05-29 18:20:00', '2025-05-29 18:20:00'),
(305, 17, 'Ohaji/Egbema', '2025-05-29 18:20:00', '2025-05-29 18:20:00'),
(306, 17, 'Okigwe', '2025-05-29 18:20:00', '2025-05-29 18:20:00'),
(307, 17, 'Orlu', '2025-05-29 18:20:00', '2025-05-29 18:20:00'),
(308, 17, 'Orsu', '2025-05-29 18:20:00', '2025-05-29 18:20:00'),
(309, 17, 'Oru East', '2025-05-29 18:20:00', '2025-05-29 18:20:00'),
(310, 17, 'Oru West', '2025-05-29 18:20:00', '2025-05-29 18:20:00'),
(311, 17, 'Owerri-Municipal', '2025-05-29 18:20:00', '2025-05-29 18:20:00'),
(312, 17, 'Owerri North', '2025-05-29 18:20:00', '2025-05-29 18:20:00'),
(313, 17, 'Owerri West', '2025-05-29 18:20:00', '2025-05-29 18:20:00'),
(314, 18, 'Auyo', '2025-05-29 18:20:00', '2025-05-29 18:20:00'),
(315, 18, 'Babura', '2025-05-29 18:20:00', '2025-05-29 18:20:00'),
(316, 18, 'Birni Kudu', '2025-05-29 18:20:00', '2025-05-29 18:20:00'),
(317, 18, 'Biriniwa', '2025-05-29 18:20:00', '2025-05-29 18:20:00'),
(318, 18, 'Buji', '2025-05-29 18:20:00', '2025-05-29 18:20:00'),
(319, 18, 'Dutse', '2025-05-29 18:20:00', '2025-05-29 18:20:00'),
(320, 18, 'Gagarawa', '2025-05-29 18:20:00', '2025-05-29 18:20:00'),
(321, 18, 'Garki', '2025-05-29 18:20:00', '2025-05-29 18:20:00'),
(322, 18, 'Gumel', '2025-05-29 18:20:00', '2025-05-29 18:20:00'),
(323, 18, 'Guri', '2025-05-29 18:20:00', '2025-05-29 18:20:00'),
(324, 18, 'Gwaram', '2025-05-29 18:20:00', '2025-05-29 18:20:00'),
(325, 18, 'Gwiwa', '2025-05-29 18:20:00', '2025-05-29 18:20:00'),
(326, 18, 'Hadejia', '2025-05-29 18:20:00', '2025-05-29 18:20:00'),
(327, 18, 'Jahun', '2025-05-29 18:20:00', '2025-05-29 18:20:00'),
(328, 18, 'Kafin Hausa', '2025-05-29 18:20:00', '2025-05-29 18:20:00'),
(329, 18, 'Kaugama Kazaure', '2025-05-29 18:20:00', '2025-05-29 18:20:00'),
(330, 18, 'Kiri Kasamma', '2025-05-29 18:20:00', '2025-05-29 18:20:00'),
(331, 18, 'Kiyawa', '2025-05-29 18:20:00', '2025-05-29 18:20:00'),
(332, 18, 'Maigatari', '2025-05-29 18:20:00', '2025-05-29 18:20:00'),
(333, 18, 'Malam Madori', '2025-05-29 18:20:00', '2025-05-29 18:20:00'),
(334, 18, 'Miga', '2025-05-29 18:20:00', '2025-05-29 18:20:00'),
(335, 18, 'Ringim', '2025-05-29 18:20:00', '2025-05-29 18:20:00'),
(336, 18, 'Roni', '2025-05-29 18:20:00', '2025-05-29 18:20:00'),
(337, 18, 'Sule-Tankarkar', '2025-05-29 18:20:00', '2025-05-29 18:20:00'),
(338, 18, 'Taura', '2025-05-29 18:20:00', '2025-05-29 18:20:00'),
(339, 18, 'Yankwashi', '2025-05-29 18:20:00', '2025-05-29 18:20:00'),
(340, 19, 'Birni-Gwari', '2025-05-29 18:20:00', '2025-05-29 18:20:00'),
(341, 19, 'Chikun', '2025-05-29 18:20:00', '2025-05-29 18:20:00'),
(342, 19, 'Giwa', '2025-05-29 18:20:00', '2025-05-29 18:20:00'),
(343, 19, 'Igabi', '2025-05-29 18:20:00', '2025-05-29 18:20:00'),
(344, 19, 'Ikara', '2025-05-29 18:20:00', '2025-05-29 18:20:00'),
(345, 19, 'jaba', '2025-05-29 18:20:00', '2025-05-29 18:20:00'),
(346, 19, 'Jema\'a', '2025-05-29 18:20:00', '2025-05-29 18:20:00'),
(347, 19, 'Kachia', '2025-05-29 18:20:00', '2025-05-29 18:20:00'),
(348, 19, 'Kaduna North', '2025-05-29 18:20:00', '2025-05-29 18:20:00'),
(349, 19, 'Kaduna South', '2025-05-29 18:20:00', '2025-05-29 18:20:00'),
(350, 19, 'Kagarko', '2025-05-29 18:20:00', '2025-05-29 18:20:00'),
(351, 19, 'Kajuru', '2025-05-29 18:20:00', '2025-05-29 18:20:00'),
(352, 19, 'Kaura', '2025-05-29 18:20:00', '2025-05-29 18:20:00'),
(353, 19, 'Kauru', '2025-05-29 18:20:00', '2025-05-29 18:20:00'),
(354, 19, 'Kubau', '2025-05-29 18:20:00', '2025-05-29 18:20:00'),
(355, 19, 'Kudan', '2025-05-29 18:20:00', '2025-05-29 18:20:00'),
(356, 19, 'Lere', '2025-05-29 18:20:00', '2025-05-29 18:20:00'),
(357, 19, 'Makarfi', '2025-05-29 18:20:00', '2025-05-29 18:20:00'),
(358, 19, 'Sabon-Gari', '2025-05-29 18:20:00', '2025-05-29 18:20:00'),
(359, 19, 'Sanga', '2025-05-29 18:20:00', '2025-05-29 18:20:00'),
(360, 19, 'Soba', '2025-05-29 18:20:00', '2025-05-29 18:20:00'),
(361, 19, 'Zango-Kataf', '2025-05-29 18:20:00', '2025-05-29 18:20:00'),
(362, 19, 'Zaria', '2025-05-29 18:20:00', '2025-05-29 18:20:00'),
(363, 20, 'Ajingi', '2025-05-29 18:20:00', '2025-05-29 18:20:00'),
(364, 20, 'Albasu', '2025-05-29 18:20:00', '2025-05-29 18:20:00'),
(365, 20, 'Bagwai', '2025-05-29 18:20:00', '2025-05-29 18:20:00'),
(366, 20, 'Bebeji', '2025-05-29 18:20:00', '2025-05-29 18:20:00'),
(367, 20, 'Bichi', '2025-05-29 18:20:00', '2025-05-29 18:20:00'),
(368, 20, 'Bunkure', '2025-05-29 18:20:00', '2025-05-29 18:20:00'),
(369, 20, 'Dala', '2025-05-29 18:20:00', '2025-05-29 18:20:00'),
(370, 20, 'Dambatta', '2025-05-29 18:20:00', '2025-05-29 18:20:00'),
(371, 20, 'Dawakin Kudu', '2025-05-29 18:20:00', '2025-05-29 18:20:00'),
(372, 20, 'Dawakin Tofa', '2025-05-29 18:20:00', '2025-05-29 18:20:00'),
(373, 20, 'Doguwa', '2025-05-29 18:20:00', '2025-05-29 18:20:00'),
(374, 20, 'Fagge', '2025-05-29 18:20:00', '2025-05-29 18:20:00'),
(375, 20, 'Gabasawa', '2025-05-29 18:20:00', '2025-05-29 18:20:00'),
(376, 20, 'Garko', '2025-05-29 18:20:00', '2025-05-29 18:20:00'),
(377, 20, 'Garum', '2025-05-29 18:20:00', '2025-05-29 18:20:00'),
(378, 20, 'Mallam', '2025-05-29 18:20:00', '2025-05-29 18:20:00'),
(379, 20, 'Gaya', '2025-05-29 18:20:00', '2025-05-29 18:20:00'),
(380, 20, 'Gezawa', '2025-05-29 18:20:00', '2025-05-29 18:20:00'),
(381, 20, 'Gwale', '2025-05-29 18:20:00', '2025-05-29 18:20:00'),
(382, 20, 'Gwarzo', '2025-05-29 18:20:00', '2025-05-29 18:20:00'),
(383, 20, 'Kabo', '2025-05-29 18:20:00', '2025-05-29 18:20:00'),
(384, 20, 'Kano Municipal', '2025-05-29 18:20:00', '2025-05-29 18:20:00'),
(385, 20, 'Karaye', '2025-05-29 18:20:00', '2025-05-29 18:20:00'),
(386, 20, 'Kibiya', '2025-05-29 18:20:00', '2025-05-29 18:20:00'),
(387, 20, 'Kiru', '2025-05-29 18:20:00', '2025-05-29 18:20:00'),
(388, 20, 'kumbotso', '2025-05-29 18:20:00', '2025-05-29 18:20:00'),
(389, 20, 'Kunchi', '2025-05-29 18:20:00', '2025-05-29 18:20:00'),
(390, 20, 'Kura', '2025-05-29 18:20:00', '2025-05-29 18:20:00'),
(391, 20, 'Madobi', '2025-05-29 18:20:00', '2025-05-29 18:20:00'),
(392, 20, 'Makoda', '2025-05-29 18:20:00', '2025-05-29 18:20:00'),
(393, 20, 'Minjibir', '2025-05-29 18:20:00', '2025-05-29 18:20:00'),
(394, 20, 'Nasarawa', '2025-05-29 18:20:00', '2025-05-29 18:20:00'),
(395, 20, 'Rano', '2025-05-29 18:20:00', '2025-05-29 18:20:00'),
(396, 20, 'Rimin Gado', '2025-05-29 18:20:00', '2025-05-29 18:20:00'),
(397, 20, 'Rogo', '2025-05-29 18:20:00', '2025-05-29 18:20:00'),
(398, 20, 'Shanono', '2025-05-29 18:20:00', '2025-05-29 18:20:00'),
(399, 20, 'Sumaila', '2025-05-29 18:20:00', '2025-05-29 18:20:00'),
(400, 20, 'Takali', '2025-05-29 18:20:00', '2025-05-29 18:20:00'),
(401, 20, 'Tarauni', '2025-05-29 18:20:00', '2025-05-29 18:20:00'),
(402, 20, 'Tofa', '2025-05-29 18:20:00', '2025-05-29 18:20:00'),
(403, 20, 'Tsanyawa', '2025-05-29 18:20:00', '2025-05-29 18:20:00'),
(404, 20, 'Tudun Wada', '2025-05-29 18:20:00', '2025-05-29 18:20:00'),
(405, 20, 'Ungogo', '2025-05-29 18:20:00', '2025-05-29 18:20:00'),
(406, 20, 'Warawa', '2025-05-29 18:20:00', '2025-05-29 18:20:00'),
(407, 20, 'Wudil', '2025-05-29 18:20:00', '2025-05-29 18:20:00'),
(408, 21, 'Bakori', '2025-05-29 18:20:00', '2025-05-29 18:20:00'),
(409, 21, 'Batagarawa', '2025-05-29 18:20:00', '2025-05-29 18:20:00'),
(410, 21, 'Batsari', '2025-05-29 18:20:00', '2025-05-29 18:20:00'),
(411, 21, 'Baure', '2025-05-29 18:20:00', '2025-05-29 18:20:00'),
(412, 21, 'Bindawa', '2025-05-29 18:20:00', '2025-05-29 18:20:00'),
(413, 21, 'Charanchi', '2025-05-29 18:20:00', '2025-05-29 18:20:00'),
(414, 21, 'Dandume', '2025-05-29 18:20:00', '2025-05-29 18:20:00'),
(415, 21, 'Danja', '2025-05-29 18:20:00', '2025-05-29 18:20:00'),
(416, 21, 'Dan Musa', '2025-05-29 18:20:00', '2025-05-29 18:20:00'),
(417, 21, 'Daura', '2025-05-29 18:20:00', '2025-05-29 18:20:00'),
(418, 21, 'Dutsi', '2025-05-29 18:20:00', '2025-05-29 18:20:00'),
(419, 21, 'Dutsin-Ma', '2025-05-29 18:20:00', '2025-05-29 18:20:00'),
(420, 21, 'Faskari', '2025-05-29 18:20:00', '2025-05-29 18:20:00'),
(421, 21, 'Funtua', '2025-05-29 18:20:00', '2025-05-29 18:20:00'),
(422, 21, 'Ingawa', '2025-05-29 18:20:00', '2025-05-29 18:20:00'),
(423, 21, 'Jibia', '2025-05-29 18:20:00', '2025-05-29 18:20:00'),
(424, 21, 'Kafur', '2025-05-29 18:20:00', '2025-05-29 18:20:00'),
(425, 21, 'Kaita', '2025-05-29 18:20:00', '2025-05-29 18:20:00'),
(426, 21, 'Kankara', '2025-05-29 18:20:00', '2025-05-29 18:20:00'),
(427, 21, 'Kankia', '2025-05-29 18:20:00', '2025-05-29 18:20:00'),
(428, 21, 'Katsina', '2025-05-29 18:20:00', '2025-05-29 18:20:00'),
(429, 21, 'Kurfi', '2025-05-29 18:20:00', '2025-05-29 18:20:00'),
(430, 21, 'Kusada', '2025-05-29 18:20:00', '2025-05-29 18:20:00'),
(431, 21, 'Mai\'Adua', '2025-05-29 18:20:00', '2025-05-29 18:20:00'),
(432, 21, 'Malumfashi', '2025-05-29 18:20:00', '2025-05-29 18:20:00'),
(433, 21, 'Mani', '2025-05-29 18:20:00', '2025-05-29 18:20:00'),
(434, 21, 'Mashi', '2025-05-29 18:20:00', '2025-05-29 18:20:00'),
(435, 21, 'Matazuu', '2025-05-29 18:20:00', '2025-05-29 18:20:00'),
(436, 21, 'Musawa', '2025-05-29 18:20:00', '2025-05-29 18:20:00'),
(437, 21, 'Rimi', '2025-05-29 18:20:00', '2025-05-29 18:20:00'),
(438, 21, 'Sabuwa', '2025-05-29 18:20:00', '2025-05-29 18:20:00'),
(439, 21, 'Safana', '2025-05-29 18:20:00', '2025-05-29 18:20:00'),
(440, 21, 'Sandamu', '2025-05-29 18:20:00', '2025-05-29 18:20:00'),
(441, 21, 'Zango', '2025-05-29 18:20:00', '2025-05-29 18:20:00'),
(442, 22, 'Aleiro', '2025-05-29 18:20:00', '2025-05-29 18:20:00'),
(443, 22, 'Arewa-Dandi', '2025-05-29 18:20:00', '2025-05-29 18:20:00'),
(444, 22, 'Argungu', '2025-05-29 18:20:00', '2025-05-29 18:20:00'),
(445, 22, 'Augie', '2025-05-29 18:20:00', '2025-05-29 18:20:00'),
(446, 22, 'Bagudo', '2025-05-29 18:20:00', '2025-05-29 18:20:00'),
(447, 22, 'Birnin Kebbi', '2025-05-29 18:20:00', '2025-05-29 18:20:00'),
(448, 22, 'Bunza', '2025-05-29 18:20:00', '2025-05-29 18:20:00'),
(449, 22, 'Dandi', '2025-05-29 18:20:00', '2025-05-29 18:20:00'),
(450, 22, 'Fakai', '2025-05-29 18:20:00', '2025-05-29 18:20:00'),
(451, 22, 'Gwandu', '2025-05-29 18:20:00', '2025-05-29 18:20:00'),
(452, 22, 'Jega', '2025-05-29 18:20:00', '2025-05-29 18:20:00'),
(453, 22, 'Kalgo', '2025-05-29 18:20:00', '2025-05-29 18:20:00'),
(454, 22, 'Koko/Besse', '2025-05-29 18:20:00', '2025-05-29 18:20:00'),
(455, 22, 'Maiyama', '2025-05-29 18:20:00', '2025-05-29 18:20:00'),
(456, 22, 'Ngaski', '2025-05-29 18:20:00', '2025-05-29 18:20:00'),
(457, 22, 'Sakaba', '2025-05-29 18:20:00', '2025-05-29 18:20:00'),
(458, 22, 'Shanga', '2025-05-29 18:20:00', '2025-05-29 18:20:00'),
(459, 22, 'Suru', '2025-05-29 18:20:00', '2025-05-29 18:20:00'),
(460, 22, 'Wasagu/Danko', '2025-05-29 18:20:00', '2025-05-29 18:20:00'),
(461, 22, 'Yauri', '2025-05-29 18:20:00', '2025-05-29 18:20:00'),
(462, 22, 'Zuru', '2025-05-29 18:20:00', '2025-05-29 18:20:00'),
(463, 23, 'Adavi', '2025-05-29 18:20:00', '2025-05-29 18:20:00'),
(464, 23, 'Ajaokuta', '2025-05-29 18:20:00', '2025-05-29 18:20:00'),
(465, 23, 'Ankpa', '2025-05-29 18:20:00', '2025-05-29 18:20:00'),
(466, 23, 'Bassa', '2025-05-29 18:20:00', '2025-05-29 18:20:00'),
(467, 23, 'Dekina', '2025-05-29 18:20:00', '2025-05-29 18:20:00'),
(468, 23, 'Ibaji', '2025-05-29 18:20:00', '2025-05-29 18:20:00'),
(469, 23, 'Idah', '2025-05-29 18:20:00', '2025-05-29 18:20:00'),
(470, 23, 'Igalamela-Odolu', '2025-05-29 18:20:00', '2025-05-29 18:20:00'),
(471, 23, 'Ijumu', '2025-05-29 18:20:00', '2025-05-29 18:20:00'),
(472, 23, 'Kabba/Bunu', '2025-05-29 18:20:00', '2025-05-29 18:20:00'),
(473, 23, 'Kogi', '2025-05-29 18:20:00', '2025-05-29 18:20:00'),
(474, 23, 'Lokoja', '2025-05-29 18:20:00', '2025-05-29 18:20:00'),
(475, 23, 'Mopa-Muro', '2025-05-29 18:20:00', '2025-05-29 18:20:00'),
(476, 23, 'Ofu', '2025-05-29 18:20:00', '2025-05-29 18:20:00'),
(477, 23, 'Ogori/Mangongo', '2025-05-29 18:20:00', '2025-05-29 18:20:00'),
(478, 23, 'Okehi', '2025-05-29 18:20:00', '2025-05-29 18:20:00'),
(479, 23, 'Okene', '2025-05-29 18:20:00', '2025-05-29 18:20:00'),
(480, 23, 'Olamabolo', '2025-05-29 18:20:00', '2025-05-29 18:20:00'),
(481, 23, 'Omala', '2025-05-29 18:20:00', '2025-05-29 18:20:00'),
(482, 23, 'Yagba East', '2025-05-29 18:20:00', '2025-05-29 18:20:00'),
(483, 23, 'Yagba West', '2025-05-29 18:20:00', '2025-05-29 18:20:00'),
(484, 24, 'Asa', '2025-05-29 18:20:00', '2025-05-29 18:20:00'),
(485, 24, 'Baruten', '2025-05-29 18:20:00', '2025-05-29 18:20:00'),
(486, 24, 'Edu', '2025-05-29 18:20:00', '2025-05-29 18:20:00'),
(487, 24, 'Ekiti', '2025-05-29 18:20:00', '2025-05-29 18:20:00'),
(488, 24, 'Ifelodun', '2025-05-29 18:20:00', '2025-05-29 18:20:00'),
(489, 24, 'Ilorin East', '2025-05-29 18:20:00', '2025-05-29 18:20:00'),
(490, 24, 'Ilorin West', '2025-05-29 18:20:00', '2025-05-29 18:20:00'),
(491, 24, 'Irepodun', '2025-05-29 18:20:00', '2025-05-29 18:20:00'),
(492, 24, 'Isin', '2025-05-29 18:20:00', '2025-05-29 18:20:00'),
(493, 24, 'Kaiama', '2025-05-29 18:20:00', '2025-05-29 18:20:00'),
(494, 24, 'Moro', '2025-05-29 18:20:00', '2025-05-29 18:20:00'),
(495, 24, 'Offa', '2025-05-29 18:20:00', '2025-05-29 18:20:00'),
(496, 24, 'Oke-Ero', '2025-05-29 18:20:00', '2025-05-29 18:20:00'),
(497, 24, 'Oyun', '2025-05-29 18:20:00', '2025-05-29 18:20:00'),
(498, 24, 'Pategi', '2025-05-29 18:20:00', '2025-05-29 18:20:00'),
(499, 25, 'Agege', '2025-05-29 18:20:00', '2025-05-29 18:20:00'),
(500, 25, 'Ajeromi-Ifelodun', '2025-05-29 18:20:00', '2025-05-29 18:20:00'),
(501, 25, 'Alimosho', '2025-05-29 18:20:00', '2025-05-29 18:20:00'),
(502, 25, 'Amuwo-Odofin', '2025-05-29 18:20:00', '2025-05-29 18:20:00'),
(503, 25, 'Apapa', '2025-05-29 18:20:00', '2025-05-29 18:20:00'),
(504, 25, 'Badagry', '2025-05-29 18:20:00', '2025-05-29 18:20:00'),
(505, 25, 'Epe', '2025-05-29 18:20:00', '2025-05-29 18:20:00'),
(506, 25, 'Eti-Osa', '2025-05-29 18:20:00', '2025-05-29 18:20:00'),
(507, 25, 'Ibeju/Lekki', '2025-05-29 18:20:00', '2025-05-29 18:20:00'),
(508, 25, 'Ifako-Ijaye', '2025-05-29 18:20:00', '2025-05-29 18:20:00'),
(509, 25, 'Ikeja', '2025-05-29 18:20:00', '2025-05-29 18:20:00'),
(510, 25, 'Ikorodu', '2025-05-29 18:20:00', '2025-05-29 18:20:00'),
(511, 25, 'Kosofe', '2025-05-29 18:20:00', '2025-05-29 18:20:00'),
(512, 25, 'Lagos Island', '2025-05-29 18:20:00', '2025-05-29 18:20:00'),
(513, 25, 'Lagos Mainland', '2025-05-29 18:20:00', '2025-05-29 18:20:00'),
(514, 25, 'Mushin', '2025-05-29 18:20:00', '2025-05-29 18:20:00'),
(515, 25, 'Ojo', '2025-05-29 18:20:00', '2025-05-29 18:20:00'),
(516, 25, 'Oshodi-Isolo', '2025-05-29 18:20:00', '2025-05-29 18:20:00'),
(517, 25, 'Shomolu', '2025-05-29 18:20:00', '2025-05-29 18:20:00'),
(518, 25, 'Surulere', '2025-05-29 18:20:00', '2025-05-29 18:20:00'),
(519, 26, 'Akwanga', '2025-05-29 18:20:00', '2025-05-29 18:20:00'),
(520, 26, 'Awe', '2025-05-29 18:20:00', '2025-05-29 18:20:00'),
(521, 26, 'Doma', '2025-05-29 18:20:00', '2025-05-29 18:20:00'),
(522, 26, 'Karu', '2025-05-29 18:20:00', '2025-05-29 18:20:00'),
(523, 26, 'Keana', '2025-05-29 18:20:00', '2025-05-29 18:20:00'),
(524, 26, 'Keffi', '2025-05-29 18:20:00', '2025-05-29 18:20:00'),
(525, 26, 'Kokona', '2025-05-29 18:20:00', '2025-05-29 18:20:00'),
(526, 26, 'Lafia', '2025-05-29 18:20:00', '2025-05-29 18:20:00'),
(527, 26, 'Nasarawa', '2025-05-29 18:20:00', '2025-05-29 18:20:00'),
(528, 26, 'Nasarawa-Eggon', '2025-05-29 18:20:00', '2025-05-29 18:20:00'),
(529, 26, 'Obi', '2025-05-29 18:20:00', '2025-05-29 18:20:00'),
(530, 26, 'Toto', '2025-05-29 18:20:00', '2025-05-29 18:20:00'),
(531, 26, 'Wamba', '2025-05-29 18:20:00', '2025-05-29 18:20:00'),
(532, 27, 'Agaie', '2025-05-29 18:20:00', '2025-05-29 18:20:00'),
(533, 27, 'Agwara', '2025-05-29 18:20:00', '2025-05-29 18:20:00'),
(534, 27, 'Bida', '2025-05-29 18:20:00', '2025-05-29 18:20:00'),
(535, 27, 'Borgu', '2025-05-29 18:20:00', '2025-05-29 18:20:00'),
(536, 27, 'Bosso', '2025-05-29 18:20:00', '2025-05-29 18:20:00'),
(537, 27, 'Chanchaga', '2025-05-29 18:20:00', '2025-05-29 18:20:00'),
(538, 27, 'Edati', '2025-05-29 18:20:00', '2025-05-29 18:20:00'),
(539, 27, 'Gbako', '2025-05-29 18:20:00', '2025-05-29 18:20:00'),
(540, 27, 'Gurara', '2025-05-29 18:20:00', '2025-05-29 18:20:00'),
(541, 27, 'Katcha', '2025-05-29 18:20:00', '2025-05-29 18:20:00'),
(542, 27, 'Kontagora', '2025-05-29 18:20:00', '2025-05-29 18:20:00'),
(543, 27, 'Lapai', '2025-05-29 18:20:00', '2025-05-29 18:20:00'),
(544, 27, 'Lavun', '2025-05-29 18:20:00', '2025-05-29 18:20:00'),
(545, 27, 'Magama', '2025-05-29 18:20:00', '2025-05-29 18:20:00'),
(546, 27, 'Mariga', '2025-05-29 18:20:00', '2025-05-29 18:20:00'),
(547, 27, 'Mashegu', '2025-05-29 18:20:00', '2025-05-29 18:20:00'),
(548, 27, 'Mokwa', '2025-05-29 18:20:00', '2025-05-29 18:20:00'),
(549, 27, 'Muya', '2025-05-29 18:20:00', '2025-05-29 18:20:00'),
(550, 27, 'Pailoro', '2025-05-29 18:20:00', '2025-05-29 18:20:00'),
(551, 27, 'Rafi', '2025-05-29 18:20:00', '2025-05-29 18:20:00'),
(552, 27, 'Rijau', '2025-05-29 18:20:00', '2025-05-29 18:20:00'),
(553, 27, 'Shiroro', '2025-05-29 18:20:00', '2025-05-29 18:20:00'),
(554, 27, 'Suleja', '2025-05-29 18:20:00', '2025-05-29 18:20:00'),
(555, 27, 'Tafa', '2025-05-29 18:20:00', '2025-05-29 18:20:00'),
(556, 27, 'Wushishi', '2025-05-29 18:20:00', '2025-05-29 18:20:00'),
(557, 28, 'Abeokuta North', '2025-05-29 18:20:00', '2025-05-29 18:20:00'),
(558, 28, 'Abeokuta South', '2025-05-29 18:20:00', '2025-05-29 18:20:00'),
(559, 28, 'Ado-Odo/Ota', '2025-05-29 18:20:00', '2025-05-29 18:20:00'),
(560, 28, 'Egbado North', '2025-05-29 18:20:00', '2025-05-29 18:20:00'),
(561, 28, 'Egbado South', '2025-05-29 18:20:00', '2025-05-29 18:20:00'),
(562, 28, 'Ewekoro', '2025-05-29 18:20:00', '2025-05-29 18:20:00'),
(563, 28, 'Ifo', '2025-05-29 18:20:00', '2025-05-29 18:20:00'),
(564, 28, 'Ijebu East', '2025-05-29 18:20:00', '2025-05-29 18:20:00'),
(565, 28, 'Ijebu North', '2025-05-29 18:20:00', '2025-05-29 18:20:00'),
(566, 28, 'Ijebu North East', '2025-05-29 18:20:00', '2025-05-29 18:20:00'),
(567, 28, 'Ijebu Ode', '2025-05-29 18:20:00', '2025-05-29 18:20:00'),
(568, 28, 'Ikenne', '2025-05-29 18:20:00', '2025-05-29 18:20:00'),
(569, 28, 'Imeko-Afon', '2025-05-29 18:20:00', '2025-05-29 18:20:00'),
(570, 28, 'Ipokia', '2025-05-29 18:20:00', '2025-05-29 18:20:00'),
(571, 28, 'Obafemi-Owode', '2025-05-29 18:20:00', '2025-05-29 18:20:00'),
(572, 28, 'Ogun Waterside', '2025-05-29 18:20:00', '2025-05-29 18:20:00'),
(573, 28, 'Odeda', '2025-05-29 18:20:00', '2025-05-29 18:20:00'),
(574, 28, 'Odogbolu', '2025-05-29 18:20:00', '2025-05-29 18:20:00'),
(575, 28, 'Remo North', '2025-05-29 18:20:00', '2025-05-29 18:20:00'),
(576, 28, 'Shagamu', '2025-05-29 18:20:00', '2025-05-29 18:20:00'),
(577, 29, 'Akoko North East', '2025-05-29 18:20:00', '2025-05-29 18:20:00'),
(578, 29, 'Akoko North West', '2025-05-29 18:20:00', '2025-05-29 18:20:00'),
(579, 29, 'Akoko South Akure East', '2025-05-29 18:20:00', '2025-05-29 18:20:00'),
(580, 29, 'Akoko South West', '2025-05-29 18:20:00', '2025-05-29 18:20:00'),
(581, 29, 'Akure North', '2025-05-29 18:20:00', '2025-05-29 18:20:00'),
(582, 29, 'Akure South', '2025-05-29 18:20:00', '2025-05-29 18:20:00'),
(583, 29, 'Ese-Odo', '2025-05-29 18:20:00', '2025-05-29 18:20:00'),
(584, 29, 'Idanre', '2025-05-29 18:20:00', '2025-05-29 18:20:00'),
(585, 29, 'Ifedore', '2025-05-29 18:20:00', '2025-05-29 18:20:00'),
(586, 29, 'Ilaje', '2025-05-29 18:20:00', '2025-05-29 18:20:00'),
(587, 29, 'Ile-Oluji', '2025-05-29 18:20:00', '2025-05-29 18:20:00'),
(588, 29, 'Okeigbo', '2025-05-29 18:20:00', '2025-05-29 18:20:00'),
(589, 29, 'Irele', '2025-05-29 18:20:00', '2025-05-29 18:20:00'),
(590, 29, 'Odigbo', '2025-05-29 18:20:00', '2025-05-29 18:20:00'),
(591, 29, 'Okitipupa', '2025-05-29 18:20:00', '2025-05-29 18:20:00'),
(592, 29, 'Ondo East', '2025-05-29 18:20:00', '2025-05-29 18:20:00'),
(593, 29, 'Ondo West', '2025-05-29 18:20:00', '2025-05-29 18:20:00'),
(594, 29, 'Ose', '2025-05-29 18:20:00', '2025-05-29 18:20:00'),
(595, 29, 'Owo', '2025-05-29 18:20:00', '2025-05-29 18:20:00'),
(596, 30, 'Aiyedade', '2025-05-29 18:20:00', '2025-05-29 18:20:00'),
(597, 30, 'Aiyedire', '2025-05-29 18:20:00', '2025-05-29 18:20:00'),
(598, 30, 'Atakumosa East', '2025-05-29 18:20:00', '2025-05-29 18:20:00'),
(599, 30, 'Atakumosa West', '2025-05-29 18:20:00', '2025-05-29 18:20:00'),
(600, 30, 'Boluwaduro', '2025-05-29 18:20:00', '2025-05-29 18:20:00'),
(601, 30, 'Boripe', '2025-05-29 18:20:00', '2025-05-29 18:20:00'),
(602, 30, 'Ede North', '2025-05-29 18:20:00', '2025-05-29 18:20:00'),
(603, 30, 'Ede South', '2025-05-29 18:20:00', '2025-05-29 18:20:00'),
(604, 30, 'Egbedore', '2025-05-29 18:20:00', '2025-05-29 18:20:00'),
(605, 30, 'Ejigbo', '2025-05-29 18:20:00', '2025-05-29 18:20:00'),
(606, 30, 'Ife Central', '2025-05-29 18:20:00', '2025-05-29 18:20:00'),
(607, 30, 'Ife East', '2025-05-29 18:20:00', '2025-05-29 18:20:00'),
(608, 30, 'Ife North', '2025-05-29 18:20:00', '2025-05-29 18:20:00'),
(609, 30, 'Ife South', '2025-05-29 18:20:00', '2025-05-29 18:20:00'),
(610, 30, 'Ifedayo', '2025-05-29 18:20:00', '2025-05-29 18:20:00'),
(611, 30, 'Ifelodun', '2025-05-29 18:20:00', '2025-05-29 18:20:00'),
(612, 30, 'Ila', '2025-05-29 18:20:00', '2025-05-29 18:20:00'),
(613, 30, 'Ilesha East', '2025-05-29 18:20:00', '2025-05-29 18:20:00'),
(614, 30, 'Ilesha West', '2025-05-29 18:20:00', '2025-05-29 18:20:00'),
(615, 30, 'Irepodun', '2025-05-29 18:20:00', '2025-05-29 18:20:00'),
(616, 30, 'Irewole', '2025-05-29 18:20:00', '2025-05-29 18:20:00'),
(617, 30, 'Isokan', '2025-05-29 18:20:00', '2025-05-29 18:20:00'),
(618, 30, 'Iwo', '2025-05-29 18:20:00', '2025-05-29 18:20:00'),
(619, 30, 'Obokun', '2025-05-29 18:20:00', '2025-05-29 18:20:00'),
(620, 30, 'Odo-Otin', '2025-05-29 18:20:00', '2025-05-29 18:20:00'),
(621, 30, 'Ola-Oluwa', '2025-05-29 18:20:00', '2025-05-29 18:20:00'),
(622, 30, 'Olorunda', '2025-05-29 18:20:00', '2025-05-29 18:20:00'),
(623, 30, 'Oriade', '2025-05-29 18:20:00', '2025-05-29 18:20:00'),
(624, 30, 'Orolu', '2025-05-29 18:20:00', '2025-05-29 18:20:00'),
(625, 30, 'Osogbo', '2025-05-29 18:20:00', '2025-05-29 18:20:00'),
(626, 31, 'Afijio', '2025-05-29 18:20:00', '2025-05-29 18:20:00'),
(627, 31, 'Akinyele', '2025-05-29 18:20:00', '2025-05-29 18:20:00'),
(628, 31, 'Atiba', '2025-05-29 18:20:00', '2025-05-29 18:20:00'),
(629, 31, 'Atigbo', '2025-05-29 18:20:00', '2025-05-29 18:20:00'),
(630, 31, 'Egbeda', '2025-05-29 18:20:00', '2025-05-29 18:20:00'),
(631, 31, 'Ibadan Central', '2025-05-29 18:20:00', '2025-05-29 18:20:00'),
(632, 31, 'Ibadan North', '2025-05-29 18:20:00', '2025-05-29 18:20:00'),
(633, 31, 'Ibadan North West', '2025-05-29 18:20:00', '2025-05-29 18:20:00'),
(634, 31, 'Ibadan South East', '2025-05-29 18:20:00', '2025-05-29 18:20:00'),
(635, 31, 'Ibadan South West', '2025-05-29 18:20:00', '2025-05-29 18:20:00'),
(636, 31, 'Ibarapa Central', '2025-05-29 18:20:00', '2025-05-29 18:20:00'),
(637, 31, 'Ibarapa East', '2025-05-29 18:20:00', '2025-05-29 18:20:00'),
(638, 31, 'Ibarapa North', '2025-05-29 18:20:00', '2025-05-29 18:20:00'),
(639, 31, 'Ido', '2025-05-29 18:20:00', '2025-05-29 18:20:00'),
(640, 31, 'Irepo', '2025-05-29 18:20:00', '2025-05-29 18:20:00'),
(641, 31, 'Iseyin', '2025-05-29 18:20:00', '2025-05-29 18:20:00'),
(642, 31, 'Itesiwaju', '2025-05-29 18:20:00', '2025-05-29 18:20:00'),
(643, 31, 'Iwajowa', '2025-05-29 18:20:00', '2025-05-29 18:20:00'),
(644, 31, 'Kajola', '2025-05-29 18:20:00', '2025-05-29 18:20:00'),
(645, 31, 'Lagelu Ogbomosho North', '2025-05-29 18:20:00', '2025-05-29 18:20:00'),
(646, 31, 'Ogbmosho South', '2025-05-29 18:20:00', '2025-05-29 18:20:00'),
(647, 31, 'Ogo Oluwa', '2025-05-29 18:20:00', '2025-05-29 18:20:00'),
(648, 31, 'Olorunsogo', '2025-05-29 18:20:00', '2025-05-29 18:20:00'),
(649, 31, 'Oluyole', '2025-05-29 18:20:00', '2025-05-29 18:20:00'),
(650, 31, 'Ona-Ara', '2025-05-29 18:20:00', '2025-05-29 18:20:00'),
(651, 31, 'Orelope', '2025-05-29 18:20:00', '2025-05-29 18:20:00'),
(652, 31, 'Ori Ire', '2025-05-29 18:20:00', '2025-05-29 18:20:00'),
(653, 31, 'Oyo East', '2025-05-29 18:20:00', '2025-05-29 18:20:00'),
(654, 31, 'Oyo West', '2025-05-29 18:20:00', '2025-05-29 18:20:00'),
(655, 31, 'Saki East', '2025-05-29 18:20:00', '2025-05-29 18:20:00'),
(656, 31, 'Saki West', '2025-05-29 18:20:00', '2025-05-29 18:20:00'),
(657, 31, 'Surulere', '2025-05-29 18:20:00', '2025-05-29 18:20:00'),
(658, 32, 'Barikin Ladi', '2025-05-29 18:20:00', '2025-05-29 18:20:00'),
(659, 32, 'Bassa', '2025-05-29 18:20:00', '2025-05-29 18:20:00'),
(660, 32, 'Bokkos', '2025-05-29 18:20:00', '2025-05-29 18:20:00'),
(661, 32, 'Jos East', '2025-05-29 18:20:00', '2025-05-29 18:20:00'),
(662, 32, 'Jos North', '2025-05-29 18:20:00', '2025-05-29 18:20:00'),
(663, 32, 'Jos South', '2025-05-29 18:20:00', '2025-05-29 18:20:00'),
(664, 32, 'Kanam', '2025-05-29 18:20:00', '2025-05-29 18:20:00'),
(665, 32, 'Kanke', '2025-05-29 18:20:00', '2025-05-29 18:20:00'),
(666, 32, 'Langtang North', '2025-05-29 18:20:00', '2025-05-29 18:20:00'),
(667, 32, 'Langtang South', '2025-05-29 18:20:00', '2025-05-29 18:20:00'),
(668, 32, 'Mangu', '2025-05-29 18:20:00', '2025-05-29 18:20:00'),
(669, 32, 'Mikang', '2025-05-29 18:20:00', '2025-05-29 18:20:00'),
(670, 32, 'Pankshin', '2025-05-29 18:20:00', '2025-05-29 18:20:00'),
(671, 32, 'Qua\'an Pan', '2025-05-29 18:20:00', '2025-05-29 18:20:00'),
(672, 32, 'Riyom', '2025-05-29 18:20:00', '2025-05-29 18:20:00'),
(673, 32, 'Shendam', '2025-05-29 18:20:00', '2025-05-29 18:20:00'),
(674, 32, 'Wase', '2025-05-29 18:20:00', '2025-05-29 18:20:00'),
(675, 33, 'Abua/Odual', '2025-05-29 18:20:00', '2025-05-29 18:20:00'),
(676, 33, 'Ahoada East', '2025-05-29 18:20:00', '2025-05-29 18:20:00'),
(677, 33, 'Ahoada West', '2025-05-29 18:20:00', '2025-05-29 18:20:00'),
(678, 33, 'Akuku Toru', '2025-05-29 18:20:00', '2025-05-29 18:20:00'),
(679, 33, 'Andoni', '2025-05-29 18:20:00', '2025-05-29 18:20:00'),
(680, 33, 'Asari-Toru', '2025-05-29 18:20:00', '2025-05-29 18:20:00'),
(681, 33, 'Bonny', '2025-05-29 18:20:00', '2025-05-29 18:20:00'),
(682, 33, 'Degema', '2025-05-29 18:20:00', '2025-05-29 18:20:00'),
(683, 33, 'Emohua', '2025-05-29 18:20:00', '2025-05-29 18:20:00'),
(684, 33, 'Eleme', '2025-05-29 18:20:00', '2025-05-29 18:20:00'),
(685, 33, 'Etche', '2025-05-29 18:20:00', '2025-05-29 18:20:00'),
(686, 33, 'Gokana', '2025-05-29 18:20:00', '2025-05-29 18:20:00'),
(687, 33, 'Ikwerre', '2025-05-29 18:20:00', '2025-05-29 18:20:00'),
(688, 33, 'Khana', '2025-05-29 18:20:00', '2025-05-29 18:20:00'),
(689, 33, 'Obia/Akpor', '2025-05-29 18:20:00', '2025-05-29 18:20:00'),
(690, 33, 'Ogba/Egbema/Ndoni', '2025-05-29 18:20:00', '2025-05-29 18:20:00'),
(691, 33, 'Ogu/Bolo', '2025-05-29 18:20:00', '2025-05-29 18:20:00'),
(692, 33, 'Okrika', '2025-05-29 18:20:00', '2025-05-29 18:20:00'),
(693, 33, 'Omumma', '2025-05-29 18:20:00', '2025-05-29 18:20:00'),
(694, 33, 'Opobo/Nkoro', '2025-05-29 18:20:00', '2025-05-29 18:20:00'),
(695, 33, 'Oyigbo', '2025-05-29 18:20:00', '2025-05-29 18:20:00'),
(696, 33, 'Port-Harcourt', '2025-05-29 18:20:00', '2025-05-29 18:20:00'),
(697, 33, 'Tai', '2025-05-29 18:20:00', '2025-05-29 18:20:00'),
(698, 34, 'Binji', '2025-05-29 18:20:00', '2025-05-29 18:20:00'),
(699, 34, 'Bodinga', '2025-05-29 18:20:00', '2025-05-29 18:20:00'),
(700, 34, 'Dange-shnsi', '2025-05-29 18:20:00', '2025-05-29 18:20:00'),
(701, 34, 'Gada', '2025-05-29 18:20:00', '2025-05-29 18:20:00'),
(702, 34, 'Goronyo', '2025-05-29 18:20:00', '2025-05-29 18:20:00'),
(703, 34, 'Gudu', '2025-05-29 18:20:00', '2025-05-29 18:20:00'),
(704, 34, 'Gawabawa', '2025-05-29 18:20:00', '2025-05-29 18:20:00'),
(705, 34, 'Illela', '2025-05-29 18:20:00', '2025-05-29 18:20:00'),
(706, 34, 'Isa', '2025-05-29 18:20:00', '2025-05-29 18:20:00'),
(707, 34, 'Kware', '2025-05-29 18:20:00', '2025-05-29 18:20:00'),
(708, 34, 'kebbe', '2025-05-29 18:20:00', '2025-05-29 18:20:00'),
(709, 34, 'Rabah', '2025-05-29 18:20:00', '2025-05-29 18:20:00'),
(710, 34, 'Sabon birni', '2025-05-29 18:20:00', '2025-05-29 18:20:00'),
(711, 34, 'Shagari', '2025-05-29 18:20:00', '2025-05-29 18:20:00'),
(712, 34, 'Silame', '2025-05-29 18:20:00', '2025-05-29 18:20:00'),
(713, 34, 'Sokoto North', '2025-05-29 18:20:00', '2025-05-29 18:20:00'),
(714, 34, 'Sokoto South', '2025-05-29 18:20:00', '2025-05-29 18:20:00'),
(715, 34, 'Tambuwal', '2025-05-29 18:20:00', '2025-05-29 18:20:00'),
(716, 34, 'Tqngaza', '2025-05-29 18:20:00', '2025-05-29 18:20:00'),
(717, 34, 'Tureta', '2025-05-29 18:20:00', '2025-05-29 18:20:00'),
(718, 34, 'Wamako', '2025-05-29 18:20:00', '2025-05-29 18:20:00'),
(719, 34, 'Wurno', '2025-05-29 18:20:00', '2025-05-29 18:20:00'),
(720, 34, 'Yabo', '2025-05-29 18:20:00', '2025-05-29 18:20:00'),
(721, 35, 'Ardo-kola', '2025-05-29 18:20:00', '2025-05-29 18:20:00'),
(722, 35, 'Bali', '2025-05-29 18:20:00', '2025-05-29 18:20:00'),
(723, 35, 'Donga', '2025-05-29 18:20:00', '2025-05-29 18:20:00'),
(724, 35, 'Gashaka', '2025-05-29 18:20:00', '2025-05-29 18:20:00'),
(725, 35, 'Cassol', '2025-05-29 18:20:00', '2025-05-29 18:20:00'),
(726, 35, 'Ibi', '2025-05-29 18:20:00', '2025-05-29 18:20:00'),
(727, 35, 'Jalingo', '2025-05-29 18:20:00', '2025-05-29 18:20:00'),
(728, 35, 'Karin-Lamido', '2025-05-29 18:20:00', '2025-05-29 18:20:00'),
(729, 35, 'Kurmi', '2025-05-29 18:20:00', '2025-05-29 18:20:00'),
(730, 35, 'Lau', '2025-05-29 18:20:00', '2025-05-29 18:20:00'),
(731, 35, 'Sardauna', '2025-05-29 18:20:00', '2025-05-29 18:20:00'),
(732, 35, 'Takum', '2025-05-29 18:20:00', '2025-05-29 18:20:00'),
(733, 35, 'Ussa', '2025-05-29 18:20:00', '2025-05-29 18:20:00'),
(734, 35, 'Wukari', '2025-05-29 18:20:00', '2025-05-29 18:20:00'),
(735, 35, 'Yorro', '2025-05-29 18:20:00', '2025-05-29 18:20:00'),
(736, 35, 'Zing', '2025-05-29 18:20:00', '2025-05-29 18:20:00'),
(737, 36, 'Bade', '2025-05-29 18:20:00', '2025-05-29 18:20:00'),
(738, 36, 'Bursari', '2025-05-29 18:20:00', '2025-05-29 18:20:00'),
(739, 36, 'Damaturu', '2025-05-29 18:20:00', '2025-05-29 18:20:00'),
(740, 36, 'Fika', '2025-05-29 18:20:00', '2025-05-29 18:20:00'),
(741, 36, 'Fune', '2025-05-29 18:20:00', '2025-05-29 18:20:00'),
(742, 36, 'Geidam', '2025-05-29 18:20:00', '2025-05-29 18:20:00'),
(743, 36, 'Gujba', '2025-05-29 18:20:00', '2025-05-29 18:20:00'),
(744, 36, 'Gulani', '2025-05-29 18:20:00', '2025-05-29 18:20:00'),
(745, 36, 'Jakusko', '2025-05-29 18:20:00', '2025-05-29 18:20:00'),
(746, 36, 'Karasuwa', '2025-05-29 18:20:00', '2025-05-29 18:20:00'),
(747, 36, 'Karawa', '2025-05-29 18:20:00', '2025-05-29 18:20:00'),
(748, 36, 'Machina', '2025-05-29 18:20:00', '2025-05-29 18:20:00'),
(749, 36, 'Nangere', '2025-05-29 18:20:00', '2025-05-29 18:20:00'),
(750, 36, 'Nguru Potiskum', '2025-05-29 18:20:00', '2025-05-29 18:20:00'),
(751, 36, 'Tarmua', '2025-05-29 18:20:00', '2025-05-29 18:20:00'),
(752, 36, 'Yunusari', '2025-05-29 18:20:00', '2025-05-29 18:20:00'),
(753, 36, 'Yusufari', '2025-05-29 18:20:00', '2025-05-29 18:20:00'),
(754, 37, 'Anka', '2025-05-29 18:20:00', '2025-05-29 18:20:00');
INSERT INTO `lgas` (`id`, `state_id`, `name`, `created_at`, `updated_at`) VALUES
(755, 37, 'Bakura', '2025-05-29 18:20:00', '2025-05-29 18:20:00'),
(756, 37, 'Birnin Magaji', '2025-05-29 18:20:00', '2025-05-29 18:20:00'),
(757, 37, 'Bukkuyum', '2025-05-29 18:20:00', '2025-05-29 18:20:00'),
(758, 37, 'Bungudu', '2025-05-29 18:20:00', '2025-05-29 18:20:00'),
(759, 37, 'Gummi', '2025-05-29 18:20:00', '2025-05-29 18:20:00'),
(760, 37, 'Gusau', '2025-05-29 18:20:00', '2025-05-29 18:20:00'),
(761, 37, 'Kaura', '2025-05-29 18:20:00', '2025-05-29 18:20:00'),
(762, 37, 'Namoda', '2025-05-29 18:20:00', '2025-05-29 18:20:00'),
(763, 37, 'Maradun', '2025-05-29 18:20:00', '2025-05-29 18:20:00'),
(764, 37, 'Maru', '2025-05-29 18:20:00', '2025-05-29 18:20:00'),
(765, 37, 'Shinkafi', '2025-05-29 18:20:00', '2025-05-29 18:20:00'),
(766, 37, 'Talata Mafara', '2025-05-29 18:20:00', '2025-05-29 18:20:00'),
(767, 37, 'Tsafe', '2025-05-29 18:20:00', '2025-05-29 18:20:00'),
(768, 37, 'Zurmi', '2025-05-29 18:20:00', '2025-05-29 18:20:00');

-- --------------------------------------------------------

--
-- Table structure for table `migrations`
--

CREATE TABLE `migrations` (
  `id` int(10) UNSIGNED NOT NULL,
  `migration` varchar(255) NOT NULL,
  `batch` int(11) NOT NULL
) ENGINE=InnoDB DEFAULT CHARSET=utf8mb4 COLLATE=utf8mb4_unicode_ci;

--
-- Dumping data for table `migrations`
--

INSERT INTO `migrations` (`id`, `migration`, `batch`) VALUES
(1, '0001_01_01_000000_create_users_table', 1),
(2, '0001_01_01_000001_create_cache_table', 1),
(3, '0001_01_01_000002_create_jobs_table', 1),
(4, '2019_12_14_000001_create_personal_access_tokens_table', 1),
(5, '2024_01_10_create_admins_table', 1),
(6, '2024_01_10_create_permissions_table', 1),
(7, '2024_01_10_create_state_representatives_table', 1),
(8, '2024_03_21_create_ingredients_table', 1),
(9, '2025_02_23_075856_create_categories_table', 1),
(10, '2025_02_23_075905_create_products_table', 1),
(11, '2025_02_23_075906_create_category_product_table', 1),
(14, '2025_02_23_075910_create_carts_table', 1),
(15, '2025_02_23_075911_create_cart_items_table', 1),
(16, '2025_02_23_093028_create_steps_table', 1),
(17, '2025_02_23_093314_create_settings_table', 1),
(18, '2025_02_23_093314_create_wallets_table', 1),
(19, '2025_02_23_093315_create_franchises_table', 1),
(20, '2025_03_04_130009_create_user_otps_table', 1),
(21, '2025_04_17_112010_create_payments_table', 1),
(22, '2025_04_24_235107_create_vendors_table', 1),
(23, '2025_04_25_000006_add_meal_prep_to_orders_table', 1),
(24, '2025_05_13_161735_add_preparation_steps_products_table', 2),
(25, '2025_05_13_170345_create_ingredient_product_table', 3),
(26, '2025_05_19_094033_create_uoms_table', 4),
(27, '2025_05_23_013226_add_sort_order_categories', 5),
(28, '2025_05_23_020105_add_soft_deletes_to_categories_table', 6),
(29, '2025_05_26_091547_add_soft_deletes_users_table', 7),
(30, '2025_05_26_144134_add_phone_number_is_active_users_table', 8),
(31, '2025_05_26_152205_add_pin_users_table', 9),
(32, '2025_05_26_184454_create_favourites_table', 10),
(34, '2024_03_04_141144_create_countries_table', 11),
(35, '2024_03_04_141300_create_states_table', 11),
(36, '2024_03_04_141348_create_lgas_table', 11),
(37, '2024_10_26_175912_create_payment_logs_table', 11),
(38, '2024_10_26_215709_create_bank_accounts_table', 11),
(39, '2024_10_26_220440_create_transfers_table', 11),
(40, '2022_11_23_125500_create_transaction_logs_table', 12),
(41, '2025_05_29_203028_add_reference_orders_table', 13),
(42, '2025_05_29_203721_add_currency_transaction_logs_table', 13),
(43, '2025_05_31_001101_create_addresses_table', 14),
(44, '2025_02_23_075907_create_orders_table', 15),
(45, '2025_02_23_075908_create_order_items_table', 15),
(46, '2025_05_31_100836_add_reference_order_table', 16),
(47, '2025_06_01_093033_create_category_types_table', 17),
(49, '2025_06_01_093301_add_category_type_id_categories_table', 18),
(50, '2025_06_01_103155_add_category_id_ingredients_table', 19),
(51, '2025_06_01_132053_add_vendor_details_users_table', 20),
(52, '2025_06_01_145741_add_bank_details_users_table', 21),
(53, '2025_06_01_172501_create_category_user_table', 22),
(54, '2025_06_02_093139_add_vendors_order_items_table', 23),
(55, '2025_06_02_115521_add_quality_assurance_order_items_table', 24),
(56, '2025_06_02_160130_update_vendor_foreign_key_on_order_items_table', 25),
(57, '2025_06_14_212302_add_audidio_remarks_orders_table', 26),
(58, '2025_06_14_220710_create_supports_table', 27),
(59, '2025_06_16_223618_add_paymentmethod_users_table', 28),
(60, '2025_06_16_235115_create_advertisements_table', 29),
(61, '2024_05_31_001101_create_addresses_table', 1),
(62, '', 1),
(63, '2025_04_07_125500_create_transaction_logs_table', 1),
(64, '2025_09_05_015202_create_notifications_table', 30),
(65, '2025_09_07_103135_create_order_item_logs_table', 31),
(66, '2025_09_09_092244_create_commissions_table', 32),
(67, '2025_09_09_101055_add_amount_to_order_items_table', 33),
(68, '2025_09_09_134420_add_softdeletes_to_commissions_table', 34),
(69, '2025_09_11_235408_create_banks_table', 35),
(70, '2025_09_12_001948_add_bank_code_users_table', 36),
(71, '2025_09_12_012032_add_receipient_code_users_table', 37),
(72, '2021_02_23_093314_create_wallets_table', 1),
(73, '2026_02_22_123506_create_help_tickets_table', 1),
(74, '2026_04_10_000001_extend_users_add_permissions_pivot', 38),
(75, '2026_04_11_000001_add_admin_fields_to_users_table', 38),
(76, '2026_04_11_000002_create_user_permissions_table', 38),
(77, '2026_04_11_000003_update_pin_length_users_table', 38),
(78, '2026_04_11_000004_create_ingredient_lga_prices_table', 38),
(79, '2026_04_11_000005_add_lga_id_to_users_table', 38),
(80, '2026_04_12_000001_add_storage_settings', 38),
(81, 'create_ingredient_state_prices_table', 1),
(82, 'create_product_state_prices_table', 1);

-- --------------------------------------------------------

--
-- Table structure for table `notifications`
--

CREATE TABLE `notifications` (
  `id` char(36) NOT NULL,
  `type` varchar(191) NOT NULL,
  `notifiable_type` varchar(191) NOT NULL,
  `notifiable_id` bigint(20) UNSIGNED NOT NULL,
  `data` text NOT NULL,
  `read_at` timestamp NULL DEFAULT NULL,
  `created_at` timestamp NULL DEFAULT NULL,
  `updated_at` timestamp NULL DEFAULT NULL
) ENGINE=InnoDB DEFAULT CHARSET=utf8mb4 COLLATE=utf8mb4_unicode_ci;

--
-- Dumping data for table `notifications`
--

INSERT INTO `notifications` (`id`, `type`, `notifiable_type`, `notifiable_id`, `data`, `read_at`, `created_at`, `updated_at`) VALUES
('01893eaf-86d2-4f0a-95cd-93694aa6ccaa', 'App\\Notifications\\WalletNotification', 'App\\Models\\User', 3, '{\"message\":\"\\u20a610,000.00 was debited from your wallet.\",\"type\":\"debit\",\"amount\":10000,\"balance\":480000,\"reference\":\"JARA_ORD_8375811757628130\",\"remarks\":\"Order payments\",\"user_id\":3}', NULL, '2025-09-11 21:25:07', '2025-09-11 21:25:07'),
('02c9638b-1077-4a96-be42-758659be86b7', 'App\\Notifications\\WalletNotification', 'App\\Models\\User', 1, '{\"message\":\"\\u20a6124.00 was credited to your wallet.\",\"type\":\"credit\",\"amount\":124,\"balance\":21924,\"reference\":\"JARA_ORD_3637001757631778\",\"remarks\":\"Order #23 completed - Referral earnings\",\"user_id\":1}', '2026-01-06 00:49:15', '2025-09-11 22:06:26', '2026-01-06 00:49:15'),
('04e94282-f1c5-485b-af39-009b7d968363', 'App\\Notifications\\OtpNotification', 'App\\Models\\User', 11, '{\"message\":\"Your OTP is 9608\",\"otp\":9608,\"user_id\":11,\"email\":\"ekweredaniel91@gmail.com\"}', NULL, '2026-01-09 03:45:08', '2026-01-09 03:45:08'),
('05c1276e-4014-45bd-acfb-d24b643966c6', 'App\\Notifications\\OtpNotification', 'App\\Models\\User', 18, '{\"message\":\"Your OTP is 7144\",\"otp\":7144,\"user_id\":18,\"email\":\"victorpee40@gmail.com\"}', NULL, '2026-02-27 14:37:51', '2026-02-27 14:37:51'),
('07307e32-c0a8-4286-b6a8-82913e930a33', 'App\\Notifications\\OtpNotification', 'App\\Models\\User', 8, '{\"message\":\"Your OTP is 6242\",\"otp\":6242,\"user_id\":8,\"email\":\"Victorpee40@gmail.com\"}', NULL, '2026-01-09 02:30:12', '2026-01-09 02:30:12'),
('07c2cf0f-c389-43c1-ace0-104d14d6307d', 'App\\Notifications\\OtpNotification', 'App\\Models\\User', 16, '{\"message\":\"Your OTP is 5761\",\"otp\":5761,\"user_id\":16,\"email\":\"imaobongloveth98@gmail.com\"}', NULL, '2026-02-28 16:02:51', '2026-02-28 16:02:51'),
('088166ba-afda-4817-846c-7fd0300e5e5b', 'App\\Notifications\\OtpNotification', 'App\\Models\\User', 21, '{\"message\":\"Your OTP is 1043\",\"otp\":1043,\"user_id\":21,\"email\":\"vpeterakpan@gmail.com\"}', NULL, '2026-03-23 12:26:22', '2026-03-23 12:26:22'),
('0a358d04-02ef-45d4-8e78-98ba4395fabe', 'App\\Notifications\\OrderNotification', 'App\\Models\\User', 3, '{\"message\":\"Your order #JARA_ORD_2034751757627809 has been placed successfully.\",\"order_id\":15,\"status\":\"pending\",\"total\":\"10000.00\",\"user_id\":3}', NULL, '2025-09-11 21:24:22', '2025-09-11 21:24:22'),
('0c4b5510-3e75-4332-b666-5d0dbfd51863', 'App\\Notifications\\OrderNotification', 'App\\Models\\User', 3, '{\"message\":\"Your order #JARA_ORD_3637001757631778 has been placed successfully.\",\"order_id\":23,\"status\":\"completed\",\"total\":\"10000.00\",\"user_id\":3}', NULL, '2025-09-11 22:06:02', '2025-09-11 22:06:02'),
('0e3fc148-311a-441e-a267-b36b62483f7e', 'App\\Notifications\\OrderNotification', 'App\\Models\\User', 3, '{\"message\":\"Your order #JARA_ORD_7053151757627502 has been placed successfully.\",\"order_id\":13,\"status\":\"pending\",\"total\":\"10000.00\",\"user_id\":3}', NULL, '2025-09-11 21:23:48', '2025-09-11 21:23:48'),
('10a5d292-3079-46fc-8cb7-5bcbbd8800f2', 'App\\Notifications\\UserCreatedNotification', 'App\\Models\\User', 34, '{\"message\":\"Your Account okon udo was created successfully.\",\"user_id\":34,\"email\":\"darrenvictorpee@gmail.com\"}', NULL, '2026-04-19 02:00:05', '2026-04-19 02:00:05'),
('1220c446-78a9-4bdc-9c22-19e9fe6cfd78', 'App\\Notifications\\OtpNotification', 'App\\Models\\User', 17, '{\"message\":\"Your OTP is 1646\",\"otp\":1646,\"user_id\":17,\"email\":\"peter12@gmail.com\"}', NULL, '2026-02-27 14:01:05', '2026-02-27 14:01:05'),
('1260c73b-6857-40de-810c-500c14527db1', 'App\\Notifications\\OtpNotification', 'App\\Models\\User', 10, '{\"message\":\"Your OTP is 4672\",\"otp\":4672,\"user_id\":10,\"email\":\"ekweredaniel8@gmail.com\"}', NULL, '2026-04-21 19:50:06', '2026-04-21 19:50:06'),
('13716343-0a3a-40f6-8ce0-b56554156fb9', 'App\\Notifications\\OtpNotification', 'App\\Models\\User', 8, '{\"message\":\"Your OTP is 9598\",\"otp\":9598,\"user_id\":8,\"email\":\"Victorpee40@gmail.com\"}', NULL, '2026-01-09 02:30:11', '2026-01-09 02:30:11'),
('14b38415-3dc8-42f1-9a67-d3d0f994295f', 'App\\Notifications\\OtpNotification', 'App\\Models\\User', 35, '{\"message\":\"Your OTP is 4081\",\"otp\":4081,\"user_id\":35,\"email\":\"stenographerservices0@gmail.com\"}', NULL, '2026-04-21 17:05:04', '2026-04-21 17:05:04'),
('15cad018-0ac3-402d-98c9-0583df28c021', 'App\\Notifications\\OrderNotification', 'App\\Models\\User', 3, '{\"message\":\"Your order #JARA_ORD_9133071757628284 has been placed successfully.\",\"order_id\":19,\"status\":\"pending\",\"total\":\"10000.00\",\"user_id\":3}', NULL, '2025-09-11 21:25:15', '2025-09-11 21:25:15'),
('16e83c94-85c7-4792-84c8-af0531243805', 'App\\Notifications\\OtpNotification', 'App\\Models\\User', 12, '{\"message\":\"Your OTP is 1671\",\"otp\":1671,\"user_id\":12,\"email\":\"desmondtheodore94@gmail.com\"}', NULL, '2026-02-20 08:40:33', '2026-02-20 08:40:33'),
('18b87aa6-e365-4eaa-82d1-5dc8c7a53d22', 'App\\Notifications\\WalletNotification', 'App\\Models\\User', 3, '{\"message\":\"\\u20a610,000.00 was debited from your wallet.\",\"type\":\"debit\",\"amount\":10000,\"balance\":470000,\"reference\":\"JARA_ORD_9133071757628284\",\"remarks\":\"Order payments\",\"user_id\":3}', NULL, '2025-09-11 21:25:26', '2025-09-11 21:25:26'),
('19354fb2-0ac5-4259-ad18-03b21353ba45', 'App\\Notifications\\OtpNotification', 'App\\Models\\User', 8, '{\"message\":\"Your OTP is 8707\",\"otp\":8707,\"user_id\":8,\"email\":\"Victorpee40@gmail.com\"}', NULL, '2026-01-09 02:30:09', '2026-01-09 02:30:09'),
('1c6c0f91-b218-48a6-b0b3-404115d06a0a', 'App\\Notifications\\UserCreatedNotification', 'App\\Models\\User', 28, '{\"message\":\"Your Account UtibeAbasi Enoidem was created successfully.\",\"user_id\":28,\"email\":\"tidem.a2w@gmail.com\"}', NULL, '2026-04-01 13:59:36', '2026-04-01 13:59:36'),
('1e6841f8-d8c1-4ab6-b659-b39edcb17ecd', 'App\\Notifications\\OtpNotification', 'App\\Models\\User', 1, '{\"message\":\"Your OTP is 1327\",\"otp\":1327,\"user_id\":1,\"email\":\"iteleh97@gmail.com\"}', NULL, '2026-04-22 19:40:06', '2026-04-22 19:40:06'),
('1f63090b-52c4-421c-af6d-bbd7c0d2abe3', 'App\\Notifications\\OrderNotification', 'App\\Models\\User', 3, '{\"message\":\"Your order #JARA_ORD_8651861757615638 has been placed successfully.\",\"order_id\":11,\"status\":\"pending\",\"total\":\"10000.00\",\"user_id\":3}', NULL, '2025-09-11 21:22:54', '2025-09-11 21:22:54'),
('22e1d32f-d5a3-4a99-b906-21b51eadd1ad', 'App\\Notifications\\WalletNotification', 'App\\Models\\User', 3, '{\"message\":\"\\u20a610,000.00 was debited from your wallet.\",\"type\":\"debit\",\"amount\":10000,\"balance\":40000,\"reference\":\"JARA_ORD_8651861757615638\",\"remarks\":\"Order payments\",\"user_id\":3}', NULL, '2025-09-11 21:23:18', '2025-09-11 21:23:18'),
('23ad605a-ec93-4093-8f22-998ad79fb074', 'App\\Notifications\\UserCreatedNotification', 'App\\Models\\User', 21, '{\"message\":\"Your Account obinna Ogbo was created successfully.\",\"user_id\":21,\"email\":\"vpeterakpan@gmail.com\"}', NULL, '2026-03-23 12:26:44', '2026-03-23 12:26:44'),
('25833364-5e8e-4e84-9d8e-7368412a2d77', 'App\\Notifications\\OtpNotification', 'App\\Models\\User', 7, '{\"message\":\"Your OTP is 2243\",\"otp\":2243,\"user_id\":7,\"email\":\"iteleh97@gmail.com\"}', NULL, '2026-01-04 16:30:10', '2026-01-04 16:30:10'),
('289cfd59-4616-43ef-89a9-a99006654bf6', 'App\\Notifications\\OrderNotification', 'App\\Models\\User', 3, '{\"message\":\"Your order #JARA_ORD_5635951757627667 has been placed successfully.\",\"order_id\":14,\"status\":\"pending\",\"total\":\"10000.00\",\"user_id\":3}', NULL, '2025-09-11 21:24:05', '2025-09-11 21:24:05'),
('28b63711-23f3-46eb-a47e-cd50f1897eae', 'App\\Notifications\\UserCreatedNotification', 'App\\Models\\User', 35, '{\"message\":\"Your Account Inimfon Udofa was created successfully.\",\"user_id\":35,\"email\":\"stenographerservices0@gmail.com\"}', NULL, '2026-04-21 17:10:05', '2026-04-21 17:10:05'),
('2b76a93e-7065-45b6-a7e2-be5f99904bc1', 'App\\Notifications\\WalletNotification', 'App\\Models\\User', 3, '{\"message\":\"\\u20a610,000.00 was debited from your wallet.\",\"type\":\"debit\",\"amount\":10000,\"balance\":30000,\"reference\":\"JARA_ORD_1911371757626947\",\"remarks\":\"Order payments\",\"user_id\":3}', NULL, '2025-09-11 21:23:37', '2025-09-11 21:23:37'),
('2c16bba6-55d0-433c-96cc-0427b7d9a305', 'App\\Notifications\\WalletNotification', 'App\\Models\\User', 2, '{\"message\":\"\\u20a650.00 was credited to your wallet.\",\"type\":\"credit\",\"amount\":50,\"balance\":50,\"reference\":\"JARA_ORD_1962981567721748689713\",\"remarks\":\"Order #7 completed - Referral earnings\",\"user_id\":2}', NULL, '2025-09-11 00:07:01', '2025-09-11 00:07:01'),
('2c6f60b9-45b1-4bef-afeb-60ac3375bb4b', 'App\\Notifications\\UserCreatedNotification', 'App\\Models\\User', 37, '{\"message\":\"Your Account theodore desmond was created successfully.\",\"user_id\":37,\"email\":\"desmondtheodore94@gmail.com\"}', NULL, '2026-04-22 19:50:05', '2026-04-22 19:50:05'),
('2c7ef444-e030-4f16-a721-5f00eaba6c82', 'App\\Notifications\\OtpNotification', 'App\\Models\\User', 34, '{\"message\":\"Your OTP is 4784\",\"otp\":4784,\"user_id\":34,\"email\":\"darrenvictorpee@gmail.com\"}', NULL, '2026-04-19 01:50:09', '2026-04-19 01:50:09'),
('33884fab-2dc8-4fea-a8e0-8434a86a26ed', 'App\\Notifications\\OtpNotification', 'App\\Models\\User', 10, '{\"message\":\"Your OTP is 9667\",\"otp\":9667,\"user_id\":10,\"email\":\"ekweredaniel8@gmail.com\"}', NULL, '2026-04-21 19:30:09', '2026-04-21 19:30:09'),
('33f1ad39-1ecf-472e-a88f-d41691dc1bed', 'App\\Notifications\\OrderStatusNotification', 'App\\Models\\User', 1, '{\"message\":\"Your order #JARA_ORD_5225811880611748688152 is ready for delivery.\",\"order_id\":2,\"status\":\"completed\",\"total\":\"5000.00\",\"user_id\":1,\"recipient\":\"customer\"}', '2026-01-06 00:49:15', '2025-09-11 00:17:35', '2026-01-06 00:49:15'),
('35f6fac4-83c1-4f8a-8536-5c6fcf467dbe', 'App\\Notifications\\PinNotification', 'App\\Models\\User', 10, '{\"type\":\"setup\",\"title\":\"PIN Setup\",\"message\":\"Your transaction PIN has been set up successfully.\"}', NULL, '2026-04-18 02:23:28', '2026-04-18 02:23:28'),
('3ae0cfcf-19c6-4525-b453-5380bd3d41a6', 'App\\Notifications\\OtpNotification', 'App\\Models\\User', 10, '{\"message\":\"Your OTP is 3439\",\"otp\":3439,\"user_id\":10,\"email\":\"ekweredaniel8@gmail.com\"}', NULL, '2026-04-21 19:25:06', '2026-04-21 19:25:06'),
('3d63318a-d12e-4719-9ec6-c103ca15a267', 'App\\Notifications\\OtpNotification', 'App\\Models\\User', 34, '{\"message\":\"Your OTP is 8945\",\"otp\":8945,\"user_id\":34,\"email\":\"darrenvictorpee@gmail.com\"}', NULL, '2026-04-19 01:55:03', '2026-04-19 01:55:03'),
('413d3238-c52a-4ab6-9bd8-c6dce4e0a103', 'App\\Notifications\\OtpNotification', 'App\\Models\\User', 16, '{\"message\":\"Your OTP is 1237\",\"otp\":1237,\"user_id\":16,\"email\":\"imaobongloveth98@gmail.com\"}', NULL, '2026-02-24 00:25:06', '2026-02-24 00:25:06'),
('418b5eb0-4993-4c63-8e99-3f9acdfff25c', 'App\\Notifications\\UserCreatedNotification', 'App\\Models\\User', 14, '{\"message\":\"Your Account daniel ekwere was created successfully.\",\"user_id\":14,\"email\":\"danielekwere53@gmail.com\"}', NULL, '2026-02-20 09:05:06', '2026-02-20 09:05:06'),
('430d1b5f-69ef-402d-841f-dfbef98eb6c9', 'App\\Notifications\\OtpNotification', 'App\\Models\\User', 21, '{\"message\":\"Your OTP is 3406\",\"otp\":3406,\"user_id\":21,\"email\":\"vpeterakpan@gmail.com\"}', NULL, '2026-04-21 17:35:06', '2026-04-21 17:35:06'),
('4468bb94-c6d9-4694-86cc-c8bf65f4002d', 'App\\Notifications\\OtpNotification', 'App\\Models\\User', 21, '{\"message\":\"Your OTP is 8800\",\"otp\":8800,\"user_id\":21,\"email\":\"vpeterakpan@gmail.com\"}', NULL, '2026-04-21 17:40:07', '2026-04-21 17:40:07'),
('45580940-01f2-453c-a5cb-06aaf45cce0b', 'App\\Notifications\\UserCreatedNotification', 'App\\Models\\User', 7, '{\"message\":\"Your Account Ime Iteh was created successfully.\",\"user_id\":7,\"email\":\"iteleh97@gmail.com\"}', NULL, '2026-01-04 16:34:10', '2026-01-04 16:34:10'),
('4668f0b1-c24f-469f-ad6c-7a287f646957', 'App\\Notifications\\UserCreatedNotification', 'App\\Models\\User', 21, '{\"message\":\"Your Account obinna Ogbo was created successfully.\",\"user_id\":21,\"email\":\"vpeterakpan@gmail.com\"}', NULL, '2026-04-21 17:50:05', '2026-04-21 17:50:05'),
('47ab93ef-8a3b-40e3-ac3c-e5a9c82cff06', 'App\\Notifications\\OtpNotification', 'App\\Models\\User', 16, '{\"message\":\"Your OTP is 9315\",\"otp\":9315,\"user_id\":16,\"email\":\"imaobongloveth98@gmail.com\"}', NULL, '2026-02-24 00:10:06', '2026-02-24 00:10:06'),
('48cd13d6-c671-4010-a4db-c7e6cba3922b', 'App\\Notifications\\PinNotification', 'App\\Models\\User', 10, '{\"type\":\"setup\",\"title\":\"PIN Setup\",\"message\":\"Your transaction PIN has been set up successfully.\"}', NULL, '2026-04-11 17:45:06', '2026-04-11 17:45:06'),
('4a4934ca-2440-480a-9158-fe1d1dec74ef', 'App\\Notifications\\OtpNotification', 'App\\Models\\User', 12, '{\"message\":\"Your OTP is 8642\",\"otp\":8642,\"user_id\":12,\"email\":\"desmondtheodore94@gmail.com\"}', NULL, '2026-02-20 08:50:04', '2026-02-20 08:50:04'),
('4a4c2c11-2e76-486f-826b-78f1ad0a3632', 'App\\Notifications\\OtpNotification', 'App\\Models\\User', 14, '{\"message\":\"Your OTP is 9770\",\"otp\":9770,\"user_id\":14,\"email\":\"danielekwere53@gmail.com\"}', NULL, '2026-02-20 08:55:06', '2026-02-20 08:55:06'),
('4e5f1d6d-c92b-4290-9d58-e4eaf4af2dab', 'App\\Notifications\\WalletNotification', 'App\\Models\\User', 3, '{\"message\":\"\\u20a610,000.00 was debited from your wallet.\",\"type\":\"debit\",\"amount\":10000,\"balance\":440000,\"reference\":\"JARA_ORD_3637001757631778\",\"remarks\":\"Order payments\",\"user_id\":3}', NULL, '2025-09-11 22:06:10', '2025-09-11 22:06:10'),
('502bf609-860b-4279-8b8d-ee25cc2c26e6', 'App\\Notifications\\OtpNotification', 'App\\Models\\User', 8, '{\"message\":\"Your OTP is 4465\",\"otp\":4465,\"user_id\":8,\"email\":\"Victorpee40@gmail.com\"}', NULL, '2026-01-09 02:30:11', '2026-01-09 02:30:11'),
('53b3eaee-0dc0-480c-893c-5be3e43e5fce', 'App\\Notifications\\OtpNotification', 'App\\Models\\User', 16, '{\"message\":\"Your OTP is 4722\",\"otp\":4722,\"user_id\":16,\"email\":\"imaobongloveth98@gmail.com\"}', NULL, '2026-02-24 00:25:05', '2026-02-24 00:25:05'),
('566d0234-0be5-4769-938f-63cb6e2a6a85', 'App\\Notifications\\UserCreatedNotification', 'App\\Models\\User', 21, '{\"message\":\"Your Account obinna Ogbo was created successfully.\",\"user_id\":21,\"email\":\"vpeterakpan@gmail.com\"}', NULL, '2026-04-21 17:40:07', '2026-04-21 17:40:07'),
('56f6c1c8-5554-4d15-99f7-505a87470c64', 'App\\Notifications\\OtpNotification', 'App\\Models\\User', 10, '{\"message\":\"Your OTP is 5901\",\"otp\":5901,\"user_id\":10,\"email\":\"ekweredaniel8@gmail.com\"}', NULL, '2026-04-21 19:45:07', '2026-04-21 19:45:07'),
('5810f7be-490d-410b-a489-dc13ed035b94', 'App\\Notifications\\OrderNotification', 'App\\Models\\User', 3, '{\"message\":\"Your order #JARA_ORD_6444901757629776 has been placed successfully.\",\"order_id\":21,\"status\":\"pending\",\"total\":\"10000.00\",\"user_id\":3}', NULL, '2025-09-11 22:05:29', '2025-09-11 22:05:29'),
('5aa65797-4afc-4278-a826-960d8ac648f6', 'App\\Notifications\\OtpNotification', 'App\\Models\\User', 10, '{\"message\":\"Your OTP is 4889\",\"otp\":4889,\"user_id\":10,\"email\":\"ekweredaniel8@gmail.com\"}', NULL, '2026-01-06 20:07:10', '2026-01-06 20:07:10'),
('5b156efd-ab76-43a4-8855-8a232ae3b882', 'App\\Notifications\\WalletNotification', 'App\\Models\\User', 3, '{\"message\":\"\\u20a65,000.00 was debited from your wallet.\",\"type\":\"debit\",\"amount\":5000,\"balance\":430000,\"reference\":\"Transfer\",\"remarks\":\"withdraw to bank\",\"user_id\":3}', NULL, '2025-09-12 12:11:21', '2025-09-12 12:11:21'),
('5b230a6b-9215-4e57-9044-efa644306b1f', 'App\\Notifications\\UserCreatedNotification', 'App\\Models\\User', 18, '{\"message\":\"Your Account Victor akpan was created successfully.\",\"user_id\":18,\"email\":\"victorpee40@gmail.com\"}', NULL, '2026-04-22 21:55:05', '2026-04-22 21:55:05'),
('60bf0509-fb6d-4393-8795-dbe772c52120', 'App\\Notifications\\UserCreatedNotification', 'App\\Models\\User', 9, '{\"message\":\"Your Account Dan Ekwere was created successfully.\",\"user_id\":9,\"email\":\"danielekwere99@gmail.com\"}', NULL, '2026-01-09 03:45:08', '2026-01-09 03:45:08'),
('6236889c-8b39-44f5-9400-5b760572795f', 'App\\Notifications\\UserCreatedNotification', 'App\\Models\\User', 8, '{\"message\":\"Your Account Victor Akpan was created successfully.\",\"user_id\":8,\"email\":\"Victorpee40@gmail.com\"}', NULL, '2026-02-27 14:17:56', '2026-02-27 14:17:56'),
('6354ee87-9cee-4e97-8f6d-2ab7a51c96e8', 'App\\Notifications\\UserCreatedNotification', 'App\\Models\\User', 10, '{\"message\":\"Your Account Daniel Ekwere was created successfully.\",\"user_id\":10,\"email\":\"ekweredaniel8@gmail.com\"}', NULL, '2026-01-06 20:08:28', '2026-01-06 20:08:28'),
('6815f158-8d3d-4a27-8b4d-96954226d65e', 'App\\Notifications\\OrderStatusNotification', 'App\\Models\\User', 1, '{\"message\":\"Your order #JARA_ORD_3016716158101748855107 is ready for delivery.\",\"order_id\":8,\"status\":\"completed\",\"total\":\"5000.00\",\"user_id\":1,\"recipient\":\"customer\"}', '2026-01-06 00:49:15', '2025-09-10 23:48:43', '2026-01-06 00:49:15'),
('6a78ba06-4efd-4174-a700-2e543f74eb86', 'App\\Notifications\\UserCreatedNotification', 'App\\Models\\User', 35, '{\"message\":\"Your Account Inimfon Udofa was created successfully.\",\"user_id\":35,\"email\":\"stenographerservices0@gmail.com\"}', NULL, '2026-04-21 17:25:05', '2026-04-21 17:25:05'),
('6bcca3e1-872d-4cbc-96cd-0255211b778a', 'App\\Notifications\\OrderStatusNotification', 'App\\Models\\User', 1, '{\"message\":\"Your order #JARA_ORD_1962981567721748689713 is ready for delivery.\",\"order_id\":7,\"status\":\"completed\",\"total\":\"5000.00\",\"user_id\":1,\"recipient\":\"customer\"}', '2026-01-06 00:49:15', '2025-09-11 00:06:49', '2026-01-06 00:49:15'),
('6d0ecfa6-b306-493e-9567-93ae794d4e08', 'App\\Notifications\\UserCreatedNotification', 'App\\Models\\User', 18, '{\"message\":\"Your Account Victor akpan was created successfully.\",\"user_id\":18,\"email\":\"victorpee40@gmail.com\"}', NULL, '2026-02-27 14:38:17', '2026-02-27 14:38:17'),
('6ee559e2-4cf6-406f-8f6a-588df6558e26', 'App\\Notifications\\OtpNotification', 'App\\Models\\User', 13, '{\"message\":\"Your OTP is 9455\",\"otp\":9455,\"user_id\":13,\"email\":\"walterwinston877@gmail.com\"}', NULL, '2026-01-12 17:35:09', '2026-01-12 17:35:09'),
('735325a3-bd98-4912-8351-3898ca8cdb18', 'App\\Notifications\\WalletNotification', 'App\\Models\\User', 3, '{\"message\":\"\\u20a610,000.00 was debited from your wallet.\",\"type\":\"debit\",\"amount\":10000,\"balance\":10000,\"reference\":\"JARA_ORD_5635951757627667\",\"remarks\":\"Order payments\",\"user_id\":3}', NULL, '2025-09-11 21:24:13', '2025-09-11 21:24:13'),
('74aa0e0e-991d-4f33-868a-c95cbfd52fba', 'App\\Notifications\\OtpNotification', 'App\\Models\\User', 35, '{\"message\":\"Your OTP is 5406\",\"otp\":5406,\"user_id\":35,\"email\":\"stenographerservices0@gmail.com\"}', NULL, '2026-04-21 17:35:06', '2026-04-21 17:35:06'),
('75623c7b-f179-47bc-a04c-3e5ea6e969a9', 'App\\Notifications\\OtpNotification', 'App\\Models\\User', 35, '{\"message\":\"Your OTP is 3550\",\"otp\":3550,\"user_id\":35,\"email\":\"stenographerservices0@gmail.com\"}', NULL, '2026-04-21 16:55:04', '2026-04-21 16:55:04'),
('76209181-83d2-4a00-bd81-dd7e28edf016', 'App\\Notifications\\UserCreatedNotification', 'App\\Models\\User', 21, '{\"message\":\"Your Account obinna Ogbo was created successfully.\",\"user_id\":21,\"email\":\"vpeterakpan@gmail.com\"}', NULL, '2026-04-21 17:35:06', '2026-04-21 17:35:06'),
('7ae87c87-f09d-416f-a4b8-1586d616940c', 'App\\Notifications\\OtpNotification', 'App\\Models\\User', 8, '{\"message\":\"Your OTP is 5380\",\"otp\":5380,\"user_id\":8,\"email\":\"Victorpee40@gmail.com\"}', NULL, '2026-02-27 14:17:38', '2026-02-27 14:17:38'),
('7d293e99-f08b-4a88-8708-aa849e0e4ae3', 'App\\Notifications\\OtpNotification', 'App\\Models\\User', 9, '{\"message\":\"Your OTP is 7424\",\"otp\":7424,\"user_id\":9,\"email\":\"danielekwere99@gmail.com\"}', NULL, '2026-01-09 03:40:09', '2026-01-09 03:40:09'),
('7d8e5f84-2692-4589-bc60-d7a4f949aac0', 'App\\Notifications\\WalletNotification', 'App\\Models\\User', 3, '{\"message\":\"\\u20a610,000.00 was debited from your wallet.\",\"type\":\"debit\",\"amount\":10000,\"balance\":450000,\"reference\":\"JARA_ORD_2150451757629905\",\"remarks\":\"Order payments\",\"user_id\":3}', NULL, '2025-09-11 22:05:53', '2025-09-11 22:05:53'),
('7de5c23d-115d-4bf7-9a40-b837b5dedba0', 'App\\Notifications\\OtpNotification', 'App\\Models\\User', 37, '{\"message\":\"Your OTP is 1619\",\"otp\":1619,\"user_id\":37,\"email\":\"desmondtheodore94@gmail.com\"}', NULL, '2026-04-22 19:45:07', '2026-04-22 19:45:07'),
('7e90fc14-2db1-47fc-b5a7-8a7810b5006a', 'App\\Notifications\\OrderStatusNotification', 'App\\Models\\User', 1, '{\"message\":\"Your order #JARA_ORD_5225811880611748688152 is ready for delivery.\",\"order_id\":2,\"status\":\"completed\",\"total\":\"5000.00\",\"user_id\":1,\"recipient\":\"customer\"}', '2026-01-06 00:49:15', '2025-09-11 00:14:27', '2026-01-06 00:49:15'),
('7ec0e851-188e-430a-b6b5-842d57550026', 'App\\Notifications\\OrderNotification', 'App\\Models\\User', 3, '{\"message\":\"Your order #JARA_ORD_7446741757615239 has been placed successfully.\",\"order_id\":10,\"status\":\"pending\",\"total\":\"10000.00\",\"user_id\":3}', NULL, '2025-09-11 21:22:39', '2025-09-11 21:22:39'),
('7f0d9b87-6603-4855-88f5-f1e6d7adc0ab', 'App\\Notifications\\OtpNotification', 'App\\Models\\User', 20, '{\"message\":\"Your OTP is 5505\",\"otp\":5505,\"user_id\":20,\"email\":\"seasonfarmsandfood@gmail.com\"}', NULL, '2026-03-23 12:15:45', '2026-03-23 12:15:45'),
('84f1ae5e-ca27-4787-97f4-d8dbb30dd47e', 'App\\Notifications\\UserCreatedNotification', 'App\\Models\\User', 16, '{\"message\":\"Your Account Daniel Ekwere was created successfully.\",\"user_id\":16,\"email\":\"imaobongloveth98@gmail.com\"}', NULL, '2026-02-24 00:30:06', '2026-02-24 00:30:06'),
('86bfbbeb-c258-4d82-8f5f-7431eb2021b8', 'App\\Notifications\\OtpNotification', 'App\\Models\\User', 10, '{\"message\":\"Your OTP is 5295\",\"otp\":5295,\"user_id\":10,\"email\":\"ekweredaniel8@gmail.com\"}', NULL, '2026-01-16 20:05:07', '2026-01-16 20:05:07'),
('88fec883-151b-448f-8ff1-a3ad6d534603', 'App\\Notifications\\OtpNotification', 'App\\Models\\User', 8, '{\"message\":\"Your OTP is 3766\",\"otp\":3766,\"user_id\":8,\"email\":\"Victorpee40@gmail.com\"}', NULL, '2026-01-09 02:30:10', '2026-01-09 02:30:10'),
('89a33ccd-536a-45a8-b434-b23276f397ac', 'App\\Notifications\\OtpNotification', 'App\\Models\\User', 34, '{\"message\":\"Your OTP is 8546\",\"otp\":8546,\"user_id\":34,\"email\":\"darrenvictorpee@gmail.com\"}', NULL, '2026-04-19 01:50:09', '2026-04-19 01:50:09'),
('8a1ae733-52ea-47d3-aba7-eae0eafbf2e6', 'App\\Notifications\\WalletNotification', 'App\\Models\\User', 3, '{\"message\":\"\\u20a610,000.00 was debited from your wallet.\",\"type\":\"debit\",\"amount\":10000,\"balance\":460000,\"reference\":\"JARA_ORD_6444901757629776\",\"remarks\":\"Order payments\",\"user_id\":3}', NULL, '2025-09-11 22:05:37', '2025-09-11 22:05:37'),
('8aee4970-cc1b-492d-a31e-e99dc9a2b199', 'App\\Notifications\\OtpNotification', 'App\\Models\\User', 18, '{\"message\":\"Your OTP is 6444\",\"otp\":6444,\"user_id\":18,\"email\":\"victorpee40@gmail.com\"}', NULL, '2026-04-22 21:50:05', '2026-04-22 21:50:05'),
('8e4921d9-1d71-4184-b9d9-660d4b9bb5d6', 'App\\Notifications\\UserCreatedNotification', 'App\\Models\\User', 35, '{\"message\":\"Your Account Inimfon Udofa was created successfully.\",\"user_id\":35,\"email\":\"stenographerservices0@gmail.com\"}', NULL, '2026-04-21 17:35:06', '2026-04-21 17:35:06'),
('9303fd2a-e1a5-4155-b81c-bcc9fc978df0', 'App\\Notifications\\WalletNotification', 'App\\Models\\User', 3, '{\"message\":\"\\u20a610,000.00 was debited from your wallet.\",\"type\":\"debit\",\"amount\":10000,\"balance\":20000,\"reference\":\"JARA_ORD_7053151757627502\",\"remarks\":\"Order payments\",\"user_id\":3}', NULL, '2025-09-11 21:23:55', '2025-09-11 21:23:55'),
('998f932d-d0c9-467f-80bb-de4b717f4be1', 'App\\Notifications\\OtpNotification', 'App\\Models\\User', 16, '{\"message\":\"Your OTP is 6227\",\"otp\":6227,\"user_id\":16,\"email\":\"imaobongloveth98@gmail.com\"}', NULL, '2026-02-28 16:02:57', '2026-02-28 16:02:57'),
('99970e85-3b3a-4879-aa25-d72be5dc7593', 'App\\Notifications\\OrderStatusNotification', 'App\\Models\\User', 3, '{\"message\":\"Your order #JARA_ORD_3637001757631778 is ready for delivery.\",\"order_id\":23,\"status\":\"completed\",\"total\":\"10000.00\",\"user_id\":3,\"recipient\":\"customer\"}', NULL, '2025-09-11 22:06:19', '2025-09-11 22:06:19'),
('9b2cb61e-ba29-435e-98bc-496562ad5253', 'App\\Notifications\\OtpNotification', 'App\\Models\\User', 16, '{\"message\":\"Your OTP is 8407\",\"otp\":8407,\"user_id\":16,\"email\":\"imaobongloveth98@gmail.com\"}', NULL, '2026-02-24 00:15:07', '2026-02-24 00:15:07'),
('9b60a208-6010-40e1-b051-24ae8b3aae95', 'App\\Notifications\\WalletNotification', 'App\\Models\\User', 2, '{\"message\":\"\\u20a670.00 was credited to your wallet.\",\"type\":\"credit\",\"amount\":70,\"balance\":190,\"reference\":\"JARA_ORD_5225811880611748688152\",\"remarks\":\"Order #2 completed - Referral earnings\",\"user_id\":2}', NULL, '2025-09-11 00:17:57', '2025-09-11 00:17:57'),
('9cac0d70-d7ad-47a4-af32-ea7735020c1a', 'App\\Notifications\\PinNotification', 'App\\Models\\User', 16, '{\"type\":\"setup\",\"title\":\"PIN Setup\",\"message\":\"Your transaction PIN has been set up successfully.\"}', NULL, '2026-04-20 22:55:08', '2026-04-20 22:55:08'),
('9ea69890-ee3b-4ca3-9b95-076c61cf595d', 'App\\Notifications\\WalletNotification', 'App\\Models\\User', 1, '{\"message\":\"\\u20a65,600.00 was credited to your wallet.\",\"type\":\"credit\",\"amount\":5600,\"balance\":10600,\"reference\":\"JARA_ORD_5225811880611748688152\",\"remarks\":\"Order #2 completed - Vendor earnings\",\"user_id\":1}', '2026-01-06 00:49:15', '2025-09-11 00:14:45', '2026-01-06 00:49:15'),
('a1cc00b4-1183-449a-964c-1e76b6632520', 'App\\Notifications\\UserCreatedNotification', 'App\\Models\\User', 35, '{\"message\":\"Your Account Inimfon Udofa was created successfully.\",\"user_id\":35,\"email\":\"stenographerservices0@gmail.com\"}', NULL, '2026-04-21 17:20:06', '2026-04-21 17:20:06'),
('a79edd94-c65c-4baf-b5d1-14c644d53ef6', 'App\\Notifications\\OtpNotification', 'App\\Models\\User', 10, '{\"message\":\"Your OTP is 9106\",\"otp\":9106,\"user_id\":10,\"email\":\"ekweredaniel8@gmail.com\"}', NULL, '2026-04-21 19:35:05', '2026-04-21 19:35:05'),
('a8d944b4-c307-43a4-bb89-a1b60fa0f309', 'App\\Notifications\\WalletNotification', 'App\\Models\\User', 3, '{\"message\":\"\\u20a610,000.00 was debited from your wallet.\",\"type\":\"debit\",\"amount\":10000,\"balance\":490000,\"reference\":\"JARA_ORD_7715141757627968\",\"remarks\":\"Order payments\",\"user_id\":3}', NULL, '2025-09-11 21:24:49', '2025-09-11 21:24:49'),
('a8feb7ea-c130-4575-8c9d-3fc13dbda72b', 'App\\Notifications\\OtpNotification', 'App\\Models\\User', 19, '{\"message\":\"Your OTP is 7770\",\"otp\":7770,\"user_id\":19,\"email\":\"minutessales3@gmail.com\"}', NULL, '2026-02-28 15:45:39', '2026-02-28 15:45:39'),
('aba32b0e-20d3-4825-aba3-81da5941f3f5', 'App\\Notifications\\WalletNotification', 'App\\Models\\User', 3, '{\"message\":\"\\u20a615,000.00 was debited from your wallet.\",\"type\":\"debit\",\"amount\":15000,\"balance\":425000,\"reference\":\"h48ijxwkokrm76bcztu1\",\"remarks\":\"Transfer successful\",\"user_id\":3}', NULL, '2025-09-12 14:51:59', '2025-09-12 14:51:59'),
('add97229-26ce-4eab-9b7b-0912a929855c', 'App\\Notifications\\PinNotification', 'App\\Models\\User', 10, '{\"type\":\"setup\",\"title\":\"PIN Setup\",\"message\":\"Your transaction PIN has been set up successfully.\"}', NULL, '2026-04-11 17:45:08', '2026-04-11 17:45:08'),
('b3da19b5-3075-4840-abfb-4cf6de77702a', 'App\\Notifications\\OtpNotification', 'App\\Models\\User', 12, '{\"message\":\"Your OTP is 2597\",\"otp\":2597,\"user_id\":12,\"email\":\"desmondtheodore94@gmail.com\"}', NULL, '2026-01-09 03:50:07', '2026-01-09 03:50:07'),
('b41f3a08-fa76-4959-8705-2ef255acf93d', 'App\\Notifications\\UserCreatedNotification', 'App\\Models\\User', 13, '{\"message\":\"Your Account walter winson was created successfully.\",\"user_id\":13,\"email\":\"walterwinston877@gmail.com\"}', NULL, '2026-01-12 17:10:27', '2026-01-12 17:10:27'),
('b495c019-7d0b-4e84-ba74-77f45194bb65', 'App\\Notifications\\PinNotification', 'App\\Models\\User', 10, '{\"type\":\"setup\",\"title\":\"PIN Setup\",\"message\":\"Your transaction PIN has been set up successfully.\"}', NULL, '2026-04-11 17:45:08', '2026-04-11 17:45:08'),
('b5af4592-dbb7-4154-b39c-ea1358831ca2', 'App\\Notifications\\OtpNotification', 'App\\Models\\User', 21, '{\"message\":\"Your OTP is 8230\",\"otp\":8230,\"user_id\":21,\"email\":\"vpeterakpan@gmail.com\"}', NULL, '2026-04-21 15:55:07', '2026-04-21 15:55:07'),
('b9313d4f-3df5-45f8-8b37-ff8f5bd5df46', 'App\\Notifications\\UserCreatedNotification', 'App\\Models\\User', 34, '{\"message\":\"Your Account okon udo was created successfully.\",\"user_id\":34,\"email\":\"darrenvictorpee@gmail.com\"}', NULL, '2026-04-19 01:55:03', '2026-04-19 01:55:03'),
('b96b9445-5de5-46b5-bda8-1713b9c20e4b', 'App\\Notifications\\PinNotification', 'App\\Models\\User', 10, '{\"type\":\"setup\",\"title\":\"PIN Setup\",\"message\":\"Your transaction PIN has been set up successfully.\"}', NULL, '2026-04-18 02:23:28', '2026-04-18 02:23:28'),
('bd39dd6b-481a-42d8-adfb-2e29d805a303', 'App\\Notifications\\PinNotification', 'App\\Models\\User', 10, '{\"type\":\"setup\",\"title\":\"PIN Setup\",\"message\":\"Your transaction PIN has been set up successfully.\"}', NULL, '2026-04-11 17:31:58', '2026-04-11 17:31:58'),
('befcfdbd-3015-41ac-937b-cecaa06c9cb4', 'App\\Notifications\\OtpNotification', 'App\\Models\\User', 29, '{\"message\":\"Your OTP is 8004\",\"otp\":8004,\"user_id\":29,\"email\":\"jamesjamesemmanuel81@gmail.com\"}', NULL, '2026-04-18 02:23:28', '2026-04-18 02:23:28'),
('c106e8c8-1f80-47b3-92bc-5f1a3a1f8e9e', 'App\\Notifications\\OrderNotification', 'App\\Models\\User', 3, '{\"message\":\"Your order #JARA_ORD_7715141757627968 has been placed successfully.\",\"order_id\":16,\"status\":\"pending\",\"total\":\"10000.00\",\"user_id\":3}', NULL, '2025-09-11 21:24:41', '2025-09-11 21:24:41'),
('c1c5c6b4-dc17-49ca-af28-d59c8fae01c1', 'App\\Notifications\\OrderStatusNotification', 'App\\Models\\User', 1, '{\"message\":\"Your order #JARA_ORD_5225811880611748688152 is ready for delivery.\",\"order_id\":2,\"status\":\"completed\",\"total\":\"5000.00\",\"user_id\":1,\"recipient\":\"customer\"}', '2026-01-06 00:49:15', '2025-09-11 00:23:16', '2026-01-06 00:49:15'),
('c22c4e30-3586-4855-b8ed-286583257071', 'App\\Notifications\\OtpNotification', 'App\\Models\\User', 7, '{\"message\":\"Your OTP is 4433\",\"otp\":4433,\"user_id\":7,\"email\":\"iteleh97@gmail.com\"}', NULL, '2026-01-05 20:24:49', '2026-01-05 20:24:49'),
('c43407de-4b98-4935-854f-40710dd2c3a2', 'App\\Notifications\\OtpNotification', 'App\\Models\\User', 35, '{\"message\":\"Your OTP is 5432\",\"otp\":5432,\"user_id\":35,\"email\":\"stenographerservices0@gmail.com\"}', NULL, '2026-04-21 17:20:07', '2026-04-21 17:20:07'),
('cb5c2dd9-909d-466e-8fd5-60c1a9d6194c', 'App\\Notifications\\WalletNotification', 'App\\Models\\User', 1, '{\"message\":\"\\u20a65,600.00 was credited to your wallet.\",\"type\":\"credit\",\"amount\":5600,\"balance\":16200,\"reference\":\"JARA_ORD_5225811880611748688152\",\"remarks\":\"Order #2 completed - Vendor earnings\",\"user_id\":1}', '2026-01-06 00:49:15', '2025-09-11 00:17:49', '2026-01-06 00:49:15'),
('cba7eec8-5663-4cdd-b408-6f061b23679a', 'App\\Notifications\\OrderNotification', 'App\\Models\\User', 3, '{\"message\":\"Your order #JARA_ORD_8375811757628130 has been placed successfully.\",\"order_id\":17,\"status\":\"pending\",\"total\":\"10000.00\",\"user_id\":3}', NULL, '2025-09-11 21:24:57', '2025-09-11 21:24:57'),
('cc057312-d230-4df8-9700-4defc693a1f7', 'App\\Notifications\\OtpNotification', 'App\\Models\\User', 10, '{\"message\":\"Your OTP is 3090\",\"otp\":3090,\"user_id\":10,\"email\":\"ekweredaniel8@gmail.com\"}', NULL, '2026-04-21 19:00:09', '2026-04-21 19:00:09'),
('cc865a3a-a4de-46c4-9c2e-2cd6461abfa3', 'App\\Notifications\\WalletNotification', 'App\\Models\\User', 3, '{\"message\":\"\\u20a610,000.00 was debited from your wallet.\",\"type\":\"debit\",\"amount\":10000,\"balance\":500000,\"reference\":\"JARA_ORD_2034751757627809\",\"remarks\":\"Order payments\",\"user_id\":3}', NULL, '2025-09-11 21:24:32', '2025-09-11 21:24:32'),
('d1caef2e-3a94-4a03-9501-752f66c9fca8', 'App\\Notifications\\OtpNotification', 'App\\Models\\User', 16, '{\"message\":\"Your OTP is 4563\",\"otp\":4563,\"user_id\":16,\"email\":\"imaobongloveth98@gmail.com\"}', NULL, '2026-02-24 00:05:06', '2026-02-24 00:05:06'),
('d623c6b6-8947-4a3a-a14c-1052cdf6dda9', 'App\\Notifications\\OtpNotification', 'App\\Models\\User', 21, '{\"message\":\"Your OTP is 1883\",\"otp\":1883,\"user_id\":21,\"email\":\"vpeterakpan@gmail.com\"}', NULL, '2026-04-21 17:35:06', '2026-04-21 17:35:06'),
('d64e9b69-bff5-4144-850e-5e784677438a', 'App\\Notifications\\OtpNotification', 'App\\Models\\User', 28, '{\"message\":\"Your OTP is 2597\",\"otp\":2597,\"user_id\":28,\"email\":\"tidem.a2w@gmail.com\"}', NULL, '2026-04-01 13:57:32', '2026-04-01 13:57:32'),
('d690461c-5d6f-44da-97f0-8dffac1370f9', 'App\\Notifications\\UserCreatedNotification', 'App\\Models\\User', 10, '{\"message\":\"Your Account Daniel Ekwere was created successfully.\",\"user_id\":10,\"email\":\"ekweredaniel8@gmail.com\"}', NULL, '2026-04-21 19:40:05', '2026-04-21 19:40:05'),
('d692fb11-a257-4cab-9263-07397a4c53c8', 'App\\Notifications\\OtpNotification', 'App\\Models\\User', 10, '{\"message\":\"Your OTP is 7514\",\"otp\":7514,\"user_id\":10,\"email\":\"ekweredaniel8@gmail.com\"}', NULL, '2026-01-16 20:00:05', '2026-01-16 20:00:05'),
('d74a27ce-51fe-48f5-99db-6682253c8f0d', 'App\\Notifications\\WalletNotification', 'App\\Models\\User', 3, '{\"message\":\"\\u20a65,000.00 was debited from your wallet.\",\"type\":\"debit\",\"amount\":5000,\"balance\":425000,\"reference\":\"Transfer\",\"remarks\":\"withdraw to bank\",\"user_id\":3}', NULL, '2025-09-12 12:13:10', '2025-09-12 12:13:10'),
('d7b06b96-2706-4e28-b4b8-2091cbbffbd8', 'App\\Notifications\\WalletNotification', 'App\\Models\\User', 1, '{\"message\":\"\\u20a65,600.00 was credited to your wallet.\",\"type\":\"credit\",\"amount\":5600,\"balance\":21800,\"reference\":\"JARA_ORD_5225811880611748688152\",\"remarks\":\"Order #2 completed - Vendor earnings\",\"user_id\":1}', '2026-01-06 00:49:15', '2025-09-11 00:23:22', '2026-01-06 00:49:15'),
('d9a61df2-da8d-474e-84fd-82e74e704c38', 'App\\Notifications\\UserCreatedNotification', 'App\\Models\\User', 19, '{\"message\":\"Your Account victor Akpan was created successfully.\",\"user_id\":19,\"email\":\"minutessales3@gmail.com\"}', NULL, '2026-02-28 15:46:11', '2026-02-28 15:46:11'),
('db432989-2add-4f3c-8ddb-1c93da761a44', 'App\\Notifications\\OtpNotification', 'App\\Models\\User', 16, '{\"message\":\"Your OTP is 2050\",\"otp\":2050,\"user_id\":16,\"email\":\"imaobongloveth98@gmail.com\"}', NULL, '2026-02-28 16:02:42', '2026-02-28 16:02:42'),
('dcf94c95-6444-4cb3-be0e-1dbf00e13611', 'App\\Notifications\\OrderNotification', 'App\\Models\\User', 3, '{\"message\":\"Your order #JARA_ORD_1911371757626947 has been placed successfully.\",\"order_id\":12,\"status\":\"pending\",\"total\":\"10000.00\",\"user_id\":3}', NULL, '2025-09-11 21:23:29', '2025-09-11 21:23:29'),
('df59d61a-9510-42ba-b44f-0f0cab91fea0', 'App\\Notifications\\OtpNotification', 'App\\Models\\User', 21, '{\"message\":\"Your OTP is 4942\",\"otp\":4942,\"user_id\":21,\"email\":\"vpeterakpan@gmail.com\"}', NULL, '2026-04-21 17:40:07', '2026-04-21 17:40:07'),
('e100a71f-1b40-4206-bb3e-e35f3e5ef72e', 'App\\Notifications\\UserCreatedNotification', 'App\\Models\\User', 21, '{\"message\":\"Your Account obinna Ogbo was created successfully.\",\"user_id\":21,\"email\":\"vpeterakpan@gmail.com\"}', NULL, '2026-04-21 16:00:08', '2026-04-21 16:00:08'),
('e2ad8ecb-d3c5-4067-a28c-ecd37046760b', 'App\\Notifications\\UserCreatedNotification', 'App\\Models\\User', 36, '{\"message\":\"Your Account Inimfon udofa was created successfully.\",\"user_id\":36,\"email\":\"iudofa0@gmail.com\"}', NULL, '2026-04-21 18:30:06', '2026-04-21 18:30:06'),
('e2c5f14a-dba9-4b19-b6d5-60e0bf1c1657', 'App\\Notifications\\OtpNotification', 'App\\Models\\User', 15, '{\"message\":\"Your OTP is 6286\",\"otp\":6286,\"user_id\":15,\"email\":\"danieljaxon983@gmail.com\"}', NULL, '2026-02-24 00:00:07', '2026-02-24 00:00:07'),
('e5e039b1-d24a-4fd9-b501-be4b57b0dca3', 'App\\Notifications\\OtpNotification', 'App\\Models\\User', 10, '{\"message\":\"Your OTP is 6485\",\"otp\":6485,\"user_id\":10,\"email\":\"ekweredaniel8@gmail.com\"}', NULL, '2026-03-20 16:59:06', '2026-03-20 16:59:06'),
('e75fe54a-48a3-4e17-af42-47bfcf085681', 'App\\Notifications\\OtpNotification', 'App\\Models\\User', 21, '{\"message\":\"Your OTP is 6232\",\"otp\":6232,\"user_id\":21,\"email\":\"vpeterakpan@gmail.com\"}', NULL, '2026-04-21 15:55:07', '2026-04-21 15:55:07'),
('e7cdb546-e6dc-428b-842e-4403a3ee9b8a', 'App\\Notifications\\WalletNotification', 'App\\Models\\User', 3, '{\"message\":\"\\u20a65,000.00 was debited from your wallet.\",\"type\":\"debit\",\"amount\":5000,\"balance\":430000,\"reference\":\"Transfer\",\"remarks\":\"withdraw to bank\",\"user_id\":3}', NULL, '2025-09-12 12:11:56', '2025-09-12 12:11:56'),
('ebf42763-1d8f-4d91-8301-d3747b941a5e', 'App\\Notifications\\WalletNotification', 'App\\Models\\User', 3, '{\"message\":\"\\u20a610,000.00 was debited from your wallet.\",\"type\":\"debit\",\"amount\":10000,\"balance\":50000,\"reference\":\"JARA_ORD_7446741757615239\",\"remarks\":\"Order payments\",\"user_id\":3}', NULL, '2025-09-11 21:22:46', '2025-09-11 21:22:46'),
('ec7f6fcc-8f8f-4627-b024-95be3539e949', 'App\\Notifications\\OrderNotification', 'App\\Models\\User', 3, '{\"message\":\"Your order #JARA_ORD_2150451757629905 has been placed successfully.\",\"order_id\":22,\"status\":\"pending\",\"total\":\"10000.00\",\"user_id\":3}', NULL, '2025-09-11 22:05:45', '2025-09-11 22:05:45'),
('ee0ad61a-f2fa-4146-b2ee-fd73a1ad41a6', 'App\\Notifications\\UserCreatedNotification', 'App\\Models\\User', 10, '{\"message\":\"Your Account Daniel Ekwere was created successfully.\",\"user_id\":10,\"email\":\"ekweredaniel8@gmail.com\"}', NULL, '2026-04-21 19:55:04', '2026-04-21 19:55:04'),
('ef12c63c-8584-44a1-ac24-de028810e3ac', 'App\\Notifications\\WalletNotification', 'App\\Models\\User', 3, '{\"message\":\"\\u20a65,000.00 was debited from your wallet.\",\"type\":\"debit\",\"amount\":5000,\"balance\":425000,\"reference\":\"Transfer\",\"remarks\":\"withdraw to bank\",\"user_id\":3}', NULL, '2025-09-12 12:12:35', '2025-09-12 12:12:35'),
('ef209a1a-4290-4e39-b59c-0273547da5bc', 'App\\Notifications\\OtpNotification', 'App\\Models\\User', 35, '{\"message\":\"Your OTP is 2019\",\"otp\":2019,\"user_id\":35,\"email\":\"stenographerservices0@gmail.com\"}', NULL, '2026-04-21 17:25:05', '2026-04-21 17:25:05'),
('f371e8d4-5ea3-411b-9052-4f932f46298a', 'App\\Notifications\\OtpNotification', 'App\\Models\\User', 36, '{\"message\":\"Your OTP is 6192\",\"otp\":6192,\"user_id\":36,\"email\":\"iudofa0@gmail.com\"}', NULL, '2026-04-21 18:25:04', '2026-04-21 18:25:04'),
('f5e578b9-835f-49cd-a21e-90313a5a8829', 'App\\Notifications\\OtpNotification', 'App\\Models\\User', 35, '{\"message\":\"Your OTP is 6873\",\"otp\":6873,\"user_id\":35,\"email\":\"stenographerservices0@gmail.com\"}', NULL, '2026-04-21 17:15:05', '2026-04-21 17:15:05'),
('f716c121-b06e-47da-b6d3-79e7aac01799', 'App\\Notifications\\OtpNotification', 'App\\Models\\User', 13, '{\"message\":\"Your OTP is 2291\",\"otp\":2291,\"user_id\":13,\"email\":\"walterwinston877@gmail.com\"}', NULL, '2026-01-12 17:10:06', '2026-01-12 17:10:06'),
('f7ba7c9d-0f7f-45a3-b04d-121a36bcf354', 'App\\Notifications\\WalletNotification', 'App\\Models\\User', 2, '{\"message\":\"\\u20a670.00 was credited to your wallet.\",\"type\":\"credit\",\"amount\":70,\"balance\":260,\"reference\":\"JARA_ORD_5225811880611748688152\",\"remarks\":\"Order #2 completed - Referral earnings\",\"user_id\":2}', NULL, '2025-09-11 00:23:28', '2025-09-11 00:23:28'),
('f7e7cd6b-c7c5-4139-a00f-9b19553e2da2', 'App\\Notifications\\OtpNotification', 'App\\Models\\User', 21, '{\"message\":\"Your OTP is 3646\",\"otp\":3646,\"user_id\":21,\"email\":\"vpeterakpan@gmail.com\"}', NULL, '2026-04-21 17:50:04', '2026-04-21 17:50:04'),
('f86d51c4-6541-4d64-914d-e9dd6b1d5545', 'App\\Notifications\\PinNotification', 'App\\Models\\User', 10, '{\"type\":\"setup\",\"title\":\"PIN Setup\",\"message\":\"Your transaction PIN has been set up successfully.\"}', NULL, '2026-04-11 17:45:17', '2026-04-11 17:45:17'),
('f87b3b72-84d4-4493-a189-1f29261801f1', 'App\\Notifications\\UserCreatedNotification', 'App\\Models\\User', 12, '{\"message\":\"Your Account Desmond Theodore was created successfully.\",\"user_id\":12,\"email\":\"desmondtheodore94@gmail.com\"}', NULL, '2026-01-09 03:55:07', '2026-01-09 03:55:07'),
('f8dd467c-634f-4444-931f-db43652db408', 'App\\Notifications\\WalletNotification', 'App\\Models\\User', 2, '{\"message\":\"\\u20a670.00 was credited to your wallet.\",\"type\":\"credit\",\"amount\":70,\"balance\":120,\"reference\":\"JARA_ORD_5225811880611748688152\",\"remarks\":\"Order #2 completed - Referral earnings\",\"user_id\":2}', NULL, '2025-09-11 00:14:53', '2025-09-11 00:14:53'),
('f9d01238-8dad-4427-b783-2fdd461f33ae', 'App\\Notifications\\UserCreatedNotification', 'App\\Models\\User', 35, '{\"message\":\"Your Account Inimfon Udofa was created successfully.\",\"user_id\":35,\"email\":\"stenographerservices0@gmail.com\"}', NULL, '2026-04-21 17:30:08', '2026-04-21 17:30:08'),
('faa4fa75-8039-49a6-bc32-23a14c10af78', 'App\\Notifications\\OtpNotification', 'App\\Models\\User', 14, '{\"message\":\"Your OTP is 5567\",\"otp\":5567,\"user_id\":14,\"email\":\"danielekwere53@gmail.com\"}', NULL, '2026-02-20 08:50:05', '2026-02-20 08:50:05');

-- --------------------------------------------------------

--
-- Table structure for table `orders`
--

CREATE TABLE `orders` (
  `id` bigint(20) UNSIGNED NOT NULL,
  `reference` varchar(191) DEFAULT NULL,
  `order_date` date NOT NULL,
  `user_id` bigint(20) UNSIGNED NOT NULL,
  `address_id` bigint(20) UNSIGNED NOT NULL,
  `delivery_type` varchar(191) NOT NULL,
  `shipping_fee` decimal(10,2) NOT NULL DEFAULT 0.00,
  `service_charge` decimal(10,2) NOT NULL DEFAULT 0.00,
  `vat` decimal(10,2) NOT NULL DEFAULT 0.00,
  `total` decimal(10,2) NOT NULL,
  `status` varchar(191) NOT NULL DEFAULT 'pending',
  `remarks` text DEFAULT NULL,
  `audio` varchar(191) DEFAULT NULL,
  `created_at` timestamp NULL DEFAULT NULL,
  `updated_at` timestamp NULL DEFAULT NULL,
  `deleted_at` timestamp NULL DEFAULT NULL
) ENGINE=InnoDB DEFAULT CHARSET=utf8mb4 COLLATE=utf8mb4_unicode_ci;

--
-- Dumping data for table `orders`
--

INSERT INTO `orders` (`id`, `reference`, `order_date`, `user_id`, `address_id`, `delivery_type`, `shipping_fee`, `service_charge`, `vat`, `total`, `status`, `remarks`, `audio`, `created_at`, `updated_at`, `deleted_at`) VALUES
(2, 'JARA_ORD_5225811880611748688152', '2025-05-31', 1, 1, 'pickup', 0.00, 1000.00, 100.00, 5000.00, 'completed', NULL, NULL, '2025-05-31 10:42:32', '2025-09-11 00:22:52', NULL),
(3, 'JARA_ORD_3046019163491748688997', '2025-05-31', 1, 1, 'pickup', 0.00, 1000.00, 100.00, 5000.00, 'approved', NULL, NULL, '2025-05-31 10:56:37', '2025-05-31 10:56:37', NULL),
(4, 'JARA_ORD_2440156059271748689289', '2025-05-31', 1, 1, 'pickup', 0.00, 1000.00, 100.00, 5000.00, 'approved', NULL, NULL, '2025-05-31 11:01:29', '2025-05-31 11:01:29', NULL),
(5, 'JARA_ORD_6751649481451748689372', '2025-05-31', 1, 1, 'pickup', 0.00, 1000.00, 100.00, 5000.00, 'approved', NULL, NULL, '2025-05-31 11:02:52', '2025-05-31 11:02:52', NULL),
(6, 'JARA_ORD_3752435935581748689433', '2025-05-31', 1, 1, 'pickup', 0.00, 1000.00, 100.00, 5000.00, 'approved', NULL, NULL, '2025-05-31 11:03:53', '2025-05-31 11:03:53', NULL),
(7, 'JARA_ORD_1962981567721748689713', '2025-05-31', 1, 1, 'pickup', 0.00, 1000.00, 100.00, 5000.00, 'completed', NULL, NULL, '2025-05-31 11:08:33', '2025-09-11 00:02:38', NULL),
(8, 'JARA_ORD_3016716158101748855107', '2025-06-02', 1, 1, 'pickup', 0.00, 1000.00, 100.00, 5000.00, 'completed', NULL, NULL, '2025-06-02 09:05:07', '2025-09-10 23:43:29', NULL),
(10, 'JARA_ORD_7446741757615239', '2025-09-11', 3, 1, 'pickup', 0.00, 1000.00, 100.00, 10000.00, 'pending', 'this is my order', NULL, '2025-09-11 17:27:19', '2025-09-11 17:27:19', NULL),
(11, 'JARA_ORD_8651861757615638', '2025-09-11', 3, 1, 'pickup', 0.00, 1000.00, 100.00, 10000.00, 'pending', 'this is my order', NULL, '2025-09-11 17:33:58', '2025-09-11 17:33:58', NULL),
(12, 'JARA_ORD_1911371757626947', '2025-09-11', 3, 1, 'pickup', 0.00, 1000.00, 100.00, 10000.00, 'pending', 'this is my order', NULL, '2025-09-11 20:42:27', '2025-09-11 20:42:27', NULL),
(13, 'JARA_ORD_7053151757627502', '2025-09-11', 3, 1, 'pickup', 0.00, 1000.00, 100.00, 10000.00, 'pending', 'this is my order', NULL, '2025-09-11 20:51:42', '2025-09-11 20:51:42', NULL),
(14, 'JARA_ORD_5635951757627667', '2025-09-11', 3, 1, 'pickup', 0.00, 1000.00, 100.00, 10000.00, 'pending', 'this is my order', NULL, '2025-09-11 20:54:27', '2025-09-11 20:54:27', NULL),
(15, 'JARA_ORD_2034751757627809', '2025-09-11', 3, 1, 'pickup', 0.00, 1000.00, 100.00, 10000.00, 'pending', 'this is my order', NULL, '2025-09-11 20:56:49', '2025-09-11 20:56:49', NULL),
(16, 'JARA_ORD_7715141757627968', '2025-09-11', 3, 1, 'pickup', 0.00, 1000.00, 100.00, 10000.00, 'pending', 'this is my order', NULL, '2025-09-11 20:59:28', '2025-09-11 20:59:28', NULL),
(17, 'JARA_ORD_8375811757628130', '2025-09-11', 3, 1, 'pickup', 0.00, 1000.00, 100.00, 10000.00, 'pending', 'this is my order', NULL, '2025-09-11 21:02:10', '2025-09-11 21:02:10', NULL),
(19, 'JARA_ORD_9133071757628284', '2025-09-11', 3, 1, 'pickup', 0.00, 1000.00, 100.00, 10000.00, 'pending', 'this is my order', NULL, '2025-09-11 21:04:44', '2025-09-11 21:04:44', NULL),
(21, 'JARA_ORD_6444901757629776', '2025-09-11', 3, 1, 'pickup', 0.00, 1000.00, 100.00, 10000.00, 'pending', 'this is my order', NULL, '2025-09-11 21:29:36', '2025-09-11 21:29:36', NULL),
(22, 'JARA_ORD_2150451757629905', '2025-09-11', 3, 1, 'pickup', 0.00, 1000.00, 100.00, 10000.00, 'pending', 'this is my order', NULL, '2025-09-11 21:31:45', '2025-09-11 21:31:45', NULL),
(23, 'JARA_ORD_3637001757631778', '2025-09-11', 3, 1, 'pickup', 0.00, 1000.00, 100.00, 10000.00, 'completed', 'this is my order', NULL, '2025-09-11 22:02:58', '2025-09-11 22:05:07', NULL),
(34, 'JARA_ORD_8454401775233175', '2026-04-03', 10, 1, 'pickup', 2000.00, 1000.00, 0.00, 12500.00, 'pending', 'This is a sample order', NULL, '2026-04-03 20:19:35', '2026-04-03 20:19:35', NULL),
(35, 'JARA_ORD_2426041775243105', '2026-04-03', 10, 1, 'pickup', 2000.00, 1000.00, 0.00, 4200.00, 'pending', 'This is a sample order', NULL, '2026-04-03 23:05:05', '2026-04-03 23:05:05', NULL),
(36, 'JARA_ORD_3521881775243512', '2026-04-03', 10, 1, 'pickup', 2000.00, 1000.00, 0.00, 6500.00, 'pending', 'This is a sample order', NULL, '2026-04-03 23:11:52', '2026-04-03 23:11:52', NULL),
(37, 'JARA_ORD_7266001775247173', '2026-04-03', 21, 1, 'pickup', 2000.00, 1000.00, 0.00, 8000.00, 'pending', 'This is a sample order', NULL, '2026-04-04 00:12:53', '2026-04-04 00:12:53', NULL),
(38, 'JARA_ORD_6919691775310139', '2026-04-04', 10, 1, 'pickup', 2000.00, 1000.00, 0.00, 9500.00, 'pending', 'This is a sample order', NULL, '2026-04-04 17:42:19', '2026-04-04 17:42:19', NULL),
(39, 'JARA_ORD_6819681775489972', '2026-04-06', 21, 1, 'pickup', 2000.00, 1000.00, 0.00, 14500.00, 'pending', 'This is a sample order', NULL, '2026-04-06 19:39:32', '2026-04-06 19:39:32', NULL),
(40, 'JARA_ORD_8330051775514030', '2026-04-06', 21, 1, 'pickup', 2000.00, 1000.00, 0.00, 12000.00, 'pending', 'This is a sample order', NULL, '2026-04-07 02:20:30', '2026-04-07 02:20:30', NULL),
(41, 'JARA_ORD_8082011775577233', '2026-04-07', 10, 1, 'pickup', 2000.00, 1000.00, 0.00, 4000.00, 'pending', 'This is a sample order', NULL, '2026-04-07 19:53:53', '2026-04-07 19:53:53', NULL),
(42, 'JARA_ORD_7232611775919234', '2026-04-11', 10, 1, 'pickup', 2000.00, 1000.00, 0.00, 7500.00, 'pending', 'This is a sample order', NULL, '2026-04-11 18:53:54', '2026-04-11 18:53:54', NULL),
(43, 'JARA_ORD_8332781775931803', '2026-04-11', 10, 1, 'pickup', 2000.00, 1000.00, 0.00, 18000.00, 'pending', 'This is a sample order', NULL, '2026-04-11 22:23:23', '2026-04-11 22:23:23', NULL),
(44, 'JARA_ORD_7297811775932920', '2026-04-11', 10, 1, 'pickup', 2000.00, 1000.00, 0.00, 4000.00, 'pending', 'This is a sample order', NULL, '2026-04-11 22:42:00', '2026-04-11 22:42:00', NULL),
(45, 'JARA_ORD_1533621775933070', '2026-04-11', 10, 1, 'pickup', 2000.00, 1000.00, 0.00, 8900.00, 'pending', 'This is a sample order', NULL, '2026-04-11 22:44:30', '2026-04-11 22:44:30', NULL);

-- --------------------------------------------------------

--
-- Table structure for table `order_items`
--

CREATE TABLE `order_items` (
  `id` bigint(20) UNSIGNED NOT NULL,
  `order_id` bigint(20) UNSIGNED NOT NULL,
  `product_id` bigint(20) UNSIGNED DEFAULT NULL,
  `ingredient_id` bigint(20) UNSIGNED DEFAULT NULL,
  `quantity` int(11) NOT NULL,
  `price` decimal(10,2) NOT NULL,
  `unit` varchar(191) DEFAULT NULL,
  `vendor_id` bigint(20) UNSIGNED DEFAULT NULL,
  `vendor_at` datetime DEFAULT NULL,
  `status` varchar(191) NOT NULL DEFAULT 'pending',
  `assurance_user_id` bigint(20) UNSIGNED DEFAULT NULL,
  `assurance_at` datetime DEFAULT NULL,
  `pass_quality_assurance` tinyint(1) DEFAULT NULL,
  `remark` text DEFAULT NULL,
  `re_assigned` tinyint(1) DEFAULT NULL,
  `amount` decimal(10,2) NOT NULL DEFAULT 0.00,
  `vendor_amount` decimal(10,2) NOT NULL DEFAULT 0.00,
  `commision` decimal(10,2) NOT NULL DEFAULT 0.00,
  `referral` decimal(10,2) NOT NULL DEFAULT 0.00,
  `referral_id` bigint(20) UNSIGNED DEFAULT NULL,
  `created_at` timestamp NULL DEFAULT NULL,
  `updated_at` timestamp NULL DEFAULT NULL
) ENGINE=InnoDB DEFAULT CHARSET=utf8mb4 COLLATE=utf8mb4_unicode_ci;

--
-- Dumping data for table `order_items`
--

INSERT INTO `order_items` (`id`, `order_id`, `product_id`, `ingredient_id`, `quantity`, `price`, `unit`, `vendor_id`, `vendor_at`, `status`, `assurance_user_id`, `assurance_at`, `pass_quality_assurance`, `remark`, `re_assigned`, `amount`, `vendor_amount`, `commision`, `referral`, `referral_id`, `created_at`, `updated_at`) VALUES
(1, 2, 1, NULL, 3, 4000.00, NULL, 1, '2025-09-11 01:13:11', 'completed', 1, '2025-09-11 01:22:52', 1, NULL, NULL, 0.00, 5600.00, 500.00, 70.00, 2, '2025-05-31 10:42:32', '2025-09-11 00:22:52'),
(2, 2, NULL, 2, 2, 3000.00, 'kg', NULL, NULL, 'completed', 1, '2025-09-11 01:22:52', 1, NULL, NULL, 0.00, 0.00, 0.00, 0.00, NULL, '2025-05-31 10:42:32', '2025-09-11 00:22:52'),
(3, 3, 1, NULL, 3, 4000.00, NULL, NULL, NULL, 'pending', NULL, NULL, NULL, NULL, NULL, 0.00, 0.00, 0.00, 0.00, NULL, '2025-05-31 10:56:37', '2025-05-31 10:56:37'),
(4, 3, NULL, 2, 2, 3000.00, 'kg', NULL, NULL, 'pending', NULL, NULL, NULL, NULL, NULL, 0.00, 0.00, 0.00, 0.00, NULL, '2025-05-31 10:56:37', '2025-05-31 10:56:37'),
(5, 4, 1, NULL, 3, 4000.00, NULL, NULL, NULL, 'pending', NULL, NULL, NULL, NULL, NULL, 0.00, 0.00, 0.00, 0.00, NULL, '2025-05-31 11:01:29', '2025-05-31 11:01:29'),
(6, 4, NULL, 2, 2, 3000.00, 'kg', NULL, NULL, 'pending', NULL, NULL, NULL, NULL, NULL, 0.00, 0.00, 0.00, 0.00, NULL, '2025-05-31 11:01:29', '2025-05-31 11:01:29'),
(7, 5, 1, NULL, 3, 4000.00, NULL, NULL, NULL, 'pending', NULL, NULL, NULL, NULL, NULL, 0.00, 0.00, 0.00, 0.00, NULL, '2025-05-31 11:02:52', '2025-05-31 11:02:52'),
(8, 5, NULL, 2, 2, 3000.00, 'kg', NULL, NULL, 'pending', NULL, NULL, NULL, NULL, NULL, 0.00, 0.00, 0.00, 0.00, NULL, '2025-05-31 11:02:52', '2025-05-31 11:02:52'),
(9, 6, 1, NULL, 3, 4000.00, NULL, NULL, NULL, 'pending', NULL, NULL, NULL, NULL, NULL, 0.00, 0.00, 0.00, 0.00, NULL, '2025-05-31 11:03:53', '2025-05-31 11:03:53'),
(10, 6, NULL, 2, 2, 3000.00, 'kg', NULL, NULL, 'pending', NULL, NULL, NULL, NULL, NULL, 0.00, 0.00, 0.00, 0.00, NULL, '2025-05-31 11:03:53', '2025-05-31 11:03:53'),
(11, 7, 1, NULL, 3, 4000.00, NULL, NULL, NULL, 'completed', 1, '2025-09-11 01:02:38', 1, NULL, NULL, 0.00, 0.00, 0.00, 0.00, NULL, '2025-05-31 11:08:33', '2025-09-11 00:02:38'),
(12, 7, NULL, 2, 2, 3000.00, 'kg', NULL, NULL, 'completed', 1, '2025-09-11 01:02:38', 1, NULL, NULL, 0.00, 5000.00, 500.00, 50.00, 2, '2025-05-31 11:08:33', '2025-09-11 00:02:38'),
(13, 8, 7, 1, 1, 500.00, 'kg', NULL, NULL, 'completed', 1, '2025-09-11 00:43:29', 1, NULL, NULL, 0.00, 0.00, 0.00, 0.00, NULL, '2025-06-02 09:05:07', '2025-09-10 23:43:29'),
(14, 8, 7, 2, 1, 4000.00, 'kg', NULL, NULL, 'completed', 1, '2025-09-11 00:43:29', 1, NULL, NULL, 0.00, 0.00, 0.00, 0.00, NULL, '2025-06-02 09:05:07', '2025-09-10 23:43:29'),
(15, 8, 8, 1, 1, 500.00, 'kg', NULL, NULL, 'completed', 1, '2025-09-11 00:43:29', 1, NULL, NULL, 0.00, 0.00, 0.00, 0.00, NULL, '2025-06-02 09:05:07', '2025-09-10 23:43:29'),
(16, 8, 8, 2, 1, 4000.00, 'kg', 2, '2026-04-17 22:31:53', 'processing', 1, '2025-09-11 00:43:29', 1, NULL, NULL, 0.00, 0.00, 0.00, 0.00, NULL, '2025-06-02 09:05:07', '2026-04-18 02:31:53'),
(17, 8, NULL, 1, 2, 3000.00, 'kg', 1, '2025-06-02 16:04:37', 'completed', 1, '2025-09-11 00:43:29', 1, NULL, NULL, 0.00, 0.00, 0.00, 0.00, NULL, '2025-06-02 09:05:07', '2025-09-10 23:43:29'),
(18, 8, NULL, 2, 2, 3000.00, 'kg', 1, '2025-06-02 16:03:48', 'completed', 1, '2025-09-11 00:43:29', 1, NULL, NULL, 0.00, 0.00, 0.00, 0.00, NULL, '2025-06-02 09:05:07', '2025-09-10 23:43:29'),
(19, 10, 1, 1, 1, 500.00, 'kg', NULL, NULL, 'pending', NULL, NULL, NULL, NULL, NULL, 0.00, 0.00, 0.00, 0.00, NULL, '2025-09-11 17:27:19', '2025-09-11 17:27:19'),
(20, 10, NULL, 1, 2, 3000.00, 'kg', NULL, NULL, 'pending', NULL, NULL, NULL, NULL, NULL, 6000.00, 0.00, 0.00, 0.00, NULL, '2025-09-11 17:27:19', '2025-09-11 17:27:19'),
(21, 11, 1, 1, 1, 500.00, 'kg', NULL, NULL, 'pending', NULL, NULL, NULL, NULL, NULL, 0.00, 0.00, 0.00, 0.00, NULL, '2025-09-11 17:33:58', '2025-09-11 17:33:58'),
(22, 11, NULL, 1, 5, 3000.00, 'kg', NULL, NULL, 'pending', NULL, NULL, NULL, NULL, NULL, 15000.00, 0.00, 0.00, 0.00, NULL, '2025-09-11 17:33:58', '2025-09-11 17:33:58'),
(23, 12, 1, 1, 1, 500.00, 'kg', NULL, NULL, 'pending', NULL, NULL, NULL, NULL, NULL, 0.00, 0.00, 0.00, 0.00, NULL, '2025-09-11 20:42:27', '2025-09-11 20:42:27'),
(24, 12, NULL, 1, 5, 3000.00, 'kg', NULL, NULL, 'pending', NULL, NULL, NULL, NULL, NULL, 15000.00, 0.00, 0.00, 0.00, NULL, '2025-09-11 20:42:27', '2025-09-11 20:42:27'),
(25, 13, 1, 1, 1, 500.00, 'kg', NULL, NULL, 'pending', NULL, NULL, NULL, NULL, NULL, 0.00, 0.00, 0.00, 0.00, NULL, '2025-09-11 20:51:42', '2025-09-11 20:51:42'),
(26, 13, NULL, 1, 5, 3000.00, 'kg', NULL, NULL, 'pending', NULL, NULL, NULL, NULL, NULL, 15000.00, 0.00, 0.00, 0.00, NULL, '2025-09-11 20:51:42', '2025-09-11 20:51:42'),
(27, 14, 1, 1, 1, 500.00, 'kg', NULL, NULL, 'pending', NULL, NULL, NULL, NULL, NULL, 0.00, 0.00, 0.00, 0.00, 1, '2025-09-11 20:54:27', '2025-09-11 20:54:27'),
(28, 14, NULL, 1, 5, 3000.00, 'kg', NULL, NULL, 'pending', NULL, NULL, NULL, NULL, NULL, 15000.00, 0.00, 0.00, 0.00, 1, '2025-09-11 20:54:27', '2025-09-11 20:54:27'),
(29, 15, 1, 1, 1, 500.00, 'kg', NULL, NULL, 'pending', NULL, NULL, NULL, NULL, NULL, 0.00, 0.00, 0.00, 0.00, 1, '2025-09-11 20:56:49', '2025-09-11 20:56:49'),
(30, 15, NULL, 1, 5, 3000.00, 'kg', NULL, NULL, 'pending', NULL, NULL, NULL, NULL, NULL, 15000.00, 0.00, 0.00, 0.00, 1, '2025-09-11 20:56:49', '2025-09-11 20:56:49'),
(31, 16, 1, 1, 1, 500.00, 'kg', NULL, NULL, 'pending', NULL, NULL, NULL, NULL, NULL, 0.00, 0.00, 0.00, 0.00, 1, '2025-09-11 20:59:28', '2025-09-11 20:59:28'),
(32, 16, NULL, 1, 5, 3000.00, 'kg', NULL, NULL, 'pending', NULL, NULL, NULL, NULL, NULL, 15000.00, 15000.00, 0.00, 0.00, 1, '2025-09-11 20:59:28', '2025-09-11 20:59:28'),
(33, 17, 1, 1, 1, 500.00, 'kg', NULL, NULL, 'pending', NULL, NULL, NULL, NULL, NULL, 0.00, 0.00, 0.00, 0.00, 1, '2025-09-11 21:02:10', '2025-09-11 21:02:10'),
(34, 17, NULL, 1, 5, 3000.00, 'kg', NULL, NULL, 'pending', NULL, NULL, NULL, NULL, NULL, 15000.00, 13500.00, 0.00, 120.00, 1, '2025-09-11 21:02:10', '2025-09-11 21:02:10'),
(35, 19, 1, 1, 1, 500.00, 'kg', NULL, NULL, 'pending', NULL, NULL, NULL, NULL, NULL, 0.00, 0.00, 0.00, 0.00, 1, '2025-09-11 21:04:44', '2025-09-11 21:04:44'),
(36, 19, NULL, 1, 5, 3000.00, 'kg', NULL, NULL, 'pending', NULL, NULL, NULL, NULL, NULL, 15000.00, 13500.00, 1500.00, 120.00, 1, '2025-09-11 21:04:44', '2025-09-11 21:04:44'),
(37, 21, 1, 1, 1, 500.00, 'kg', NULL, NULL, 'pending', NULL, NULL, NULL, NULL, NULL, 0.00, 0.00, 0.00, 0.00, 1, '2025-09-11 21:29:36', '2025-09-11 21:29:36'),
(38, 21, NULL, 1, 5, 3000.00, 'kg', NULL, NULL, 'pending', NULL, NULL, NULL, NULL, NULL, 15000.00, 13500.00, 1500.00, 120.00, 1, '2025-09-11 21:29:36', '2025-09-11 21:29:36'),
(39, 22, 1, 1, 1, 500.00, 'kg', NULL, NULL, 'pending', NULL, NULL, NULL, NULL, NULL, 500.00, 500.00, 0.00, 0.00, 1, '2025-09-11 21:31:45', '2025-09-11 21:31:45'),
(40, 22, NULL, 1, 5, 3000.00, 'kg', NULL, NULL, 'pending', NULL, NULL, NULL, NULL, NULL, 15000.00, 13500.00, 1500.00, 120.00, 1, '2025-09-11 21:31:45', '2025-09-11 21:31:45'),
(41, 23, 1, 1, 1, 500.00, 'kg', NULL, NULL, 'completed', 1, '2025-09-11 23:05:07', 1, NULL, NULL, 500.00, 450.00, 50.00, 4.00, 1, '2025-09-11 22:02:58', '2025-09-11 22:05:07'),
(42, 23, NULL, 1, 5, 3000.00, 'kg', NULL, NULL, 'completed', 1, '2025-09-11 23:05:07', 1, NULL, NULL, 15000.00, 13500.00, 1500.00, 120.00, 1, '2025-09-11 22:02:58', '2025-09-11 22:05:07'),
(83, 34, 1, 4, 1, 500.00, 'por', NULL, NULL, 'pending', NULL, NULL, NULL, NULL, NULL, 500.00, 450.00, 50.00, 0.00, NULL, '2026-04-03 20:19:35', '2026-04-03 20:19:35'),
(84, 34, NULL, 42, 1, 5000.00, 'kg', NULL, NULL, 'pending', NULL, NULL, NULL, NULL, NULL, 5000.00, 4500.00, 500.00, 0.00, NULL, '2026-04-03 20:19:35', '2026-04-03 20:19:35'),
(85, 35, NULL, 14, 2, 600.00, 'g', NULL, NULL, 'pending', NULL, NULL, NULL, NULL, NULL, 1200.00, 1080.00, 120.00, 0.00, NULL, '2026-04-03 23:05:05', '2026-04-03 23:05:05'),
(86, 36, NULL, 48, 1, 3500.00, 'por', NULL, NULL, 'pending', NULL, NULL, NULL, NULL, NULL, 3500.00, 3150.00, 350.00, 0.00, NULL, '2026-04-03 23:11:52', '2026-04-03 23:11:52'),
(87, 37, 41, 58, 1, 500.00, 'por', NULL, NULL, 'pending', NULL, NULL, NULL, NULL, NULL, 500.00, 450.00, 50.00, 0.00, NULL, '2026-04-04 00:12:53', '2026-04-04 00:12:53'),
(88, 37, 41, 37, 1, 1000.00, 'cup', NULL, NULL, 'pending', NULL, NULL, NULL, NULL, NULL, 1000.00, 900.00, 100.00, 0.00, NULL, '2026-04-04 00:12:53', '2026-04-04 00:12:53'),
(89, 37, 41, 2, 1, 500.00, 'por', NULL, NULL, 'pending', NULL, NULL, NULL, NULL, NULL, 500.00, 450.00, 50.00, 0.00, NULL, '2026-04-04 00:12:53', '2026-04-04 00:12:53'),
(90, 37, 41, 14, 1, 500.00, 'g', NULL, NULL, 'pending', NULL, NULL, NULL, NULL, NULL, 500.00, 450.00, 50.00, 0.00, NULL, '2026-04-04 00:12:53', '2026-04-04 00:12:53'),
(91, 37, 41, 33, 1, 2000.00, 'por', NULL, NULL, 'pending', NULL, NULL, NULL, NULL, NULL, 2000.00, 1800.00, 200.00, 0.00, NULL, '2026-04-04 00:12:53', '2026-04-04 00:12:53'),
(92, 38, 21, 2, 1, 500.00, 'por', NULL, NULL, 'pending', NULL, NULL, NULL, NULL, NULL, 500.00, 450.00, 50.00, 0.00, NULL, '2026-04-04 17:42:19', '2026-04-04 17:42:19'),
(93, 38, 21, 9, 1, 3500.00, 'l', NULL, NULL, 'pending', NULL, NULL, NULL, NULL, NULL, 3500.00, 3150.00, 350.00, 0.00, NULL, '2026-04-04 17:42:19', '2026-04-04 17:42:19'),
(94, 38, 21, 1, 1, 500.00, 'por', NULL, NULL, 'pending', NULL, NULL, NULL, NULL, NULL, 500.00, 450.00, 50.00, 0.00, NULL, '2026-04-04 17:42:19', '2026-04-04 17:42:19'),
(95, 38, 21, 4, 1, 500.00, 'por', NULL, NULL, 'pending', NULL, NULL, NULL, NULL, NULL, 500.00, 450.00, 50.00, 0.00, NULL, '2026-04-04 17:42:19', '2026-04-04 17:42:19'),
(96, 38, 21, 7, 1, 1500.00, 'kg', NULL, NULL, 'pending', NULL, NULL, NULL, NULL, NULL, 1500.00, 1350.00, 150.00, 0.00, NULL, '2026-04-04 17:42:19', '2026-04-04 17:42:19'),
(97, 38, NULL, 37, 1, 1500.00, 'cup', NULL, NULL, 'pending', NULL, NULL, NULL, NULL, NULL, 1500.00, 1350.00, 150.00, 0.00, NULL, '2026-04-04 17:42:19', '2026-04-04 17:42:19'),
(98, 39, 17, 7, 1, 1500.00, 'kg', NULL, NULL, 'pending', NULL, NULL, NULL, NULL, NULL, 1500.00, 1350.00, 150.00, 0.00, NULL, '2026-04-06 19:39:32', '2026-04-06 19:39:32'),
(99, 39, 17, 9, 1, 3500.00, 'l', NULL, NULL, 'pending', NULL, NULL, NULL, NULL, NULL, 3500.00, 3150.00, 350.00, 0.00, NULL, '2026-04-06 19:39:32', '2026-04-06 19:39:32'),
(100, 39, NULL, 27, 3, 500.00, 'por', NULL, NULL, 'pending', NULL, NULL, NULL, NULL, NULL, 1500.00, 1350.00, 150.00, 0.00, NULL, '2026-04-06 19:39:32', '2026-04-06 19:39:32'),
(101, 39, NULL, 64, 1, 3000.00, 'kg', NULL, NULL, 'pending', NULL, NULL, NULL, NULL, NULL, 3000.00, 2700.00, 300.00, 0.00, NULL, '2026-04-06 19:39:32', '2026-04-06 19:39:32'),
(102, 39, NULL, 37, 2, 1000.00, 'cup', NULL, NULL, 'pending', NULL, NULL, NULL, NULL, NULL, 2000.00, 1800.00, 200.00, 0.00, NULL, '2026-04-06 19:39:32', '2026-04-06 19:39:32'),
(103, 40, 48, 79, 1, 500.00, 'cup', NULL, NULL, 'pending', NULL, NULL, NULL, NULL, NULL, 500.00, 450.00, 50.00, 0.00, NULL, '2026-04-07 02:20:30', '2026-04-07 02:20:30'),
(104, 40, 48, 7, 1, 1500.00, 'kg', NULL, NULL, 'pending', NULL, NULL, NULL, NULL, NULL, 1500.00, 1350.00, 150.00, 0.00, NULL, '2026-04-07 02:20:30', '2026-04-07 02:20:30'),
(105, 40, 48, 9, 1, 3500.00, 'l', NULL, NULL, 'pending', NULL, NULL, NULL, NULL, NULL, 3500.00, 3150.00, 350.00, 0.00, NULL, '2026-04-07 02:20:30', '2026-04-07 02:20:30'),
(106, 40, 48, 81, 1, 500.00, 'por', NULL, NULL, 'pending', NULL, NULL, NULL, NULL, NULL, 500.00, 450.00, 50.00, 0.00, NULL, '2026-04-07 02:20:30', '2026-04-07 02:20:30'),
(107, 40, 48, 80, 1, 500.00, 'por', NULL, NULL, 'pending', NULL, NULL, NULL, NULL, NULL, 500.00, 450.00, 50.00, 0.00, NULL, '2026-04-07 02:20:30', '2026-04-07 02:20:30'),
(108, 40, 48, 29, 1, 50.00, 'por', NULL, NULL, 'pending', NULL, NULL, NULL, NULL, NULL, 50.00, 45.00, 5.00, 0.00, NULL, '2026-04-07 02:20:30', '2026-04-07 02:20:30'),
(109, 40, 48, 82, 1, 1000.00, 'piece', NULL, NULL, 'pending', NULL, NULL, NULL, NULL, NULL, 1000.00, 900.00, 100.00, 0.00, NULL, '2026-04-07 02:20:30', '2026-04-07 02:20:30'),
(110, 40, 48, 16, 1, 50.00, 'tsp', NULL, NULL, 'pending', NULL, NULL, NULL, NULL, NULL, 50.00, 45.00, 5.00, 0.00, NULL, '2026-04-07 02:20:30', '2026-04-07 02:20:30'),
(111, 40, 48, 18, 1, 200.00, 'piece', NULL, NULL, 'pending', NULL, NULL, NULL, NULL, NULL, 200.00, 180.00, 20.00, 0.00, NULL, '2026-04-07 02:20:30', '2026-04-07 02:20:30'),
(112, 40, 48, 65, 1, 1000.00, 'g', NULL, NULL, 'pending', NULL, NULL, NULL, NULL, NULL, 1000.00, 900.00, 100.00, 0.00, NULL, '2026-04-07 02:20:30', '2026-04-07 02:20:30'),
(113, 40, 48, 8, 1, 1000.00, 'por', NULL, NULL, 'pending', NULL, NULL, NULL, NULL, NULL, 1000.00, 900.00, 100.00, 0.00, NULL, '2026-04-07 02:20:30', '2026-04-07 02:20:30'),
(114, 41, 20, 4, 1, 500.00, 'por', NULL, NULL, 'pending', NULL, NULL, NULL, NULL, NULL, 500.00, 500.00, 0.00, 0.00, NULL, '2026-04-07 19:53:53', '2026-04-07 19:53:53'),
(115, 41, 20, 2, 1, 500.00, 'por', NULL, NULL, 'pending', NULL, NULL, NULL, NULL, NULL, 500.00, 500.00, 0.00, 0.00, NULL, '2026-04-07 19:53:53', '2026-04-07 19:53:53'),
(116, 41, 20, 7, 1, 1500.00, 'kg', NULL, NULL, 'pending', NULL, NULL, NULL, NULL, NULL, 1500.00, 1500.00, 0.00, 0.00, NULL, '2026-04-07 19:53:53', '2026-04-07 19:53:53'),
(117, 41, 20, 8, 1, 1000.00, 'por', NULL, NULL, 'pending', NULL, NULL, NULL, NULL, NULL, 1000.00, 1000.00, 0.00, 0.00, NULL, '2026-04-07 19:53:53', '2026-04-07 19:53:53'),
(118, 42, 1, 4, 1, 500.00, 'por', NULL, NULL, 'pending', NULL, NULL, NULL, NULL, NULL, 500.00, 450.00, 50.00, 0.00, NULL, '2026-04-11 18:53:54', '2026-04-11 18:53:54'),
(119, 43, 24, 5, 1, 500.00, 'por', NULL, NULL, 'pending', NULL, NULL, NULL, NULL, NULL, 500.00, 450.00, 50.00, 0.00, NULL, '2026-04-11 22:23:24', '2026-04-11 22:23:24'),
(120, 43, 24, 13, 1, 1300.00, 'por', NULL, NULL, 'pending', NULL, NULL, NULL, NULL, NULL, 1300.00, 1170.00, 130.00, 0.00, NULL, '2026-04-11 22:23:24', '2026-04-11 22:23:24'),
(121, 43, 24, 2, 1, 500.00, 'por', NULL, NULL, 'pending', NULL, NULL, NULL, NULL, NULL, 500.00, 450.00, 50.00, 0.00, NULL, '2026-04-11 22:23:24', '2026-04-11 22:23:24'),
(122, 43, 24, 21, 1, 3000.00, 'kg', NULL, NULL, 'pending', NULL, NULL, NULL, NULL, NULL, 3000.00, 2700.00, 300.00, 0.00, NULL, '2026-04-11 22:23:24', '2026-04-11 22:23:24'),
(123, 43, 24, 25, 1, 1800.00, 'kg', NULL, NULL, 'pending', NULL, NULL, NULL, NULL, NULL, 1800.00, 1620.00, 180.00, 0.00, NULL, '2026-04-11 22:23:24', '2026-04-11 22:23:24'),
(124, 43, 24, 32, 1, 3000.00, 'kg', NULL, NULL, 'pending', NULL, NULL, NULL, NULL, NULL, 3000.00, 2700.00, 300.00, 0.00, NULL, '2026-04-11 22:23:24', '2026-04-11 22:23:24'),
(125, 43, 24, 33, 1, 2000.00, 'por', NULL, NULL, 'pending', NULL, NULL, NULL, NULL, NULL, 2000.00, 1800.00, 200.00, 0.00, NULL, '2026-04-11 22:23:24', '2026-04-11 22:23:24'),
(126, 43, 24, 34, 1, 300.00, 'por', NULL, NULL, 'pending', NULL, NULL, NULL, NULL, NULL, 300.00, 270.00, 30.00, 0.00, NULL, '2026-04-11 22:23:24', '2026-04-11 22:23:24'),
(127, 44, 20, 4, 1, 500.00, 'por', NULL, NULL, 'pending', NULL, NULL, NULL, NULL, NULL, 500.00, 500.00, 0.00, 0.00, NULL, '2026-04-11 22:42:00', '2026-04-11 22:42:00'),
(128, 44, 20, 2, 1, 500.00, 'por', NULL, NULL, 'pending', NULL, NULL, NULL, NULL, NULL, 500.00, 500.00, 0.00, 0.00, NULL, '2026-04-11 22:42:00', '2026-04-11 22:42:00'),
(129, 44, 20, 7, 1, 1500.00, 'kg', NULL, NULL, 'pending', NULL, NULL, NULL, NULL, NULL, 1500.00, 1500.00, 0.00, 0.00, NULL, '2026-04-11 22:42:00', '2026-04-11 22:42:00'),
(130, 44, 20, 8, 1, 1000.00, 'por', 16, '2026-04-20 18:57:41', 'processing', NULL, NULL, NULL, NULL, NULL, 1000.00, 1000.00, 0.00, 0.00, NULL, '2026-04-11 22:42:00', '2026-04-20 22:57:41'),
(131, 45, 11, 6, 1, 700.00, 'cup', NULL, NULL, 'pending', NULL, NULL, NULL, NULL, NULL, 700.00, 630.00, 70.00, 0.00, NULL, '2026-04-11 22:44:30', '2026-04-11 22:44:30'),
(132, 45, 11, 2, 1, 500.00, 'por', NULL, NULL, 'pending', NULL, NULL, NULL, NULL, NULL, 500.00, 450.00, 50.00, 0.00, NULL, '2026-04-11 22:44:30', '2026-04-11 22:44:30'),
(133, 45, 11, 3, 1, 1800.00, 'l', NULL, NULL, 'pending', NULL, NULL, NULL, NULL, NULL, 1800.00, 1620.00, 180.00, 0.00, NULL, '2026-04-11 22:44:30', '2026-04-11 22:44:30'),
(134, 45, 11, 4, 1, 500.00, 'por', NULL, NULL, 'pending', NULL, NULL, NULL, NULL, NULL, 500.00, 450.00, 50.00, 0.00, NULL, '2026-04-11 22:44:30', '2026-04-11 22:44:30');

-- --------------------------------------------------------

--
-- Table structure for table `order_item_logs`
--

CREATE TABLE `order_item_logs` (
  `id` bigint(20) UNSIGNED NOT NULL,
  `order_item_id` bigint(20) UNSIGNED NOT NULL,
  `vendor_id` bigint(20) UNSIGNED NOT NULL,
  `status` enum('accepted','processing','completed','pending','cancelled') NOT NULL,
  `changed_at` timestamp NOT NULL DEFAULT current_timestamp() ON UPDATE current_timestamp(),
  `created_at` timestamp NULL DEFAULT NULL,
  `updated_at` timestamp NULL DEFAULT NULL
) ENGINE=InnoDB DEFAULT CHARSET=utf8mb4 COLLATE=utf8mb4_unicode_ci;

--
-- Dumping data for table `order_item_logs`
--

INSERT INTO `order_item_logs` (`id`, `order_item_id`, `vendor_id`, `status`, `changed_at`, `created_at`, `updated_at`) VALUES
(1, 16, 2, 'processing', '2026-04-18 02:31:53', '2026-04-18 02:31:53', '2026-04-18 02:31:53'),
(2, 130, 16, 'processing', '2026-04-20 22:57:41', '2026-04-20 22:57:41', '2026-04-20 22:57:41');

-- --------------------------------------------------------

--
-- Table structure for table `password_reset_tokens`
--

CREATE TABLE `password_reset_tokens` (
  `email` varchar(255) NOT NULL,
  `token` varchar(255) NOT NULL,
  `created_at` timestamp NULL DEFAULT NULL
) ENGINE=InnoDB DEFAULT CHARSET=utf8mb4 COLLATE=utf8mb4_unicode_ci;

-- --------------------------------------------------------

--
-- Table structure for table `payments`
--

CREATE TABLE `payments` (
  `id` bigint(20) UNSIGNED NOT NULL,
  `user_id` bigint(20) UNSIGNED NOT NULL,
  `order_id` bigint(20) UNSIGNED DEFAULT NULL,
  `amount` decimal(10,2) NOT NULL,
  `payment_method` varchar(255) NOT NULL,
  `transaction_id` varchar(255) DEFAULT NULL,
  `status` varchar(255) NOT NULL DEFAULT 'pending',
  `notes` text DEFAULT NULL,
  `metadata` longtext CHARACTER SET utf8mb4 COLLATE utf8mb4_bin DEFAULT NULL CHECK (json_valid(`metadata`)),
  `created_at` timestamp NULL DEFAULT NULL,
  `updated_at` timestamp NULL DEFAULT NULL,
  `deleted_at` timestamp NULL DEFAULT NULL
) ENGINE=InnoDB DEFAULT CHARSET=utf8mb4 COLLATE=utf8mb4_unicode_ci;

-- --------------------------------------------------------

--
-- Table structure for table `payment_logs`
--

CREATE TABLE `payment_logs` (
  `id` bigint(20) UNSIGNED NOT NULL,
  `txn_ref` varchar(191) NOT NULL,
  `authorization_url` varchar(191) DEFAULT NULL,
  `amount` int(11) NOT NULL,
  `meta` longtext CHARACTER SET utf8mb4 COLLATE utf8mb4_bin DEFAULT NULL CHECK (json_valid(`meta`)),
  `gateway_response` varchar(191) DEFAULT NULL,
  `status` enum('pending','success','failed') NOT NULL DEFAULT 'pending',
  `transaction_mode` varchar(191) DEFAULT NULL,
  `transaction_owner_id` bigint(20) UNSIGNED DEFAULT NULL,
  `transaction_owner_type` varchar(191) DEFAULT NULL,
  `transaction_initiator_id` bigint(20) UNSIGNED DEFAULT NULL,
  `transaction_initiator_type` varchar(191) DEFAULT NULL,
  `approved_by` bigint(20) UNSIGNED DEFAULT NULL,
  `provider` varchar(191) DEFAULT NULL,
  `plan` varchar(191) DEFAULT NULL,
  `created_at` timestamp NULL DEFAULT NULL,
  `updated_at` timestamp NULL DEFAULT NULL
) ENGINE=InnoDB DEFAULT CHARSET=utf8mb4 COLLATE=utf8mb4_unicode_ci;

--
-- Dumping data for table `payment_logs`
--

INSERT INTO `payment_logs` (`id`, `txn_ref`, `authorization_url`, `amount`, `meta`, `gateway_response`, `status`, `transaction_mode`, `transaction_owner_id`, `transaction_owner_type`, `transaction_initiator_id`, `transaction_initiator_type`, `approved_by`, `provider`, `plan`, `created_at`, `updated_at`) VALUES
(1, 'JARA_9995505716921748639564', 'https://checkout.paystack.com/34nbuy86wx9sqsy', 50, '{\"amount\":5000,\"notes\":\"This is a sample payment\"}', 'Approved by Financial Institution', 'success', 'card', 1, NULL, 1, 'App\\Models\\User', NULL, 'Paystack', NULL, '2025-05-30 21:12:45', '2025-05-30 21:22:16'),
(2, 'JARA_9928440984421748640325', 'https://checkout.paystack.com/8b6y8m49rqp9kk0', 5000, '{\"amount\":5000,\"notes\":\"This is a sample payment\"}', 'Approved by Financial Institution', 'success', 'card', 1, NULL, 1, 'App\\Models\\User', NULL, 'Paystack', NULL, '2025-05-30 21:25:27', '2025-05-30 21:28:46'),
(3, 'JARA_4097703992831767712530', 'https://checkout.paystack.com/2ipnvuepiz8m4fb', 30000, '{\"amount\":30000,\"notes\":\"This is a sample payment\"}', NULL, 'pending', NULL, NULL, NULL, 10, 'App\\Models\\User', NULL, 'Paystack', NULL, '2026-01-06 20:15:30', '2026-01-06 20:15:30'),
(4, 'JARA_6991862505701767712702', 'https://checkout.paystack.com/315q6ps3dp51s4b', 50000, '{\"amount\":50000,\"notes\":\"This is a sample payment\"}', NULL, 'pending', NULL, NULL, NULL, 10, 'App\\Models\\User', NULL, 'Paystack', NULL, '2026-01-06 20:18:22', '2026-01-06 20:18:22'),
(5, 'JARA_9796946966831767712716', 'https://checkout.paystack.com/7cd0q865i6iyaba', 50000, '{\"amount\":50000,\"notes\":\"This is a sample payment\"}', NULL, 'pending', NULL, NULL, NULL, 10, 'App\\Models\\User', NULL, 'Paystack', NULL, '2026-01-06 20:18:36', '2026-01-06 20:18:36'),
(6, 'JARA_8010440158031768220055', 'https://checkout.paystack.com/koh7ekzyqwx14nn', 15000, '{\"amount\":15000,\"notes\":\"This is a sample payment\"}', NULL, 'pending', NULL, NULL, NULL, 13, 'App\\Models\\User', NULL, 'Paystack', NULL, '2026-01-12 17:14:16', '2026-01-12 17:14:16'),
(7, 'JARA_2485787345141771059438', 'https://checkout.paystack.com/uaasn4yd5o74qn6', 25000, '{\"amount\":25000,\"notes\":\"This is a sample payment\"}', NULL, 'pending', NULL, NULL, NULL, 12, 'App\\Models\\User', NULL, 'Paystack', NULL, '2026-02-14 13:57:19', '2026-02-14 13:57:19'),
(8, 'JARA_6615993644501771874928', 'https://checkout.paystack.com/aescj0f1gis9bs3', 12000, '{\"amount\":12000,\"notes\":\"This is a sample payment\"}', NULL, 'pending', NULL, NULL, NULL, 16, 'App\\Models\\User', NULL, 'Paystack', NULL, '2026-02-24 00:28:49', '2026-02-24 00:28:49'),
(9, 'JARA_1982087945371771874987', 'https://checkout.paystack.com/zdfwa99zikhpkhf', 12000, '{\"amount\":12000,\"notes\":\"This is a sample payment\"}', NULL, 'pending', NULL, NULL, NULL, 16, 'App\\Models\\User', NULL, 'Paystack', NULL, '2026-02-24 00:29:47', '2026-02-24 00:29:47'),
(10, 'JARA_613504336821771875085', 'https://checkout.paystack.com/7825knqvze3a3vj', 12000, '{\"amount\":12000,\"notes\":\"This is a sample payment\"}', NULL, 'pending', NULL, NULL, NULL, 12, 'App\\Models\\User', NULL, 'Paystack', NULL, '2026-02-24 00:31:26', '2026-02-24 00:31:26'),
(11, 'JARA_2053880602611772269225', 'https://checkout.paystack.com/jbe3ycp0kop0ca0', 2000, '{\"amount\":2000,\"notes\":\"This is a sample payment\"}', NULL, 'pending', NULL, NULL, NULL, 12, 'App\\Models\\User', NULL, 'Paystack', NULL, '2026-02-28 14:00:25', '2026-02-28 14:00:25'),
(12, 'JARA_4943987583061772280086', 'https://checkout.paystack.com/7jyc1cdbo0izml2', 2000, '{\"amount\":2000,\"notes\":\"This is a sample payment\"}', NULL, 'pending', NULL, NULL, NULL, 16, 'App\\Models\\User', NULL, 'Paystack', NULL, '2026-02-28 17:01:27', '2026-02-28 17:01:27'),
(13, 'JARA_5228603720101774366655', 'https://checkout.paystack.com/3cklufkr5yz50n2', 2000, '{\"amount\":2000,\"notes\":\"This is a sample payment\"}', NULL, 'pending', NULL, NULL, NULL, 10, 'App\\Models\\User', NULL, 'Paystack', NULL, '2026-03-24 19:37:36', '2026-03-24 19:37:36'),
(14, 'JARA_2309285026011774366695', 'https://checkout.paystack.com/qcestc7gm6th6rh', 50000, '{\"amount\":50000,\"notes\":\"This is a sample payment\"}', NULL, 'pending', NULL, NULL, NULL, 10, 'App\\Models\\User', NULL, 'Paystack', NULL, '2026-03-24 19:38:15', '2026-03-24 19:38:15'),
(15, 'JARA_9049042282771774366826', 'https://checkout.paystack.com/ovofdqz7p15fzih', 5000, '{\"amount\":5000,\"notes\":\"This is a sample payment\"}', NULL, 'pending', NULL, NULL, NULL, 10, 'App\\Models\\User', NULL, 'Paystack', NULL, '2026-03-24 19:40:27', '2026-03-24 19:40:27'),
(16, 'JARA_9357301507061774430796', 'https://checkout.paystack.com/aagdzyb4vo9exu3', 2000, '{\"amount\":2000,\"notes\":\"This is a sample payment\"}', NULL, 'pending', NULL, NULL, NULL, 19, 'App\\Models\\User', NULL, 'Paystack', NULL, '2026-03-25 13:26:37', '2026-03-25 13:26:37'),
(17, 'JARA_8257031502491775062811', 'https://checkout.paystack.com/s7d8ksorh3csjc5', 20000, '{\"amount\":20000,\"notes\":\"This is a sample payment\"}', NULL, 'pending', NULL, NULL, NULL, 21, 'App\\Models\\User', NULL, 'Paystack', NULL, '2026-04-01 21:00:17', '2026-04-01 21:00:17'),
(18, 'JARA_4070621148371775114362', 'https://checkout.paystack.com/ytxcx118r1m5fbp', 10000, '{\"amount\":10000,\"notes\":\"This is a sample payment\"}', NULL, 'pending', NULL, NULL, NULL, 28, 'App\\Models\\User', NULL, 'Paystack', NULL, '2026-04-02 11:19:23', '2026-04-02 11:19:23'),
(19, 'JARA_2319649644661775114394', 'https://checkout.paystack.com/t2z17a6nztpwkbd', 10000, '{\"amount\":10000,\"notes\":\"This is a sample payment\"}', NULL, 'pending', NULL, NULL, NULL, 28, 'App\\Models\\User', NULL, 'Paystack', NULL, '2026-04-02 11:19:55', '2026-04-02 11:19:55'),
(20, 'JARA_1475984135491775224934', 'https://checkout.paystack.com/xg7ufimfqry1k3z', 2000, '{\"amount\":2000,\"notes\":\"This is a sample payment\"}', NULL, 'pending', NULL, NULL, NULL, 10, 'App\\Models\\User', NULL, 'Paystack', NULL, '2026-04-03 18:02:14', '2026-04-03 18:02:14'),
(21, 'JARA_5581818687901775243568', 'https://checkout.paystack.com/yt8vkxlblu3g9xh', 3500, '{\"amount\":3500,\"notes\":\"This is a sample payment\"}', NULL, 'pending', NULL, NULL, NULL, 10, 'App\\Models\\User', NULL, 'Paystack', NULL, '2026-04-03 23:12:49', '2026-04-03 23:12:49'),
(22, 'JARA_1516415655621775251906', 'https://checkout.paystack.com/8lhcuabhd8tuxug', 20000, '{\"amount\":20000,\"notes\":\"This is a sample payment\"}', NULL, 'pending', NULL, NULL, NULL, 21, 'App\\Models\\User', NULL, 'Paystack', NULL, '2026-04-04 01:31:46', '2026-04-04 01:31:46'),
(23, 'JARA_1520419954611775251933', 'https://checkout.paystack.com/zfbj5btsfqzz7ip', 20000, '{\"amount\":20000,\"notes\":\"This is a sample payment\"}', NULL, 'pending', NULL, NULL, NULL, 21, 'App\\Models\\User', NULL, 'Paystack', NULL, '2026-04-04 01:32:13', '2026-04-04 01:32:13'),
(24, 'JARA_3254370354711775490088', 'https://checkout.paystack.com/xymgu23gxdkb1z8', 20000, '{\"amount\":20000,\"notes\":\"This is a sample payment\"}', NULL, 'pending', NULL, NULL, NULL, 21, 'App\\Models\\User', NULL, 'Paystack', NULL, '2026-04-06 19:41:29', '2026-04-06 19:41:29'),
(25, 'JARA_6031814885011775490149', 'https://checkout.paystack.com/tjcyssmzzaumnkt', 20000, '{\"amount\":20000,\"notes\":\"This is a sample payment\"}', NULL, 'pending', NULL, NULL, NULL, 21, 'App\\Models\\User', NULL, 'Paystack', NULL, '2026-04-06 19:42:30', '2026-04-06 19:42:30'),
(26, 'JARA_1235746720811775836497', 'https://checkout.paystack.com/343oh2cchvqvrdh', 20000, '{\"amount\":20000,\"notes\":\"This is a sample payment\"}', NULL, 'pending', NULL, NULL, NULL, 21, 'App\\Models\\User', NULL, 'Paystack', NULL, '2026-04-10 19:54:57', '2026-04-10 19:54:57');

-- --------------------------------------------------------

--
-- Table structure for table `permissions`
--

CREATE TABLE `permissions` (
  `id` bigint(20) UNSIGNED NOT NULL,
  `name` varchar(255) NOT NULL,
  `slug` varchar(255) NOT NULL,
  `group` varchar(255) NOT NULL DEFAULT 'general',
  `description` varchar(255) DEFAULT NULL,
  `created_at` timestamp NULL DEFAULT NULL,
  `updated_at` timestamp NULL DEFAULT NULL
) ENGINE=InnoDB DEFAULT CHARSET=utf8mb4 COLLATE=utf8mb4_unicode_ci;

--
-- Dumping data for table `permissions`
--

INSERT INTO `permissions` (`id`, `name`, `slug`, `group`, `description`, `created_at`, `updated_at`) VALUES
(1, 'View Dashboard', 'view_dashboard', 'dashboard', NULL, '2026-04-12 19:09:47', '2026-04-12 19:09:47'),
(2, 'View Orders', 'view_orders', 'orders', NULL, '2026-04-12 19:09:47', '2026-04-12 19:09:47'),
(3, 'Manage Orders', 'manage_orders', 'orders', NULL, '2026-04-12 19:09:47', '2026-04-12 19:09:47'),
(4, 'View Users', 'view_users', 'users', NULL, '2026-04-12 19:09:47', '2026-04-12 19:09:47'),
(5, 'Manage Users', 'manage_users', 'users', NULL, '2026-04-12 19:09:47', '2026-04-12 19:09:47'),
(6, 'View Vendors', 'view_vendors', 'vendors', NULL, '2026-04-12 19:09:47', '2026-04-12 19:09:47'),
(7, 'Manage Vendors', 'manage_vendors', 'vendors', NULL, '2026-04-12 19:09:47', '2026-04-12 19:09:47'),
(8, 'View Transactions', 'view_transactions', 'finance', NULL, '2026-04-12 19:09:47', '2026-04-12 19:09:47'),
(9, 'Manage Transactions', 'manage_transactions', 'finance', NULL, '2026-04-12 19:09:47', '2026-04-12 19:09:47'),
(10, 'View Wallets', 'view_wallets', 'finance', NULL, '2026-04-12 19:09:47', '2026-04-12 19:09:47'),
(11, 'Manage Withdrawals', 'manage_withdrawals', 'finance', NULL, '2026-04-12 19:09:47', '2026-04-12 19:09:47'),
(12, 'View Commissions', 'view_commissions', 'finance', NULL, '2026-04-12 19:09:47', '2026-04-12 19:09:47'),
(13, 'Manage Commissions', 'manage_commissions', 'finance', NULL, '2026-04-12 19:09:47', '2026-04-12 19:09:47'),
(14, 'View Reports', 'view_reports', 'reports', NULL, '2026-04-12 19:09:47', '2026-04-12 19:09:47'),
(15, 'View Logistics', 'view_logistics', 'logistics', NULL, '2026-04-12 19:09:47', '2026-04-12 19:09:47'),
(16, 'Manage Admins', 'manage_admins', 'admin', NULL, '2026-04-12 19:09:47', '2026-04-12 19:09:47'),
(17, 'Manage Roles', 'manage_roles', 'admin', NULL, '2026-04-12 19:09:47', '2026-04-12 19:09:47'),
(18, 'Manage Settings', 'manage_settings', 'admin', NULL, '2026-04-12 19:09:47', '2026-04-12 19:09:47'),
(19, 'View Categories', 'view_categories', 'catalogue', NULL, '2026-04-12 19:09:47', '2026-04-12 19:09:47'),
(20, 'Manage Categories', 'manage_categories', 'catalogue', NULL, '2026-04-12 19:09:47', '2026-04-12 19:09:47'),
(21, 'View Products', 'view_products', 'catalogue', NULL, '2026-04-12 19:09:47', '2026-04-12 19:09:47'),
(22, 'Manage Products', 'manage_products', 'catalogue', NULL, '2026-04-12 19:09:47', '2026-04-12 19:09:47'),
(23, 'View Ingredients', 'view_ingredients', 'catalogue', NULL, '2026-04-12 19:09:47', '2026-04-12 19:09:47'),
(24, 'Manage Ingredients', 'manage_ingredients', 'catalogue', NULL, '2026-04-12 19:09:47', '2026-04-12 19:09:47');

-- --------------------------------------------------------

--
-- Table structure for table `personal_access_tokens`
--

CREATE TABLE `personal_access_tokens` (
  `id` bigint(20) UNSIGNED NOT NULL,
  `tokenable_type` varchar(255) NOT NULL,
  `tokenable_id` bigint(20) UNSIGNED NOT NULL,
  `name` varchar(255) NOT NULL,
  `token` varchar(64) NOT NULL,
  `abilities` text DEFAULT NULL,
  `last_used_at` timestamp NULL DEFAULT NULL,
  `expires_at` timestamp NULL DEFAULT NULL,
  `created_at` timestamp NULL DEFAULT NULL,
  `updated_at` timestamp NULL DEFAULT NULL
) ENGINE=InnoDB DEFAULT CHARSET=utf8mb4 COLLATE=utf8mb4_unicode_ci;

--
-- Dumping data for table `personal_access_tokens`
--

INSERT INTO `personal_access_tokens` (`id`, `tokenable_type`, `tokenable_id`, `name`, `token`, `abilities`, `last_used_at`, `expires_at`, `created_at`, `updated_at`) VALUES
(1, 'App\\Models\\User', 2, 'User _signUp', '36783e4444e9af7c5f3182d1f36923a446a291eb94f72a9db10c32111c01b7d7', '[\"*\"]', NULL, NULL, '2025-05-26 06:42:39', '2025-05-26 06:42:39'),
(2, 'App\\Models\\User', 1, 'User_signUp', '85ad7fbd744a72cc96a22cb4b8d72cb5af801a7568ec519d566dc4cfec2a4ad6', '[\"*\"]', NULL, NULL, '2025-05-26 07:28:06', '2025-05-26 07:28:06'),
(3, 'App\\Models\\User', 1, 'User_signUp', '2d675dc6aa57f999a27ac30d68f96a99641a3a1b80f09898c6a6acff411842ee', '[\"*\"]', NULL, NULL, '2025-05-26 07:34:33', '2025-05-26 07:34:33'),
(4, 'App\\Models\\User', 1, 'User_signUp', 'e6f108f6d7997f699b3c4db91b4f7bb365640af56434e377aa3ae37aa6c7b09f', '[\"*\"]', NULL, NULL, '2025-05-26 08:17:04', '2025-05-26 08:17:04'),
(5, 'App\\Models\\User', 1, 'User_signUp', '64b8102ee41bf015c1b75058793a9862d78377e6f51b713f5782c29cd2cc94b3', '[\"*\"]', NULL, NULL, '2025-05-26 08:22:30', '2025-05-26 08:22:30'),
(6, 'App\\Models\\User', 1, 'User_signUp', 'a63015de0ec7bd110cd15c92ab8e3f26180f141e6775646ddb0e197af540558b', '[\"*\"]', NULL, NULL, '2025-05-26 08:25:37', '2025-05-26 08:25:37'),
(7, 'App\\Models\\User', 1, 'User_signUp', 'ef675645df998e6f8d89f477aed81ef7eb90c92a2ba0c024d1b88fe5f20970bb', '[\"*\"]', NULL, NULL, '2025-05-26 08:26:27', '2025-05-26 08:26:27'),
(8, 'App\\Models\\User', 1, 'auth_token', '86460d57cd68a42afb618341887a0d7f0460124a401b19bb21b8d8b9f3bea7aa', '[\"*\"]', NULL, NULL, '2025-05-26 08:27:33', '2025-05-26 08:27:33'),
(9, 'App\\Models\\User', 1, 'auth_token', 'afc1456ca0b7e852fc1f278628f576cd21092df6cabe7fefa2fdd00156effa10', '[\"*\"]', '2025-05-26 18:02:19', NULL, '2025-05-26 15:15:05', '2025-05-26 18:02:19'),
(10, 'App\\Models\\User', 1, 'auth_token', '4cc0622e98e18074f258312b6eb1eb979c8e115648c2f7c56ef061bfcfd1c620', '[\"*\"]', NULL, NULL, '2025-05-26 18:05:19', '2025-05-26 18:05:19'),
(11, 'App\\Models\\User', 1, 'auth_token', 'bc1bc2ac4d99f71bbfabc3a2718e1dee0fd6d72006ac0257c561419a4379bfae', '[\"*\"]', NULL, NULL, '2025-05-26 18:06:29', '2025-05-26 18:06:29'),
(12, 'App\\Models\\User', 1, 'auth_token', '4f834a2383ffdac87bc43fe3a9bfce0953dfe0c43ee1e67a0296e35ead3242d1', '[\"*\"]', NULL, NULL, '2025-05-26 18:13:18', '2025-05-26 18:13:18'),
(13, 'App\\Models\\User', 1, 'auth_token', 'b514f894ef8556a5138bbb4d2900d16801c14d3a3f439ff301100df4d1f00a5c', '[\"*\"]', '2025-05-27 06:02:49', NULL, '2025-05-27 06:02:25', '2025-05-27 06:02:49'),
(15, 'App\\Models\\User', 1, 'auth_token', '8d911e94c730393c58711cda3948b842b482d08516d8c5d7ea01dc9595d816bb', '[\"*\"]', '2025-05-30 23:49:55', NULL, '2025-05-29 08:45:22', '2025-05-30 23:49:55'),
(16, 'App\\Models\\User', 1, 'auth_token', 'd30252b6cb41e55585073b07f9461835a9c308c159f3e3b4cefee5979e8a24a8', '[\"*\"]', NULL, NULL, '2025-05-29 08:54:04', '2025-05-29 08:54:04'),
(17, 'App\\Models\\User', 1, 'auth_token', 'c4f645d45bf47a6bc3ca323fbaadc0556576ae082676709f0bed3b4d7bfe90c0', '[\"*\"]', NULL, NULL, '2025-05-30 21:23:02', '2025-05-30 21:23:02'),
(18, 'App\\Models\\User', 1, 'auth_token', 'a276bfca35d8456e09483a38b806dd2e71502346a985d7c0288ad0d56e9fcfcb', '[\"*\"]', '2025-05-31 12:33:56', NULL, '2025-05-31 10:35:41', '2025-05-31 12:33:56'),
(19, 'App\\Models\\User', 1, 'auth_token', '698c2127ee1ac7648f6f84a0e3e150f3fb55fdf3af248f0a7bdf81c64d7dccf0', '[\"*\"]', NULL, NULL, '2025-06-01 14:27:29', '2025-06-01 14:27:29'),
(20, 'App\\Models\\User', 1, 'auth_token', '639620e00593224c56833a5441f2a752cc7fbea1026b0c30ea1cdf3d0846197e', '[\"*\"]', NULL, NULL, '2025-06-01 14:28:06', '2025-06-01 14:28:06'),
(21, 'App\\Models\\User', 1, 'auth_token', 'e0290a3e698dad85e0971535c656d87810bb34de82cfa5e2b3a99633635d2e9a', '[\"*\"]', '2025-06-01 14:52:17', NULL, '2025-06-01 14:30:41', '2025-06-01 14:52:17'),
(22, 'App\\Models\\User', 1, 'auth_token', '852823ebc6601552039069ddfd378aece0296ceaf1b68f69f2acfcb56206bfd8', '[\"*\"]', NULL, NULL, '2025-06-01 14:56:45', '2025-06-01 14:56:45'),
(23, 'App\\Models\\User', 1, 'auth_token', 'cb7a28038ea9a8f08dfb16398a67e0c3f664f02a68c81b58a0d4b91b1fb05486', '[\"*\"]', NULL, NULL, '2025-06-02 07:36:40', '2025-06-02 07:36:40'),
(24, 'App\\Models\\User', 1, 'auth_token', 'c535b2685e9bc7ccb98ded78813f1a7d6f245a70f21b7c326f810d39b02430de', '[\"*\"]', NULL, NULL, '2025-06-02 07:37:38', '2025-06-02 07:37:38'),
(25, 'App\\Models\\User', 1, 'auth_token', '2ebc1d0f190d247d96cb50a2cde160f0d4bb7487156cdf013d4ccf5e57e4915a', '[\"*\"]', NULL, NULL, '2025-06-02 07:38:28', '2025-06-02 07:38:28'),
(26, 'App\\Models\\User', 1, 'auth_token', '7a777057856ec2ce38cf4f7f6c4d5b6e582384570b9d9d9d226df23d464132e6', '[\"*\"]', NULL, NULL, '2025-06-02 07:43:09', '2025-06-02 07:43:09'),
(27, 'App\\Models\\User', 1, 'auth_token', '5df4945deb3da137eb8b60e2119f84492d1574441a3c14515793e483e51bf64e', '[\"*\"]', NULL, NULL, '2025-06-02 07:44:10', '2025-06-02 07:44:10'),
(28, 'App\\Models\\User', 1, 'auth_token', '19fc3a62ddbefef3bf689679c346b6ee87e5cefe9044500ab3b52dac649d8027', '[\"*\"]', NULL, NULL, '2025-06-02 07:46:56', '2025-06-02 07:46:56'),
(29, 'App\\Models\\User', 1, 'auth_token', 'c574b45fa9730dd7e33685311618573fa7aa9743763b86d73295d65d9bb85854', '[\"*\"]', NULL, NULL, '2025-06-02 07:54:01', '2025-06-02 07:54:01'),
(30, 'App\\Models\\User', 1, 'auth_token', '9b8a58eff0be60c8e5ea9f7eea08e856a989a4028651bbc755dd9ab0ec733145', '[\"*\"]', NULL, NULL, '2025-06-02 07:54:45', '2025-06-02 07:54:45'),
(31, 'App\\Models\\User', 1, 'auth_token', 'd214d7eae36481916932a6b5cce77dc4cc66ca43c5345b6ad8f3a3d99aed0849', '[\"*\"]', '2025-06-02 15:22:13', NULL, '2025-06-02 07:55:13', '2025-06-02 15:22:13'),
(32, 'App\\Models\\User', 1, 'auth_token', '0fe4c46e63bc70131853ce96f779df2ce84d4e0c3e3060ca73f90cffda9ee33b', '[\"*\"]', NULL, NULL, '2025-06-04 08:50:28', '2025-06-04 08:50:28'),
(33, 'App\\Models\\User', 1, 'auth_token', '43554c76d9941b2d37c9feae747ddfb79710e765c8a9e73f3b65ac88872bd232', '[\"*\"]', '2025-06-04 15:53:23', NULL, '2025-06-04 15:53:00', '2025-06-04 15:53:23'),
(34, 'App\\Models\\User', 1, 'auth_token', '5f5cd81146abd34d3f2b1bffbcf85b934ecde75f78c9b650909b761d554bd44b', '[\"*\"]', '2025-06-14 22:32:03', NULL, '2025-06-14 22:26:44', '2025-06-14 22:32:03'),
(35, 'App\\Models\\User', 1, 'auth_token', 'b4c2286709dec8b5aa8e2c89ee3137365bf7a599b9cd1054be01d3e940cf2b6f', '[\"*\"]', '2025-06-14 23:01:20', NULL, '2025-06-14 22:57:03', '2025-06-14 23:01:20'),
(36, 'App\\Models\\User', 1, 'auth_token', 'e803557a0ece2f73d68b59d6b3225c68b86482dc66e2e97c7dfeed775291b5d9', '[\"*\"]', '2025-06-18 23:55:16', NULL, '2025-06-18 21:42:38', '2025-06-18 23:55:16'),
(37, 'App\\Models\\User', 3, 'auth_token', 'b56b074c6dda5eb8ca9a25692308d41d80d26f4c5ddce544f4f520f6ad6c2447', '[\"*\"]', NULL, NULL, '2025-09-11 17:54:46', '2025-09-11 17:54:46'),
(38, 'App\\Models\\User', 3, 'auth_token', 'd0c3e2614646247d2938af7f6b27ac8e08ac91d5acb271ea02d2517586e3f195', '[\"*\"]', NULL, NULL, '2025-09-11 17:56:04', '2025-09-11 17:56:04'),
(39, 'App\\Models\\User', 3, 'auth_token', '9877f1bd298faddd6b74ba82d967d19ca9d4d2e310b02d0d93770cbba63e89e4', '[\"*\"]', NULL, NULL, '2025-09-11 17:56:48', '2025-09-11 17:56:48'),
(40, 'App\\Models\\User', 3, 'auth_token', '3ca7a179ad49a37a8e278967eb7ff8378771196cedbe52569c8ab9d6e3527018', '[\"*\"]', '2025-09-12 00:52:29', NULL, '2025-09-11 18:00:26', '2025-09-12 00:52:29'),
(41, 'App\\Models\\User', 3, 'auth_token', 'b8acc4b53f38f7912fdbedf4d80c2480f20d204151fa724be81d48ba9849b7b6', '[\"*\"]', '2026-03-09 19:31:42', NULL, '2025-09-12 00:54:05', '2026-03-09 19:31:42'),
(42, 'App\\Models\\User', 7, 'auth_token', '53dc2532a89be93b2688523a0ac383c49ae88760676e271cb07be2249a37cdaf', '[\"*\"]', NULL, NULL, '2026-01-04 16:35:39', '2026-01-04 16:35:39'),
(46, 'App\\Models\\User', 13, 'auth_token', '4ec40e64b156b2d872df56b9ee2aca25e4f9b5cb5031ba6e3f6feb3aacad137e', '[\"*\"]', '2026-01-12 17:14:48', NULL, '2026-01-12 17:11:04', '2026-01-12 17:14:48'),
(47, 'App\\Models\\User', 13, 'auth_token', 'c66a72ca4f82fb429c64bca36ceb43b5773d407b0f4914ad884fa6a194ff1265', '[\"*\"]', '2026-01-28 17:26:21', NULL, '2026-01-12 17:37:23', '2026-01-28 17:26:21'),
(50, 'App\\Models\\User', 18, 'auth_token', '6d8c96387caa6d416be366cf52ebf0166fe5d0ae3c38161eda1cd92aca07eb94', '[\"*\"]', '2026-03-20 16:55:17', NULL, '2026-02-27 14:38:40', '2026-03-20 16:55:17'),
(51, 'App\\Models\\User', 19, 'auth_token', 'fe8db37156ffdc60959de06ba034f53aae4ecb7396770fac1b02f777b47c128d', '[\"*\"]', '2026-04-10 18:53:03', NULL, '2026-02-28 15:50:34', '2026-04-10 18:53:03'),
(57, 'App\\Models\\User', 10, 'auth_token', '0538322a62965f858e31cc7f34f55c7c7690fc0ba83457878d17fafc4f087f5e', '[\"*\"]', '2026-04-13 20:00:43', NULL, '2026-03-20 18:16:39', '2026-04-13 20:00:43'),
(58, 'App\\Models\\User', 10, 'auth_token', '898b0765674797c234f8f729f68877ab7482cf03a3f7145cab61a04d564bb7b4', '[\"*\"]', '2026-04-11 23:58:40', NULL, '2026-03-20 23:03:16', '2026-04-11 23:58:40'),
(59, 'App\\Models\\User', 21, 'auth_token', '47ac96929647d655509d8b986ea37db262e3ed5962678ebfd3681b3c886443df', '[\"*\"]', '2026-04-21 17:40:41', NULL, '2026-03-23 12:27:15', '2026-04-21 17:40:41'),
(60, 'App\\Models\\User', 28, 'auth_token', 'e4cd883b056f91a6008f5bb2330e8e02dad681250cd45de641e010f4caccaeba', '[\"*\"]', '2026-04-21 19:27:27', NULL, '2026-04-01 14:00:22', '2026-04-21 19:27:27'),
(61, 'App\\Models\\User', 16, 'auth_token', 'f42f548f0344972171291fa123b9db71bcfc88a1f9a0714156f595a8a6fdc30d', '[\"*\"]', '2026-04-04 21:48:09', NULL, '2026-04-04 21:29:24', '2026-04-04 21:48:09'),
(62, 'App\\Models\\User', 3, 'auth_token', '3ec84e933897be8edece8119472b902fefdd818d3a4ed0f6226be9f82338d314', '[\"*\"]', NULL, NULL, '2026-04-11 18:38:36', '2026-04-11 18:38:36'),
(63, 'App\\Models\\User', 2, 'auth_token', 'f9c38c742379e441d3998f57ec68f92d8d7cdb454b1dda827c265a99d778afe2', '[\"*\"]', NULL, NULL, '2026-04-12 19:23:10', '2026-04-12 19:23:10'),
(64, 'App\\Models\\User', 2, 'auth_token', '8f425fa8cbd37e5e373aab78d1f0edc27e976d6de93094b920d619e7727b8505', '[\"*\"]', '2026-04-20 17:40:09', NULL, '2026-04-15 23:41:06', '2026-04-20 17:40:09'),
(66, 'App\\Models\\User', 2, 'auth_token', '49d28690d1779f36a1ee73cef992133332b71abb838cf1cbfa4495a210949099', '[\"*\"]', '2026-04-18 03:16:55', NULL, '2026-04-18 02:30:08', '2026-04-18 03:16:55'),
(67, 'App\\Models\\User', 34, 'auth_token', '5c59896b57862399c9424915bee1d4ccbee43ef9baae76f0ceef2801ded14e48', '[\"*\"]', '2026-04-20 20:59:17', NULL, '2026-04-19 01:56:45', '2026-04-20 20:59:17'),
(69, 'App\\Models\\User', 16, 'auth_token', '895738218d008dd2b9f993cd2cafb3e2f9c65acca6ede9f3446d26f4460b8d54', '[\"*\"]', '2026-04-20 23:06:51', NULL, '2026-04-20 22:20:57', '2026-04-20 23:06:51'),
(71, 'App\\Models\\User', 35, 'auth_token', '220b70be87f7928308eb425f52ce081150e862ad81fb01cb08173d669bc7f681', '[\"*\"]', '2026-04-21 17:59:27', NULL, '2026-04-21 17:34:56', '2026-04-21 17:59:27'),
(72, 'App\\Models\\User', 36, 'auth_token', '12ba2db4573b7a3ecfaa2033030868b997d54425dedf92f6784af0a2ee702bba', '[\"*\"]', '2026-04-23 23:22:28', NULL, '2026-04-21 18:28:10', '2026-04-23 23:22:28'),
(73, 'App\\Models\\User', 36, 'auth_token', 'ff1efd55f77228c913ce937451d2e0669c6400040a240d4548c3262fae101eda', '[\"*\"]', '2026-04-23 23:27:12', NULL, '2026-04-21 18:56:12', '2026-04-23 23:27:12'),
(74, 'App\\Models\\User', 37, 'auth_token', 'd4052eda82a22b6ce75992633c4b17fe120a56fd4b40809db8275f15db6e8ce1', '[\"*\"]', '2026-04-25 18:59:59', NULL, '2026-04-22 19:47:10', '2026-04-25 18:59:59');

-- --------------------------------------------------------

--
-- Table structure for table `products`
--

CREATE TABLE `products` (
  `id` bigint(20) UNSIGNED NOT NULL,
  `name` varchar(255) NOT NULL,
  `description` text DEFAULT NULL,
  `price` decimal(10,2) NOT NULL,
  `discount_price` decimal(10,2) DEFAULT NULL,
  `stock` int(11) NOT NULL DEFAULT 0,
  `preparation_steps` text DEFAULT NULL,
  `rating` double(8,2) DEFAULT NULL,
  `image_url` varchar(255) DEFAULT NULL,
  `created_at` timestamp NULL DEFAULT NULL,
  `updated_at` timestamp NULL DEFAULT NULL
) ENGINE=InnoDB DEFAULT CHARSET=utf8mb4 COLLATE=utf8mb4_unicode_ci;

--
-- Dumping data for table `products`
--

INSERT INTO `products` (`id`, `name`, `description`, `price`, `discount_price`, `stock`, `preparation_steps`, `rating`, `image_url`, `created_at`, `updated_at`) VALUES
(1, 'Atama Soup', NULL, 4500.00, 4000.00, 10, 'Step 1: If using fresh Atama leaves, slice them very thinly (or buy pre-sliced). Wash and squeeze them 2-3 times to remove the sticky, bitter juice. If using dry leaves, soak in water to soften, then squeeze.\r\nStep 2: Palm Fruit: Boil palm fruits for 15-30 minutes, pound to separate the pulp from the nut, mix with hot water, and strain to extract the thick, oily, orange juice.\r\n Step 3:  Proteins & Periwinkles: Wash and season meat (goat/beef), stockfish, and ponmo with salt, onions, and seasoning cubes. Cook until tender. Wash periwinkles thoroughly. \r\nStep 4:  Cooking the Soup\r\nBoil the Base: Pour the palm fruit extract into a large pot and bring to a boil for about 10-15 minutes until it thickens and the oil settles on top.\r\nStep 4: Add Ingredients: Add the cooked assorted meats, stockfish, and smoked fish to the palm extract.\r\n Step 5: Seasoning: Add the ground crayfish, pepper, and periwinkles. Stir gently and let it simmer for 5–10 minutes.\r\nStep 6: Add Atama Leaves: Add the sliced atama leaves. Stir, cover, and let it cook for another 5 minutes on medium heat.\r\n Step 7: Final Touch: Taste and add salt or more seasoning if necessary. The soup should have a medium consistency (neither too watery nor too thick', 4.60, 'food/1769427198_Atama_Soup.jpg', '2025-05-13 16:01:55', '2026-04-22 18:08:29'),
(4, 'chicken noodle soup', 'chicken noodle', 4520.00, 2800.00, 4, 'Cook it in the instant pot\r\n\r\n    Press the sauté mode on the instant pot.\r\n    Add olive oil, then add the onion and minced garlic for about a minute when it gets hot.\r\n    3 tablespoon olive oil, ½ onion, 2 cloves garlic\r\n    Add celery and stir for a few more minutes until it softens.\r\n    2 stalks celery\r\n    Add the chicken, water, chicken stock, and spices.\r\n    1.5 lbs chicken drumsticks, 2 cups chicken stock, 2 cups of water, ½ teaspoon smoked paprika, 1 teaspoon black pepper, 1 teaspoon thyme, 1 teaspoon bouillon powder, ½ teaspoon cayenne pepper\r\n    Switch the instant pot to manual mode and cook on high pressure for 20 mins.\r\n    Do a quick release by switching the valve to the venting position.\r\n    Take out the chicken, shred it, and put them back.\r\n    Add the coconut aminos, taste for salt, and adjust spices as needed.\r\n    3 tablespoon coconut aminos\r\n    Switch the instant pot to sauté mode and add the shirataki noodles.\r\n    2 packs shirataki noodles\r\n    Simmer for about 5 minutes and garnish with parsley.\r\n    Your keto soup recipe is ready to eat!\r\n\r\nCook it on the stove\r\n\r\n    Follow the same steps as above, except the chicken cooks for 45 minutes.\r\n    Cook the soup on medium high heat.\r\n\r\nCook it on the the crockpot/slow cooker\r\n\r\n    Follow the same steps as above, except you cook the chicken on low for about 6-8 hours.\r\n\r\nNotes\r\nThis recipe serves 8 and contains 2g net carbs per serving.\r\n\r\n    Cook the chicken with the skin. You can remove the skin when you take it out to shred.\r\n    When the soup cooks, do a quick release and not a natural release. In other words, open the release valve so the pressure can be released quickly.\r\n    You can substitute coconut aminos with soy sauce.\r\n    You can add your favorite fresh vegetables or fresh herbs to this soup for even more flavor.\r\n    If meal prepping, don\'t forget to freeze the soup BEFORE you add the noodles.', NULL, 'food/1776874062_Chicken-Noodle-Soup-5-500x500.jpg', '2025-05-18 12:24:08', '2026-04-22 21:07:42'),
(6, 'Melon Soup', 'Melon', 4000.00, 4000.00, 4, 'cook', 5.00, 'images/food//1747647473_Screenshot from 2025-04-03 09-47-31.png', '2025-05-18 12:37:31', '2025-05-19 08:37:53'),
(7, 'Editan Soup', 'Editan super food', 4500.00, 4500.00, 0, 'Cook', NULL, 'food/1757489274_3.png', '2025-05-18 12:43:24', '2025-09-10 07:27:54'),
(8, 'Abacha', 'Abacha', 14000.00, 3800.00, 0, 'Step 1: Prepare the Abacha: Soak the dried cassava flakes in hot water for 5–10 minutes until they soften. Rinse thoroughly with cold water to remove sand, then drain and set aside.\r\nStep 2: Make the Sauce (Ncha): In a pot, mix the palm oil with about 2-3 tablespoons of dissolved potash water. Stir continuously with a spoon until the mixture becomes creamy and turns a bright orange color.\r\nStep 3: Season the Base: Add the ground pepper, onions, ground crayfish, crushed stock cubes, ugba, ground ehu, and ogiri (if using) to the palm oil paste. Mix thoroughly.\r\nStep 4: Combine: Add the softened, drained abacha into the pot and stir until every strand is properly coated with the sauce.\r\nStep 5: Add Protein: Stir in the cooked kpomo, smoked fish, and other proteins.\r\nStep 6: Adjust and Serve: Taste for salt and seasoning. Garnish with chopped onions, garden eggs, and utazi leaves.\r\nStep 7: Optional Heating: While it can be eaten cold, you can lightly warm the Abacha on low heat for 2-3 minutes.', 3.40, 'food/1776083423_abacha.jfif', '2025-05-19 09:32:13', '2026-04-13 17:30:23'),
(11, 'Egusi Soup', 'Egusi soup has a wonderfully complex flavor and is made with traditional West African ingredients and spices. It is a very thick soup and is more of a stew, as you can eat it with rice or other dishes. It is sometimes referred to as Egusi Stew.', 5900.00, NULL, 0, 'If using smoked catfish, soak in hot water for 10 minutes.\r\n    Break the dried catfish into smaller pieces and remove as many pieces of bones as you can.\r\n    Chop the onions and spinach.\r\n    Blend the tomatoes, red bell pepper, and habanero pepper. Add as little water as possible.\r\n\r\nMake the Egusi Soup\r\n\r\n    Heat the palm oil on medium heat for a few minutes, then add chopped onions. After it becomes translucent, add your blended tomato and pepper mix and stir.\r\n    Add your smoked fish and cook on medium heat for about 10 minutes. Add broth or water and bring to a boil.\r\n    Pour the ground egusi seeds into a bowl, add a sprinkling of water, and form them into balls. Then, add the egusi seeds to the soup and stir. Bring to a boil and let it cook for five more minutes.\r\n    Add the goat meat, cow feet, crayfish, bouillon, and cayenne pepper. Taste for salt and add some if you need to.\r\n    Simmer for 10 minutes on medium-high heat. Add the spinach and leave on low heat for 5 minutes.\r\n    Serve with your choice of fufu and enjoy!', NULL, 'food/1768381022_egusi_soup_2.jpeg', '2026-01-14 13:57:02', '2026-01-14 13:57:02'),
(16, 'Mushroom Soup', 'Mushroom', 2500.00, 2500.00, 59, 'hop the onions and mince the garlic.\r\n    ½ cup onion, 1 clove garlic\r\n    Slice the mushrooms, if they are whole.\r\n    4 cups mushrooms\r\n\r\nMake it on the stove\r\n\r\n    Sauté onions and garlic in olive oil till translucent.\r\n    ⅓ cup olive oil\r\n    Add mushrooms, salt, and black pepper and stir for 5 minutes.\r\n    ½ teaspoon salt, ½ teaspoon black pepper\r\n    Add chicken stock, bouillon powder, cayenne pepper, and thyme.\r\n    4 cups chicken broth, ½ teaspoon cayenne pepper, ½ teaspoon bouillon powder, ½ teaspoon thyme\r\n    Stir and scrape the browned bits.\r\n    Bring to boil and simmer for 10 minutes.\r\n    Mix in heavy cream and cream cheese.\r\n    ½ cup heavy whipping cream, 4 oz cream cheese\r\n    Cook for 5 more minutes.\r\n    Blend with an immersion blender or pour into a regular blender.\r\n    Put back on the stove and adjust seasoning.\r\n    Simmer for 3- 4 minutes on low heat.\r\n\r\nMake it in the instant pot\r\n\r\n    Sauté the onions and garlic in the instant pot on sauté mode.\r\n    Add the mushrooms, salt, and black pepper and cook for about 5 minutes, stirring often.\r\n    Add your chicken stock, bouillon powder, cayenne pepper, and thyme.\r\n    Set the instant pot to manual mode and set the pressure to 5 minutes. It will take a few minutes for the instant pot to come to pressure.\r\n    When the timer goes off, quick-release by turning the steam release knob from sealing to venting.\r\n    Switch the instant pot back to sauté mode.\r\n    Add the heavy cream and cream cheese and stir.\r\n    Let the soup simmer and thicken some more.\r\n    Blend using an immersion blender or regular blender.\r\n    Put back in the instant pot and adjust seasoning, if you wish.\r\n    Simmer for a few more minutes and serve.', NULL, 'food/1769427601_Keto-Mushroom-Soup.jpg', '2026-01-26 16:40:01', '2026-01-26 16:49:14'),
(17, 'Spaghetti Recipes', 'Spaghetti Recipes', 5000.00, NULL, 0, 'Heat butter and olive oil together with onion and garlic in a large pot over medium heat; cook and stir ground beef and sausage in the onion mixture until browned and crumbly, 10 to 15 minutes. Stir Italian seasoning, salt, rosemary, oregano, and black pepper into ground beef-sausage mixture; simmer for 20 minutes.\r\nPour water, tomato puree, and tomato paste into ground beef-sausage mixture; simmer, stirring occasionally, over low heat until flavors have combined, at least 2 hours', NULL, 'food/1769430154_Spaghetti_Recipes.jpg', '2026-01-26 17:22:34', '2026-01-26 17:22:34'),
(18, 'Curried Coconut Chicken', 'Curried Coconut Chicken', 2000.00, NULL, 0, 'Season chicken pieces with salt and pepper.\r\n    Heat oil and curry powder in a large skillet over medium-high heat for two minutes. Stir in onions and garlic, and cook 1 minute more. Add chicken, tossing lightly to coat with curry oil. Reduce heat to medium, and cook for 7 to 10 minutes, or until chicken is no longer pink in center and juices run clear.\r\n    Pour coconut milk, tomatoes, tomato sauce, and sugar into the pan, and stir to combine. Cover and simmer, stirring occasionally, approximately 30 to 40 minutes.', NULL, 'food/1769430325_Curried_Coconut_Chicken.jpg', '2026-01-26 17:25:25', '2026-01-26 17:25:25'),
(19, 'vegetable soup', 'high riched vegetable soup packed with nutrient.', 2000.00, 1500.00, 25, '1. wash the vegetable leaf\r\n2. slice the vegetable\r\n3. erererrere', 2.50, 'food/1774368732_vegetablesoup.webp', '2026-03-24 20:12:12', '2026-03-24 20:18:07'),
(20, 'Jolly rice', 'Rice', 2500.00, 2000.00, 150, '1. Wash the rice\r\n2. Parboil it\r\n3. Filter', 4.50, 'food/1774369507_images.jpeg', '2026-03-24 20:25:07', '2026-03-24 20:29:33'),
(21, 'Afang soup', 'Afang soup rich in vitamin', 5000.00, 4799.98, 20, 'Step 1: Prep Leaves & Protein: Wash and slice waterleaf; pound or blend okazi leaves until slightly rough. Season and boil meat and stockfish with onions, pepper, and salt until tender.\r\nStep 2: Cook Base: Add palm oil, blended crayfish, and more peppers to the cooked meat. Allow to simmer for 3–5 minutes.\r\nStep 3: Add Vegetables: Add sliced waterleaves to the pot and allow to wilt (about 3 minutes).\r\nStep 4: Add Okazi & Finish: Stir in the ground okazi leaves and periwinkles. Cook for another 3–5 minutes.\r\nStep 5: Final Touch: Taste and add more palm oil, salt, or crayfish if needed. Let it steam for 1 minute and remove from heat.', 4.80, 'food/1774372652_nigerian-afang-soup-best.webp', '2026-03-24 21:17:32', '2026-04-22 19:48:00'),
(23, 'African Beef stew', 'Nigerian Beef Stew is a rich, flavorful tomato-based dish that is a staple in many homes across Nigeria. It is made by simmering tender pieces of beef in a vibrant sauce of blended tomatoes, red bell peppers, onions, and chili peppers, creating a deep red stew with a perfect balance of heat and sweetness. The beef is usually seasoned, boiled, and lightly fried before being added to the sauce, giving it a savory depth and slightly crispy texture.', 3500.00, NULL, 20, 'Step 1: Start by preparing the beef. Cut the beef into bite-size pieces, wash and drain. Place in a pot and add enough water to cover it, then add salt and black pepper.\r\nStep 2: Add spices and let it cook for roughly 20-25 minutes. You can let it cook a bit longer if you want it more tender or a bit shorter if you want it tougher.\r\nStep 3: Blend the tomatoes, bell pepper, habanero pepper, and half of the onion in a food processor. Chop the other half of the onion and set it aside.\r\nStep 4: When the beef is ready, drain it out from the stock, but save the stock. We’ll still need it later to add flavor to the stew.\r\nStep 5: Add oil to a large pot. When heated, add the chopped onions and stir until they begin to wilt. Pour in the tomato mixture, add black pepper, and stir. Let it simmer for about 5 minutes.\r\nStep 6: Add in the beef and some of the stock.. Add the thyme, bouillon powder, and curry. Taste for salt before adding any.\r\nStep 7: Cover and let simmer for 10 minutes on medium-high heat. Your beef stew is ready to eat!', 4.70, 'food/1775042091_Screenshot_2026-04-01_113616.png', '2026-04-01 15:14:51', '2026-04-22 18:32:03'),
(24, 'Okro soup', 'Okro soup (African okro soup) is made with okra vegetables cooked in a delicious mixture of palm oil, shrimp, goat meat, fish, and African spices and simmered to perfection!', 15000.00, NULL, 20, 'Step 1: Prepare the okro first. Either you make it smooth or chunky.  To make it very smooth, use a blender and blend until it\'s pureed. To make it chunky, cut it with a knife into smaller pieces, use a grater with a large-hole shredder, or chop with a food processor.\r\nStep 2 :  Cut the meat you chose into small pieces. Add salt, black pepper, seasoning cubes, and enough water and cook until tender. Don\'t toss the meat stock; it will enhance the soup\'s flavor.\r\nStep 3: If you\'re using smoked fish and locust beans, soak them separately in hot water for 5 minutes, break apart the smoked catfish, and remove the bones. Then, wash and drain the locust bean.\r\nStep 4: Add palm oil to a large skillet on medium-high heat. Sauté the onions until they just begin to turn brown, then add the chopped okra. Stir in for about 5 minutes, and the okra will start to turn a bit slimy.\r\nStep 5: Add in the meat stock from boiling the meat or just water if you have none. Since the meat stock is usually very flavorful, you might need to add more spices to bring out the flavor if you just use water.\r\nStep 6: Bring to a boil and add the spices, meat, shrimp, bell pepper, smoked catfish, and locust bean. You can add or subtract anything on this list; just make it your own!\r\nStep 7: Add some spinach to make it even more filling. When cooking the okra, let it boil for 5 minutes, then check the texture of the soup with a slotted spoon. If you are okay with the texture, the soup is ready to serve!', 4.80, 'food/1775052619_image_2026-04-01_150151259.png', '2026-04-01 18:10:19', '2026-04-01 18:48:36'),
(25, 'Nigerian chicken stew', 'Nigerian chicken stew is a delightful West African stew made with chicken thighs and simmered in a savory sauce made with tomatoes and peppers. It is so versatile and can be eaten with many different dishes!', 10000.00, NULL, 20, 'Step 1: Rub the chicken thighs with salt and pepper and leave them in a bowl. Cut the onions into two, chop one part into small pieces, and set it aside.\r\nStep 2: Then, heat some olive oil in a pan and add the chicken one at a time.  Brown the chicken on each side for about 10 minutes. When the chicken is done, take it out and leave it in a bowl.\r\nStep 3: Blend the tomatoes, red bell pepper, habanero pepper, and the unchopped half of the onion. If possible, do this without adding water or adding just a little so the flavors are more potent. Add the chopped onions to the olive oil and sauté until translucent.\r\nStep 4: Pour in the blended tomato and pepper mix and cook for about 5 minutes.\r\nStep 5: Add the chicken thighs, chicken stock (broth), bouillon, curry, black pepper, and thyme, and bring to a boil. Taste for salt and add more if necessary. Simmer for about 20 minutes or until the chicken is done.', NULL, 'food/1775056967_Screenshot_2026-04-01_160000.png', '2026-04-01 19:22:47', '2026-04-01 19:22:47'),
(26, 'Nigerian Turkey stew', 'Nigerian turkey stew is made with ground peppers, tomatoes, turkey parts, and spices.', 15000.00, NULL, 20, 'Step 1: Set your oven to 400F.\r\nStep 2: Wash and drain the turkey, then rub it all over with salt, pepper, and olive oil.\r\nStep 3: Bake the turkey in the oven for 30 minutes, flipping it halfway.\r\nStep 4: Alternatively, you can also air fry the turkey for 30 minutes, flipping it halfway.\r\nStep 5: Chop the onions and set them aside. Blend the tomatoes and peppers with very little water.\r\nStep 6: Sauté the chopped onions in olive oil on medium heat.\r\nStep 7: Add the blended pepper and spices, and simmer for 10 minutes. Add the turkey and chicken stock, and stir together.  Depending on how thick it is, add a little more broth till it reaches a stew-like consistency.\r\nStep 8: Taste for salt and add more if you need. Cover and let simmer for 10 more minutes on medium-low heat.', NULL, 'food/1775059833_Screenshot_2026-04-01_163650.png', '2026-04-01 20:06:06', '2026-04-03 21:24:17'),
(27, 'African Goat Stew', 'African goat stew is a popular, lip-smacking delicacy in many Nigerian homes. It is made with simple ingredients and spices, and anyone can make it, no matter where they live!', 6000.00, NULL, 20, 'Step 1: Wash and cut the goat meat (if not already cut).  butcher, and chops it into the size you want.\r\nStep 2: Put them in a pot and add just enough water to cover the meat. Add bouillon, salt and black pepper.\r\nStep 3: Bring to a boil and simmer for 40-45 minutes until the goat meat is tender. Use a fork to make sure it\'s soft enough to chew easily.\r\nStep 4: Take the meat out of the pot and leave it in a colander to drain the excess stock. Reserve the meat water or broth for the stew.\r\nStep 5: Blend the tomatoes, red bell pepper, and habanero pepper in a food processor with just a little water.\r\nStep 6: Chop the onions and saute in olive oil on medium heat.\r\nStep 7: Add the pepper and tomato purée, curry, thyme, bouillon, and some cayenne pepper(if you want more heat), and let it simmer for 10 minutes.\r\nStep 8: Add the goat meat and stock, and stir together. If needed, add a little more broth until it reaches a stew-like consistency.\r\nStep 9: Taste for salt before adding any since the stock already contains some salt.\r\nStep 10: Cover and let simmer for 10 minutes on medium-low heat.', NULL, 'food/1775060012_image_2026-04-01_171247055.png', '2026-04-01 20:13:32', '2026-04-02 15:12:29'),
(28, 'African Fish Stew', 'African Fish Stew is a flavorful and appetizing Nigerian stew made with tilapia fish and cooked in a spicy, fragrant combination of tomatoes and peppers.', 2000.00, NULL, 20, 'Step 1: Cut the fish into 5 - 6 medium pieces and deep fry till crispy.\r\nStep 2: Blend the tomatoes, red bell pepper in a blender. Blending the tomatoes first is easier, so it creates a liquid base before adding the peppers. If possible, do not add water when blending or add very little. Chop the onions and set them aside.\r\nStep 3: Add the olive oil to a pan on medium heat. When heated, add the chopped onions. Stir until translucent, then add the blended tomatoes and pepper.\r\nStep 4: Let it cook for about 10 minutes on medium-low heat, and add a little stock or just water. Mix together, then add your spices, adding the salt last.\r\nStep 5: Bring to a boil, then add the fish. Once the fish has been added, try to avoid stirring a lot. Before adding the fish, it is helpful to taste the salt to make sure it is to your liking. Simmer for about 10 minutes, and your African Fish Stew is ready to serve!', 4.90, 'food/1775061473_Screenshot_2026-04-01_173112.png', '2026-04-01 20:37:53', '2026-04-22 18:33:42'),
(29, 'Goat meat pepper soup', NULL, 5000.00, NULL, 0, 'Step 1: Wash and drain the goat meat. Cut the onions and set aside. Place the goat meat in a pot and add about  6 cups of water. Add the chopped onions, thyme, bouillon, and salt.\r\nStep 2: Boil the meat until it is tender, roughly an hour. Keep an eye on it to ensure all the water does not evaporate, and add a bit more as needed.\r\nStep 3: After about an hour, the water will be well reduced, so add about four more cups of water. Add the pepper soup spice, cayenne pepper, and crayfish.\r\nStep 4: Taste for salt and add more if needed. Simmer for 20 minutes on medium heat.', NULL, 'food/1775065569_Screenshot_2026-04-01_175446.png', '2026-04-01 21:46:09', '2026-04-02 13:32:30'),
(30, 'Efo Riro', 'Efo riro (Nigerian Spinach Stew) is a mouthwatering, savory, African stew made with spinach and is oh so flavorful!', 7000.00, NULL, 20, 'Step 1: Blend tomatoes, red bell pepper, habanero pepper and half of the onion together using a food processor. \r\nStep 2: Chop up the other half of the onion and set aside.\r\nStep 3: If using fresh spinach, chop it up, wash and squeeze, and leave in a colander. If using frozen spinach, microwave for a few minutes.\r\n8 cups spinach\r\nStep 4: Heat ½ cup of palm oil in a pot on medium heat, add in your onions and stir for about 2 minutes. Add in your blended tomato and pepper mix and add in your spices after about a minute. You can use only 1 teaspoon of cayenne pepper if you want it less spicy.\r\nStep 5: Add in your blended tomato and pepper mix and stir for about a minute.\r\nStep 6: Add the spice and cook on medium heat for 5 minutes.\r\nStep 7: If using fresh spinach, add stock or water and bring to a boil.\r\n¼ cup water or stock\r\nStep 8: Add the goat meat and any other meat you desire and let boil for another 5 minutes.\r\nStep 9: Add the spinach and stir intermittently for about 5 minutes.\r\nStep 10: Garnish with red pepper flakes, if you want it spicier and enjoy!', NULL, 'food/1775126726_Screenshot_2-4-2026_32740_lowcarbafrica.com.jpeg', '2026-04-02 14:44:55', '2026-04-06 18:15:27'),
(31, 'Eggplant Chicken Stew', 'Eggplant chicken stew is a delicious and healthy, nutrient-packed stew that goes perfectly well with low carb rice and noodle dishes.', 8000.00, NULL, 10, 'Step 1:Cut the eggplant into large cubes.\r\nStep 2:Boil the eggplants in hot water till the skin is soft and looks very wrinkled.\r\nStep 3:Place in a colander, rinse in water to cool down and peel off the skin.\r\nStep 4:Mash the eggplant till it looks pureed.\r\nStep 5:Leave in a colander to drain a bit more.\r\nStep 6:Blend the tomatoes, peppers, and half an onion together. Chop the other half.\r\nStep 7:Add olive oil to a pot on medium heat.\r\nStep 8:When it gets hot, add the chopped onions and fry for about a minute.\r\nStep 9:Add the blended tomato and pepper mixture and fry for about 5 minutes.\r\nStep 10: Add your shredded chicken and spices, mix together and cook for 5 more minutes. Add the salt, a little bit at a time to prevent over-salting it.\r\nStep 11:Add the eggplant and mix thoroughly.\r\nStep 12:Simmer on medium heat for 5 minutes.\r\nStep 13:Serve and enjoy!', NULL, 'food/1775127361_Screenshot_2-4-2026_3541_lowcarbafrica.com.jpeg', '2026-04-02 14:56:01', '2026-04-02 17:13:59'),
(32, 'Banga Soup', 'Banga soup is made using palm fruit extract or palm fruit concentrate. It is sometimes known as palm nut soup.', 6000.00, NULL, 20, 'Step 1:Measure out the fresh palm nut seeds and place them in a large bowl. Wash them under running water and drain them. Place the palm nut seeds in a pot with enough water to cover them, and boil until tender (roughly 20 minutes).\r\nStep 2:Pour the palm kernel seeds into the mortar and use the pestle to pound and mash them gently. \r\nStep 3:When the palm nut seeds look mushy, transfer them to another large bowl. Add some water, squeeze the palm nuts, and drain into a separate bowl. The goal is to wash the seeds (which are all mashed up from pounding) and reserve the water for cooking. You will have to repeat this process a few times. In the beginning, the water will be very thick but will become lighter as you continue.\r\nStep 4: Strain the water from washing the palm nut into a pot. It should have a yellow-orange hue. It will take roughly 30 minutes to an hour to boil down into a thick, viscous liquid, which forms the concentrate for the soup.\r\nStep 5: Add your steam cat fish and other ingredients', NULL, 'food/1775136789_image_2026-04-02_143200050.png', '2026-04-02 17:33:09', '2026-04-02 18:03:08'),
(33, 'Ogbono Soup', 'Ogbono soup is very nutritious and filled with vital nutrients and minerals. African mango is well known for its health benefits and is a good source of calcium, magnesium, potassium, and iron.', 7000.00, NULL, 20, 'Step 1:If using whole ogbono seeds, grind it using a mortar and pestle set or a coffee grinder. Skip if using pre-ground seeds.\r\nStep 2: In a large pot, add some palm oil on low heat and add the ogbono seeds.\r\nStep 3: Mix in the ogbono seeds and break any lumps with a serving spoon. Stir until it’s thoroughly coated.\r\nStep 4: Add the stock and stir. Add about a cup at a time until you reach your desired thickness. If you dont have enough stock, add water.\r\nStep 5: Bring to a boil, then set to low heat and let it cook for about 10 minutes, stirring intermittently.\r\nStep 6: Add in the meats and spices.\r\nStep 7:Taste for salt and add some if needed.\r\nStep 8: If it becomes too thick, add a little more water.\r\nLet simmer for about 10 minutes.\r\nStep 9: Add the chopped spinach and let simmer on low for about 2 more minutes.\r\nYour ogbono soup is ready to serve!', NULL, 'food/1775140583_image_2026-04-02_153531590.png', '2026-04-02 18:36:23', '2026-04-02 19:02:40'),
(34, 'Fish Pepper Soup', NULL, 4000.00, NULL, 20, 'Step 1:Boil some water. Then, gut and clean out the inner parts of the catfish, using lime or lemon to scrub the skin and insides as well.\r\nStep 2: Cut the fish into medium-sized pieces.\r\nStep 3: Pour the hot water over the fish and leave for about 30 seconds.\r\nDrain out the hot water, rinse under the tap and place in a pot.\r\nStep 4: Add about 6 cups of water or until the fish is completely submerged.\r\nAdd the spices and chopped habanero pepper, and bring to a boil.', NULL, 'food/1775142733_image_2026-04-02_161059189.png', '2026-04-02 19:12:13', '2026-04-02 19:42:00'),
(35, 'Fisherman Soup', NULL, 7000.00, NULL, 10, 'Step 1: Blend the tomatoes, red bell pepper, and habanero peppers.\r\nStep 2: Pour olive oil into a pot and when heated, add the onions.\r\nStep 3: Sauté till translucent.\r\nStep 4: Pour in the blended tomatoes & pepper and simmer for 10 minutes on low heat.\r\nStep 5: Add in the spices and stir. Then pour in 4 cups of water.\r\nStep 6: Simmer for 5 mins, then add the catfish.\r\nStep 7: After 10 minutes, add the shrimp \r\nStep 8: Simmer for 10-15 mins or until all the seafood are cooked through.', 4.50, 'food/1775145300_image_2026-04-02_165351600.png', '2026-04-02 19:55:00', '2026-04-03 13:39:12'),
(37, 'Bitter Leaf Soup', 'Bitter leaf soup, also known as Ofe Onugbu, is a popular, traditional soup enjoyed by different tribes in Nigeria. It can be eaten with various fufu dishes and is so healthy and satisfying!', 8000.00, NULL, 20, 'Step 1: Chop the onions and blend the tomatoes, red bell pepper, and habanero pepper with very little water.\r\nStep 2: If using frozen bitter leaves, let them thaw out for an hour or microwave them to thaw them out quickly. Rinse under running water and drain.\r\nStep 3: If using fresh bitter leaf, wash thoroughly in plenty of water and a little salt until it runs clear. This might take a few tries, as the water will be foamy in the beginning.\r\nStep 4: Heat some palm oil in a pot and add some onions. Let the onions sauté for a minute or two.\r\nStep 5: Pour in the blended tomatoes and peppers and cook for about 5 minutes. Add in the cooked beef, smoked fish, spices, and stock, and simmer for a few minutes.\r\nStep 6: Pour in the ground egusi seeds and stir. Bring to a boil and simmer for 10 mins.\r\nStep 7: Add the bitter leaf and stir together. Cook on medium-low heat till the bitter leaf is wilted. Serve and enjoy!', 4.00, 'food/1775210876_image_2026-04-03_105704072.png', '2026-04-03 14:07:56', '2026-04-03 14:44:26'),
(38, 'Groundnut soup', NULL, 6000.00, NULL, 0, 'Step 1: Blend the peanuts with a high-powered blender, if using raw peanuts.\r\nStep 2: Wash and pat dry the chicken. Then, rub salt and black pepper or Cayenne pepper on the chicken.\r\nStep 3: Pour some peanut oil into a pan and add the chicken thighs when heated.\r\nStep 4: Brown the chicken on both sides for about 5 minutes each. Take the chicken and set it aside.\r\nStep 5: Blend the tomatoes and peppers together while the chicken is being browned.\r\nStep 6: Add chopped onions to the same pan and sauté for a few minutes. Remember to scrape the browned bits from the pan.\r\nStep 7: Pour in the blended tomatoes and peppers and simmer for five minutes. Add in all the spices and simmer for another five minutes.\r\nStep 8: Add 3 cups of water and bring to a boil.\r\nStep 9: Pour the groundnuts into the pot and stir till it begins to thicken.\r\nStep 10: Simmer for 5 minutes, then add the browned chicken.\r\nStep 11: Add 1-2 more cup of water, if needed, and taste for spices.\r\nStep 12: Bring to a boil and simmer for about 15 minutes until the chicken is cooked.\r\nStep 13: Add the spinach to the pot and simmer on low heat till the spinach is soft.', 3.50, 'food/1775215561_image_2026-04-03_122449284.png', '2026-04-03 15:26:01', '2026-04-03 15:43:44'),
(39, 'Offal Meat pepper soup', NULL, 9000.00, NULL, 20, 'Step 1: Wash offal meat and clean thoroughly.\r\nStep 2: Chop the onions and set aside.\r\nStep 3: Add the meat to a pot, pour in the water, and add the onions, bouillon, black pepper, and salt.\r\nStep 4: Boil for 40 mins or till tender.\r\nStep 5: Add the pepper soup spice, 1 tablespoon at a time, till you reach your desired taste.\r\nStep 6: Also, add the chopped habanero pepper.\r\nStep 7: Add the cayenne pepper if you want it hotter.\r\nStep 8: Boil for another 10 – 15 minutes.\r\nStep 9: Serve and enjoy!', 4.50, 'food/1775217170_image_2026-04-03_124705969.png', '2026-04-03 15:52:50', '2026-04-03 21:03:51'),
(40, 'Black Soup', NULL, 7000.00, NULL, 10, 'Step 1: Remove stems from Scent leaves and rinse.\r\nStep 2: Blend the leaves with egusi seeds and pour the mixture into a pot.\r\nStep 3: Add about ½ - 1 cup of water to the blender, shake and pour into the pot as well.\r\nStep 4: Add palm oil, cayenne pepper, maggi (bouillon), and crayfish.\r\nStep 5: Bring to a boil and simmer for about 5 minutes on medium-high heat.\r\nStep 6: Add cooked beef and stock and cook for 10 minutes with the pot covered.\r\nStep 7: Taste for salt and add some if you need it.\r\nStep 8: Serve and enjoy!', 4.50, 'food/1775224804_image_2026-04-03_144007727.png', '2026-04-03 18:00:04', '2026-04-03 21:07:26'),
(41, 'Ewedu Soup', 'Ewedu soup is a savory soup commonly eaten by the Yoruba tribe in Nigeria. It is made using Jute leaves, a highly nutritious leafy green plant.', 5000.00, NULL, 20, 'Step 1:Remove the stalk from the leaves and wash under running water.\r\nStep 2: Add a cup of water to a pot and bring to boil.\r\nStep 3: After it boils, add the ewedu leaves and let them boil for a few minutes.\r\nStep 4: Pour the leaves and water, into a blender and puree till smooth.\r\nStep 5: Transfer the blended jute leaves to a pot and bring it to a boil.\r\nStep 6: Add the spices - ground crayfish, bouillon (or maggi cubes), cayenne pepper, salt and iru (fermented locust beans).\r\nStep 7: Simmer for 2-3 minutes, and enjoy!', 4.50, 'food/1775226171_image_2026-04-03_151445867.png', '2026-04-03 18:22:51', '2026-04-03 19:03:29'),
(42, 'Chicken Pepper Soup', NULL, 7000.00, NULL, 0, 'Step 1: Rinse the chicken breast and drain.\r\nStep 2: Cut chicken breast into small cubes.\r\nStep 3: Add the chicken a pot, and then add 4 cups of water.\r\nStep 4: Add the bouillon powder or maggi\r\nStep 5: Bring to a boil and simmer for 10 minutes.\r\nStep 6: Add the pepper soup spice and habanero pepper.\r\nStep 7: Taste for salt before adding any.\r\nStep 8: Simmer for 10 more minutes or until chicken is tender.\r\nStep 9: Garnish with scent leaves, or your favorite herbs.', 4.50, 'food/1775231614_image_2026-04-03_162639685.png', '2026-04-03 19:53:34', '2026-04-03 19:53:34'),
(43, 'Cow foot soup', NULL, 6000.00, NULL, 20, 'Step 1: Turn the instant pot to sauté mode.\r\nStep 2: Add olive oil to the instant pot, then add the chopped onions.\r\nStep 3: Sauté for about a minute, then add about a half cup of water. \r\nStep 4: Add the cow feet and the spices.\r\nStep 5: Stir till the cow feet is well coated with the spices.\r\nStep 6: After about 2-3 minutes, pour in about 3-4 cups of water, or just enough to cover the cow feet.\r\nStep 7: Place the instant pot lid back on and switch to manual mode. Set to 30 minutes on high pressure.\r\nStep 8: When the instant pot timer goes off, let it naturally release for 10 minutes before you quick-release the pressure.\r\nStep 9: Turn the instant pot back to sauté mode.\r\nStep 10: Add the chopped red bell pepper, and whole habanero pepper and let cook for about 5-10 minutes.\r\nStep 11: Taste for salt and adjust if necessary.\r\nStep 12: Combine 2 teaspoons of yam powder and 1 tablespoon of water in a small bowl to make a slurry, and whisk together.\r\nStep 13: Pour it into the cow foot soup and let it cook till it thickens.\r\nStep 14: Soup is ready for serve!', 4.50, 'food/1775232009_image_2026-04-03_165901663.png', '2026-04-03 20:00:09', '2026-04-03 20:54:27'),
(44, 'Instant pot chicken curry', NULL, 7000.00, NULL, 20, 'Step 1: Chop the chicken breast into bite-sized pieces.\r\nStep 2: Also, chop the tomato, onions, and mince the garlic.\r\nStep 3: Turn the instant pot to sauté mode and add olive oil.\r\nStep 4: Sauté the onions and garlic till translucent.\r\nStep 5: Add the chicken breast, spices, and tomato. Mix them together.\r\nStep 6: Pour in the chicken broth and deglaze the pot.\r\nStep 7: Turn the instant pot to manual and set it to high pressure for 5 minutes.\r\nStep 8: Let the pressure naturally release for 10 mins, then quickly release the remaining pressure.\r\nStep 9: If you want to thicken it faster, mix 2 teaspoon yam powder or any thickener of your choice with 2 tablespoon water in a small bowl to make a slurry. Pour it into the chicken curry and stir.\r\nStep 10: Taste for salt and adjust. Simmer till it thickens to your desired preference.', NULL, 'food/1775241429_image_2026-04-03_192409890.png', '2026-04-03 22:37:10', '2026-04-03 22:46:38'),
(45, 'Shrimp Coconut Curry', NULL, 20000.00, NULL, 0, 'Step 1:Rub the shrimps with salt, black pepper, and cayenne pepper and set aside. If you have more time, you can do this for 30 mins to an hour for a richer flavor.\r\nStep 2: Peel and chop the onions and ginger and mince the garlic. Add 2 tablespoons of coconut oil to a pan.\r\nStep 3: When heated, add the onions, ginger, and garlic and stir for 2 to 3 minutes. Pour in the coconut milk and add the cinnamon, cumin, and curry.\r\nStep 4: Let it boil for about 5 minutes, then add in the shrimps with its marinade and let it cook until the shrimps are done.\r\nStep 5: If it gets too thick, add about ¼ cup of water.\r\nStep 6: Garnish with parsley or cilantro or any herbs you like and serve over cauliflower rice', 4.50, 'food/1775469032_image_2026-04-06_104509365.png', '2026-04-06 13:50:32', '2026-04-06 14:29:20'),
(46, 'keto cabbage soup', NULL, 13000.00, NULL, 0, 'Step 1: Cut  beef into smaller pieces as long as you cut it into chunks and remove the bones.\r\nStep 2: Pour in the olive oil, then add the beef. Add a pinch of salt and black pepper and stir the meat until it is browned. \r\nStep 3: Add the scallion and garlic and stir till softened.\r\nStep 4: Add the red bell pepper, tomato paste, and spices. Pour in the meat stock and water and scrape the browned bits from the bottom of the pot.\r\nStep 5: Cook for some minutes\r\nStep 6: Add more salt and spices if you desire.\r\nStep 7: Add the cabbage and simmer for 5 - 10 minutes.\r\nServe and enjoy!', NULL, 'food/1775472217_image_2026-04-06_113657600.png', '2026-04-06 14:43:37', '2026-04-06 14:58:44'),
(47, 'Ofe Oha (Ora Soup)', NULL, 20000.00, NULL, 20, 'Step 1: Prepare the Thickener: Boil the cocoyam until soft (about 15-20 minutes), peel off the skin, and pound it into a smooth paste using a mortar and pestle. Alternatively, it can be blended.\r\nStep 2: Prepare the Leaves: Wash and chop the Uziza leaves. For the Oha leaves, pick them from the stalk and shred them gently with your fingertips rather than a knife to prevent them from turning dark.\r\nStep 3: Cook the Protein: Season meat (beef or goat) with salt, pepper, and seasoning cubes, and steam until tender. Add washed stockfish and dried fish, along with water for the soup base, and boil until all proteins are cooked.\r\nStep 4: Combine Ingredients:\r\nAdd palm oil to the boiling meat broth.\r\nAdd the pounded cocoyam in small dollops to thicken the soup. Add the crayfish, peppers, and Ogiri, stirring to combine\r\nStep 5: Finalize the Soup:\r\nAllow the soup to boil until the cocoyam paste dissolves completely, typically 5-12 minutes.\r\nAdd the Uziza leaves first, followed by the shredded Oha leaves.\r\nSimmer for 2-4 minutes until the leaves are wilted, then turn off the heat. The leaves will continue cooking in the residual heat.', 4.50, 'food/1775486358_oha-soup-500x500.webp', '2026-04-06 18:39:18', '2026-04-06 18:50:12'),
(48, 'Smoky Jollof Rice', NULL, 9000.00, NULL, 20, 'Step 1: If using chicken, beef, or shrimp, season it with salt, pepper, and any other preferred spices. Cook in a separate pan until it is tender and set aside.\r\nStep 2: In a large pot, heat the vegetable oil over medium heat. Add the chopped onion, minced garlic, and chopped. Sauté until the onions are translucent and the vegetables are slightly softened, add the bay leaf, thyme and curry into the oil and stir well till the flavours are very well combined for one minute.\r\nStep 3: Stir in the tomato paste and cook for about 10 more minutes till it is well cooked and the oil is afloat (make sure it’s on\r\nmedium heat, and the pot is covered).\r\nStep 4: Stir in the blended fresh tomato, pepper, tatashe and bawa. Continue cooking for about 5 minutes to allow the flavors to\r\nmeld. Please ensure it is still covered so it can cook properly.\r\nStep 5: Rinse the rice thoroughly under cold water until the water runs clear. Drain the rice and add it to the pot, stirring to coat the rice with the tomato and pepper mixture.\r\nStep 6: Pour in the chicken or vegetable broth and bring the mixture to a boil. Reduce the heat to low,cover firmly with a double\r\nfolded foil. I don’t advise nylons because it might emit certain chemicals in your food, foil is safer) cover the pot tightly with a lid, and let it simmer for 15-20 minutes or until the rice is tender and cooked through.\r\nStep 7: If using cooked meat or shrimp, add it to the pot during the last 5 minutes of cooking to heat through. Use a wooded\r\nspatula to mix to overturn the rice from the bottom, this will release a bit of heat and allow uniformity in taste and texture.\r\nStep 8: Once cooked, garnish with some onion and round sliced tomatoes, you can also add in some butter if you have it\r\navailable and stir into the rice.\r\nStep 9: Serve the smoky jollof rice as a main course or side dish with your choice of protein or vegetables.\r\nEnjoy your homemade smoky jollof rice!\r\nCan also be paired with salad, coleslaw or fluffy moi moi.', 4.80, 'food/1775489795_maxresdefault.jpg', '2026-04-06 19:36:35', '2026-04-06 20:12:59'),
(49, 'Fried Rice', NULL, 140000.00, NULL, 20, 'Step 1: Parboil the rice. Wash rice thoroughly\r\nParboil for about 5–7 minutes\r\nRinse with cold water and set aside\r\nStep 2: Prepare your stock.\r\nStep 3: Boil chicken with seasoning, onion, thyme, curry.\r\nReserve the stock (this is what gives fried rice that rich taste).\r\nStep 4: Cook the rice. Use the chicken stock instead of water . Add a bit of curry and salt for color and taste. Cook until rice is firm (not soft or soggy) Spread it out to cool (prevents it from clumping).\r\nStep 5: Prep your add-ins. Dice liver or cook shrimp. Chop vegetables if not pre-mixed\r\nCut onions and spring onions. \r\nStep 6: Frying Process.Heat vegetable oil in a wide pan or wok.\r\nAdd chopped onions and stir-fry briefly\r\nAdd liver/shrimp and fry for 2–3 minutes.\r\nAdd mixed vegetables and stir (don’t overcook, keep them crunchy).\r\nAdd a little curry, thyme, seasoning cube, and pepper.\r\nStep 7: Add the rice.Pour in the cooked rice gradually. Stir continuously so everything mixes evenly.\r\nAdd a small amount of butter for that rich Nigerian party taste.\r\nStep 8 : Final touches.\r\nAdd spring onions last\r\nTaste and adjust salt/seasoning\r\nStir-fry for another 2–3 minutes', 4.50, 'food/1775493353_fried_rice_recipe-500x361.webp', '2026-04-06 20:35:53', '2026-04-06 21:32:50'),
(50, 'Coconut Rice', NULL, 11000.00, NULL, 20, 'Step 1: Prepare coconut milk (if using fresh coconut) Break coconut, blend with warm water\r\nSieve to extract thick coconut milk\r\nStep 2: Parboil the rice.\r\nWash rice thoroughly.\r\nParboil for 5–7 minutes.\r\nRinse with cold water and set aside\r\nStep 3: Prepare your protein & stock.\r\nBoil chicken/turkey with onion, seasoning, thyme, curry.\r\nSet aside meat and keep the stock.\r\nStep 4: Cooking Process: \r\nHeat oil in a pot.\r\nAdd chopped onions and sauté till soft.\r\nAdd garlic and pepper, stir briefly.\r\nAdd liquid base.\r\nPour in coconut milk.\r\nAdd some chicken stock (balance both, don’t make it too watery).\r\nAdd curry, thyme, seasoning cubes, and salt\r\nAdd the rice: Pour in the parboiled rice\r\nStir well so the coconut mixture coats the rice\r\nCook. Cover and cook on medium-low heat\r\nStir occasionally to avoid burning\r\nAllow rice to absorb the coconut flavor fully.\r\nStep 5: Final Touch:\r\nAdd vegetables, shrimp, or liver (optional)\r\nStir gently and allow to steam for 3–5 minutes\r\nTaste and adjust seasoning.', 4.80, 'food/1775497375_coconut-rice-.jpg', '2026-04-06 21:42:55', '2026-04-06 22:14:05'),
(51, 'Palm Oil Rice', NULL, 8000.00, NULL, 20, 'Step 1: Wash the rice until the water runs clear and set aside. If using local rice, parboil for 10 minutes.\r\nStep 2:  Heat palm oil over medium heat (do not let it smoke). Sauté sliced onions until soft.\r\nStep 3: Add the blended pepper mix, locust beans (iru), and crayfish. Fry for 5-10 minutes until the oil separates from the tomato mix.\r\nStep 4: Add the smoked fish, ponmo, seasoning cubes, and salt to taste.\r\nStep 5: Stir in the washed rice to mix thoroughly with the sauce. Add water or stock, ensuring it covers the rice at roughly the same level.\r\nStep 6:  Cover tightly (use foil for extra steam) and cook on low-medium heat for 20-30 minutes until the rice is tender and the water is absorbed.\r\nStep 7:  Stir in scent leaves or greens, then let it steam for another 2-3 minutes.', 4.80, 'food/1775643037_hq720.jpg', '2026-04-08 14:10:37', '2026-04-08 14:10:37'),
(52, 'Moin moin', NULL, 10000.00, NULL, 20, 'Step 1: Beans are soaked and peeled, then blended with red bell pepper, scotch bonnet, and onions.\r\nStep 2:  Common additions include crayfish, bouillon cubes, vegetable oil, smoked fish, and boiled eggs.\r\nStep 3: Stir in oil, salt, and seasoning to the batter\r\nStep 4:  It can be prepared in banana leaves (traditional), ramekins, or aluminium foil containers. \r\nStep 5: The mixture is steamed on low heat for about 45 to 90 minutes until firm.', 4.20, 'food/1775647516_moi_599x.webp', '2026-04-08 15:25:16', '2026-04-08 15:39:33'),
(53, 'Fried Plantain with Chilli Sauce', NULL, 8000.00, NULL, 20, 'Step 1: Peel the Plantains: Cut off both ends of the plantain. Score a shallow line down the length of the skin with a knife and peel it back with your fingers. Slice as Desired\r\nStep 2: Place slices in a bowl and toss with a pinch of salt to enhance the natural sweetness.\r\nStep 3: Pour oil into a skillet or frying pan over medium heat. Test if it\'s hot enough by dropping in a small piece; it should sizzle immediately.\r\nStep 4: Fry in Batches: Add the slices carefully without overcrowding the pan. Fry for about 3–5 minutes per side until they reach a deep golden brown.\r\nStep 5: Drain and Serve: Use a slotted spoon to transfer the dodo to a plate lined with paper towels to absorb excess oil.\r\nStep 6: Wash all peppers and tomatoes\r\nBlend roughly (don’t over-blend — a bit of texture is key). Slice onions separately\r\nStep 7: Heat oil in a pan (don’t be stingy, oil helps the sauce fry well).\r\nAdd sliced onions and fry till fragrant.\r\nStep 8: Add blended mix.\r\nPour in the pepper/tomato blend.\r\nStir and fry on medium heat.\r\nStep 9: Fry properly. Cook until the water dries and the sauce thickens. You’ll notice oil rising to the top — that’s the sign it’s well fried.\r\nStep 10: Add salt and vegetarian seasoning cube. Add curry and thyme (optional). Stir well.\r\nStep 11: Final fry another 3–5 minutes for that deep Nigerian flavor', 4.70, 'food/1775649442_Dodo-with-sauce.jpg', '2026-04-08 15:57:22', '2026-04-08 16:36:30'),
(54, 'Beans sweet Corn (Adalu) Porridge', NULL, 8000.00, NULL, 20, 'Step 1: Prep the Beans: Pick through the beans to remove stones. Many cooks recommend parboiling the beans for 5–10 minutes and draining the water to reduce bloating and gas.\r\n\r\nStep 2: Cook the Beans and Corn:\r\nPlace the beans in a pot with enough water and half of the onions.\r\nIf using fresh corn, add it about 15–20 minutes into the cooking process so they soften together.\r\nIf using canned sweet corn, wait until the beans are fully soft before adding.\r\n\r\nStep 3: Prepare the Base: While the beans cook, you can either add ingredients directly or fry them separately. A popular method is to heat palm oil in a separate pan, sauté the remaining onions and blended peppers, and add crayfish and seasoning.\r\n\r\nStep 4: Combine and Simmer: Pour the fried sauce (or add the raw ingredients) into the pot once the beans and corn are tender. Stir thoroughly and mash a few beans with a wooden spoon to create a thick, creamy slurry.\r\n\r\nStep 5: Final Simmer: Lower the heat and let it simmer for another 5–10 minutes until the flavors meld and the liquid reduces to your preferred consistency.', 4.60, 'food/1775652541_maxresdefault_(1).jpg', '2026-04-08 16:49:01', '2026-04-08 17:06:53'),
(55, 'Chinese Shrimp Fried Rice', NULL, 17000.00, NULL, 0, 'Step 1- Cook rice ahead and let it cool completely (cold rice fries better).\r\nClean shrimp and pat dry. Chop all vegetables.\r\nBeat eggs in a bowl.\r\nStep 2-  Cook the Shrimp:\r\nHeat a little oil in a wok or pan.\r\nAdd shrimp + pinch of salt and pepper.\r\nStir-fry for 1–2 minutes max (don’t overcook)\r\nRemove and set aside.\r\nStep 3: Scramble the Eggs-  Add a little oil.\r\nPour in beaten eggs. Stir quickly to scramble.\r\nRemove and set aside.\r\nStep 4: Build the Base Flavor-\r\nAdd oil to the pan. Add garlic and ginger → stir till fragrant (don’t burn).\r\nAdd onions → stir-fry briefly.\r\nStep 5: Add Vegetables:  Add carrots, peas, corn. Stir-fry on high heat for 2–3 minutes.\r\nKeep veggies slightly crunchy.\r\nStep 6: Add Rice:  Add cold rice gradually.\r\nBreak up any lumps. Stir-fry on high heat.\r\nStep 7: Season:  Add soy sauce.\r\nAdd oyster sauce (optional).\r\nAdd white/black pepper.\r\nTaste and adjust salt.\r\nStep 8: Combine Everything: Return shrimp and eggs to the pan. Mix everything well.\r\nStir-fry for another 2–3 minutes.\r\nStep 9: Final Touch- Add chopped spring onions. Drizzle a little sesame oil (optional but gives that “Chinese aroma”).\r\nGive a final stir.', NULL, 'food/1775656015_shrimp-fried-rice-on-plate-thumbnail.jpg', '2026-04-08 17:46:55', '2026-04-08 18:10:23'),
(56, 'Classic French Fries', NULL, 5000.00, NULL, 20, 'Step 1: Potato Selection: Use high-starch Russet potatoes for a fluffy interior and crispy exterior.\r\nStep 2: Slice into uniform, 1/4 to 1/2-inch sticks for even cooking.\r\nStep 3:  Soak in cold water for 30 minutes to 1 hour to remove excess starch, which prevents sticking and ensures crispiness.\r\nStep 4: Drying: Crucial Step. Thoroughly dry the potatoes with a clean towel or paper towel to prevent oil splatter.\r\nStep 5: First Fry (Blanching)- Fry in oil at 300-325°F (150-160°C) for 5-8 minutes until soft and pale.\r\nStep 6: Cooling- Allow to cool completely on a rack or paper towel-lined tray.\r\nSecond Fry (Crisping): Fry in oil at 375-400°F (190-205°C) for 3-5 minutes until golden brown.\r\nStep 7: Seasoning- Immediately toss with salt while hot', 4.60, 'food/1775666712_1771_sfs-french-fries-bandw-b-001-article.webp', '2026-04-08 20:45:12', '2026-04-08 20:46:24'),
(57, 'Chicken Nuggets', NULL, 8000.00, NULL, 20, NULL, 4.60, 'food/1775667583_AR-161469-the-best-ever-chicken-nuggets-DDMFS-4x3-e0f5af0ce26241d888967904f66962c7.jpg', '2026-04-08 20:59:43', '2026-04-08 20:59:43'),
(58, 'Breaded Fish Fingers', NULL, 5000.00, NULL, 0, 'Step 1: Prepare the Fish - Wash and pat fish dry. Cut into finger-sized strips. Season with salt, pepper, paprika, garlic powder.\r\nAdd a little lemon juice (optional).\r\nLet it sit for 10–15 minutes.\r\nStep 2: Set Up Coating Station\r\nPrepare 3 bowls:\r\nBowl 1 → Flour.\r\nBowl 2 → Beaten eggs.\r\nBowl 3 → Breadcrumbs.\r\nStep 3: Coat the Fish -  Dip fish in flour (light coat); Dip into egg.\r\nCoat with breadcrumbs.\r\nPress gently so crumbs stick well.\r\nStep 4: Frying - \r\nHeat oil (medium-high heat).\r\nFry fish fingers in batches.\r\nCook for 3–5 minutes, turning occasionally.\r\nFry until golden brown and crispy.\r\nStep 5: Drain -  Remove and place on paper towel.\r\nLet excess oil drain', 4.70, 'food/1775816855_Fish-Fingers-Cod-XL-10-Custom.jpg', '2026-04-10 14:27:35', '2026-04-10 15:40:27');
INSERT INTO `products` (`id`, `name`, `description`, `price`, `discount_price`, `stock`, `preparation_steps`, `rating`, `image_url`, `created_at`, `updated_at`) VALUES
(59, 'Akara (Bean Cakes)', NULL, 7000.00, NULL, 20, 'Step 1: Peel the Beans.\r\nSoak beans in water for a few minutes.\r\nRub between palms to remove the skin.\r\nRinse repeatedly until skins are removed.\r\nDrain clean peeled beans.\r\nStep 2: Blend the Mixture -  Blend beans with:\r\n-Pepper\r\n-Onion\r\n-Small amount of water\r\nBlend till smooth but thick (not watery).\r\nStep 3:  Aerate the Batter (Very Important) - \r\nPour mixture into a bowl.\r\nUse a spoon or whisk to beat it vigorously for a few minutes.\r\nThis adds air → makes akara fluffy inside.\r\nStep 4: Season\r\n-Add salt.\r\n-Mix well.\r\n-Taste a small drop to adjust.\r\nStep 5: Frying\r\n-Heat oil in a deep pan (medium heat)\r\n-Scoop batter with spoon or hand\r\n-Drop gently into oil\r\nFry till:\r\n-Golden brown outside\r\n-Flip to cook evenly\r\nStep 6: Drain\r\n-Remove and place on paper towel.\r\n-Let excess oil drain.', 4.80, 'food/1775822018_unnamed.jpg', '2026-04-10 15:53:38', '2026-04-10 15:53:38'),
(60, 'Seafood Okra Soup', NULL, 15000.00, NULL, 20, 'Step 1: Prepare Ingredients\r\nWash and cut fish into pieces\r\nClean shrimp and remove veins\r\nWash and chop okra (or blend lightly for more draw)\r\nSlice onions and blend pepper\r\nStep 2: Cook the Base\r\nPour stock into a pot\r\nAdd onions, pepper, seasoning cubes, salt\r\nBring to a boil\r\nStep 3: Add Fish\r\nAdd fish first (it takes longer to cook)\r\nCook for about 5–7 minutes\r\nBe gentle to avoid breaking the fish.\r\nStep 4: Add Other Seafood\r\nAdd shrimp, crab, periwinkle\r\nCook for 3–5 minutes (seafood cooks fast)\r\nStep 5: Add Palm Oil\r\nPour in palm oil\r\nStir gently and allow it to combine\r\nStep 6: Add Okra\r\nAdd chopped/blended okra\r\nStir well — you’ll notice the draw (slimy texture) forming\r\nStep 7: Add Vegetables\r\nAdd vegetable or spinach\r\nStir and cook for 2–3 minutes (don’t overcook).\r\nStep 8: Final Taste & Simmer\r\nTaste and adjust salt/seasoning\r\nLet it simmer briefly (2–3 minutes).', 4.80, 'food/1775823377_maxresdefault_(2).jpg', '2026-04-10 16:16:17', '2026-04-10 16:16:17'),
(61, 'Native Seafood Pepper Soup', NULL, 10000.00, NULL, 20, 'Step 1: Prepare the Seafood-\r\n-Wash fish and cut into pieces\r\n-Clean shrimp (remove vein)\r\n-Wash crab/periwinkle thoroughly\r\nStep 2: Start the Base.\r\n-Pour water into a pot\r\nAdd:\r\n-Onion (sliced)\r\n-Blended pepper\r\n-Ground pepper soup spices\r\n-Seasoning cubes and salt\r\n-Bring to a boil\r\nStep 3: Add Fish Fir- prevent breaking\r\nStep 4: Add Other Seafood-\r\n-Add shrimp, crab, periwinkle\r\n-Cook for another 3–5 minutes\r\nStep 5: Add Leaves-\r\nAdd scent leaves or uziza leaves\r\nStir gently\r\nStep 6: Final Simmer-\r\n-Taste and adjust seasoning\r\n-Let it simmer for 2–3 minutes\r\n Step 7: Serve\r\n-Serve hot (very hot 🔥)\r\n-Best enjoyed with:\r\n-Agidi\r\n-White rice\r\n-Or just drink as spicy broth', 4.80, 'food/1775825290_b6597af8ba72002c.jpeg', '2026-04-10 16:48:10', '2026-04-10 18:18:32'),
(62, 'Seafood Jollof Rice', NULL, 15000.00, NULL, 20, 'Step 1: Prepare the Base Blend\r\n-Blend: Tomatoes, Red bell pepper, Scotch bonnet, Onion. Set aside\r\nStep 2: Prepare the Seafood\r\n-Clean shrimp\r\n-Wash and cut fish. Season lightly with salt, pepper, garlic.\r\n-Lightly fry or grill fish & shrimp (optional but boosts flavor)\r\n-Set aside\r\nStep 3: Fry the Pepper Base.\r\n-Heat oil in a pot\r\n-Add chopped onions\r\n-Add tomato paste and fry for 2–3 minutes\r\n-Pour in blended mix.\r\nFry until it thickens and loses sour taste\r\n(Oil should begin to separate at the top)\r\nStep 4: Season the Sauce\r\n-Add: Curry, Thyme, Seasoning cubes, Salt\r\nBay leaves.\r\n-Stir and fry briefly.\r\nStep 5: Add Stock\r\n-Pour in fish/chicken stock\r\n-Mix well and bring to a boil\r\nStep 6: Add Rice\r\n-Add washed parboiled rice\r\n-Stir to coat with sauce\r\n-Cover and cook on low heat\r\nStep 7: Add Seafood\r\nWhen rice is about 70% cooked, add:\r\nShrimp, Fish, Other seafood\r\nCover and allow to finish cooking\r\nStep 8: Steam & Smoky Finish\r\n-Reduce heat to low\r\n-Allow rice to steam (no too much stirring)\r\n-Let it slightly burn at the bottom for that party jollof smoky flavor\r\nStep 9: Final Touch\r\n-Add butter (optional for richness)\r\n-Add sliced onions or spring onions\r\n-Stir gently', 4.70, 'food/1775832054_maxresdefault_(3).jpg', '2026-04-10 18:40:54', '2026-04-10 18:53:38'),
(63, 'Seafood Chowder', NULL, 15000.00, NULL, 0, 'Step 1: Prepare Ingredients-\r\n-Cut fish into bite-size chunks\r\n-Clean shrimp (devein)\r\n-Dice potatoes and carrots\r\n-Chop onions and garlic\r\nStep 2: Build the Flavor Base -\r\n-Melt butter in a pot\r\n-Add onions → sauté till soft\r\n-Add garlic → stir till fragrant\r\nStep 3: Add Vegetables - \r\n-Add potatoes and carrots\r\n-Stir for 2–3 minutes\r\nStep 4: Create Thickness (Roux) -\r\n-Sprinkle flour into the pot\r\n-Stir continuously for 1–2 minutes\r\n-This helps thicken the chowder\r\nStep 5: Add Liquid -\r\n-Slowly pour in stock while stirring\r\n-Add milk (and cream if using)\r\n-Stir to avoid lumps\r\n-Bring to a gentle simmer\r\nStep 6: Add Seafood - \r\n-Add fish first → cook for 3–5 minutes\r\n-Add shrimp and other seafood\r\n-Cook for another 2–3 minutes\r\nStep 7: Add Extras - \r\n-Add sweet corn (optional)\r\n-Add thyme or parsley\r\n-Season with salt and pepper\r\nStep 8: Simmer -\r\nLet it simmer till:\r\n-Potatoes are soft\r\n-Soup thickens to creamy consistency', 4.20, 'food/1775834438_creamy_seafood.webp', '2026-04-10 19:20:38', '2026-04-10 20:00:31'),
(64, 'Singapore Noodles', NULL, 15000.00, NULL, 10, 'Step 1: Cook the rice noodles according to the package instructions, then rinse with cold water to stop the cooking process.\r\nSet aside.\r\nStep 2: . Heat the vegetable oil in a large skillet or wok over medium heat. Add the minced garlic and sliced onion, and cook until\r\nthey start to soften.\r\nStep 3: Add the sliced bell pepper and carrot to the skillet, and stir-fry for about 2-3 minutes until they are slightly tender.\r\nStep 4: Push the vegetables to one side of the skillet, and pour the beaten eggs into the empty side. Scramble the eggs until\r\ncooked through, then mix them with the vegetables.\r\nStep 5: Add the cooked shrimp, chicken, or tofu (optional) to the skillet, and stir to combine with the vegetables\r\nand eggs\r\nStep 6: . In a small bowl, mix together the curry powder, soy sauce, and oyster sauce (if using). Pour the sauce mixture over the\r\ningredients in the skillet, and stir to coat everything evenly\r\nStep 7: Add the cooked rice noodles to the skillet, and gently toss them with the other ingredients to coat them in the sauce.\r\nStir-fry for another 2-3 minutes to heat up the noodles.\r\nStep 8: Season with salt and pepper to taste, and adjust the seasoning and sauce according to your preference.\r\nStep 9: Serve the Singapore noodles hot, garnished with fresh cilantro or green onions if desired.', 4.50, 'food/1775839607_Screenshot_2026-04-10_173549.png', '2026-04-10 20:46:47', '2026-04-10 21:10:37'),
(65, 'Alfredo  pasta', NULL, 10000.00, NULL, 0, 'Step 1: Cook the fettuccine pasta according to the package instructions in a pot of salted boiling water. Drain the cooked pasta\r\nand set aside.\r\nStep 2: In a large skillet, melt the butter over medium heat. Add the minced garlic and cook for about 1-2 minutes until fragrant.\r\nStep 3: Pour the heavy cream into the skillet with the melted butter and garlic. Stir well and bring the mixture to a simmer. Let it\r\nsimmer for about 2-3 minutes, stirring occasionally.\r\nStep 4: Reduce the heat to low and gradually whisk in the grated Parmesan cheese. Continue whisking until the cheese is fully\r\nmelted and the sauce becomes smooth and creamy. This should take about 3-4 minutes.\r\nStep 5: Season the Alfredo sauce with salt and pepper to taste. Be careful with adding salt as the Parmesan cheese is already\r\nsalty.\r\nStep 6: Add the cooked fettuccine pasta to the skillet with the Alfredo sauce. Toss the pasta thoroughly with the sauce until it is\r\nwell coated.\r\nStep 7: Cook the pasta in the sauce for another 1-2 minutes to heat it through and allow the flavors to combine.\r\nStep 8: Remove the skillet from the heat and let it sit for a few minutes to thicken the sauce slightly.\r\nStep 9: Serve the Alfredo pasta hot, garnished with fresh parsley if desired.', 4.10, 'food/1775841196_image_2026-04-10_181220986.png', '2026-04-10 21:13:16', '2026-04-10 21:44:41'),
(66, 'Chili Rice Noodles', NULL, 10000.00, NULL, 10, 'Step 1: Cook the rice noodles according to package instructions until they are al dente. Drain and set aside.\r\nStep 2: Heat the vegetable oil in a large skillet or wok over medium heat. Add the sliced onion and minced garlic, and sauté until\r\nthey become fragrant and slightly golden, which should take about 2-3 minutes.\r\nStep 3: Add the sliced bell pepper, julienned carrot, and sliced cabbage to the skillet. Stir-fry the vegetables for about 2-3\r\nminutes until they are slightly softened.\r\nStep 4: Add the thinly sliced red chili pepper to the skillet. Adjust the amount of chili according to your spice preference. Stir-fry\r\nfor another minute.\r\nStep 5: In a small bowl, whisk together the soy sauce, oyster sauce, sugar, salt, and pepper. Pour the sauce mixture into the\r\nskillet and mix well with the vegetables.\r\nStep 6: Add the cooked rice noodles to the skillet and toss them with the sauce and vegetables until they are fully coated\r\nStep 7: Continue stir-frying the noodles for another 2-3 minutes until they are heated through and the flavors are well combined.\r\nStep 8: Remove the skillet from the heat and garnish the chili rice noodles with\r\nany fresh vegetables of choice if desired.', 3.80, 'food/1775843313_Screenshot_2026-04-10_184624.png', '2026-04-10 21:48:33', '2026-04-10 22:09:40'),
(67, 'Spicy Garlic Noodles', NULL, 12000.00, NULL, 20, 'Step 1: Cook the spaghetti or noodles according to package instructions until they are al dente. Drain and set aside.\r\nStep 2: In a large skillet or wok, melt the butter over medium heat. Add the minced garlic and sauté for about 1-2 minutes until\r\nfragrant and slightly golden.\r\nStep 3: . In a small bowl, mix together the soy sauce, sriracha sauce, brown sugar, and red pepper flakes. Whisk until the sugar is\r\ndissolved.\r\nStep 4: Add the sauce mixture to the skillet with the garlic. Stir well to combine.\r\nStep 5: Add the cooked spaghetti or noodles to the skillet and toss them with the sauce until they are fully coated.\r\nStep 6: Continue stir-frying the noodles for another 2-3 minutes until they are heated through and the flavors are well combined.\r\nStep 7: Remove the skillet from the heat and garnish the spicy garlic noodles with chopped green onions or cilantro if desired.\r\nStep 8: Serve the spicy garlic noodles hot as a main dish or as a side dish to accompany other Asian-inspired dishes.', 4.10, 'food/1775844883_Screenshot_2026-04-10_191237.png', '2026-04-10 22:14:43', '2026-04-10 22:30:36'),
(68, 'Creamy Jollof Spaghetti', NULL, 900000.00, NULL, 20, 'Step 1: Cook the spaghetti according to package instructions until al dente. Drain and set aside.\r\nStep 2: In a large skillet or pot, heat some vegetable oil over medium heat. Add the chopped onions and minced garlic and\r\nsauté until they become translucent and fragrant.\r\nStep 3: . Add the chopped red and green bell peppers and grated carrot to the skillet. Cook them for a few minutes until they\r\nstart to soften.\r\nStep 4: Stir in the tomato puree, curry powder, paprika, dried thyme, dried rosemary, cayenne pepper (if using), salt, and pepper.\r\nMix well to combine the spices and coat the vegetables.\r\nStep 5: Reduce the heat to low and pour in the heavy cream. Stir to combine the cream with the tomato mixture. Allow the\r\nsauce to simmer for about 5-7 minutes, stirring occasionally\r\nStep 6: Add the cooked spaghetti to the skillet with the creamy jollof sauce. Mix well to combine and ensure that all the\r\nspaghetti is coated with the sauce.\r\nStep 7: Allow the spaghetti to cook in the sauce for a few more minutes, stirring occasionally, until it is heated through.\r\nStep 8: Taste and adjust the seasoning if needed. You can add more salt, pepper, or spices according to your preference.\r\nStep 9: Once the spaghetti is heated through, remove the skillet from the heat. Serve the creamy jollof spaghetti hot, garnished\r\nwith fresh herbs if desired.', 4.10, 'food/1776246649_image_2026-04-15_103206447.png', '2026-04-15 14:50:49', '2026-04-15 15:06:44'),
(69, 'Mac and Cheese', NULL, 9000.00, NULL, 20, 'Step 1: Cook the elbow macaroni according to package instructions until it is al dente. Drain and set aside.\r\nStep 2: In a large pot, melt the butter over medium heat. Once melted, add the flour and stir continuously for about 1 minute to create a roux.\r\nStep 3: Gradually whisk in the milk, a little at a time, to incorporate it into the roux. Continue whisking until the mixture is smooth and thickened.\r\nStep 4: Reduce the heat to low and add the shredded cheese to the pot, reserving about 1/2 cup for later. Stir constantly until the cheese is melted and the sauce is smooth.\r\nStep 5: Season the cheese sauce with salt, pepper, and paprika (if using). Stir well to combine.\r\nStep 6: Add the cooked macaroni to the pot with the cheese sauce. Mix well until the macaroni is evenly coated with the sauce.\r\nStep 7: If desired, you can pour the mac and cheese into a baking dish and sprinkle the reserved shredded cheese on top. Alternatively, you can skip this step if you prefer a creamy stovetop version.\r\nStep 8: If using breadcrumbs, you can sprinkle them on top of the cheese layer for a crispy topping.\r\nStep 9: Optional step: If baking, preheat your oven to 350°F (175°C). Place the baking dish in the oven and bake for about 20\r\nminutes, or until the top is golden and bubbling\r\nStep 10: Once cooked, remove the mac and cheese from the oven (if baking) and let it cool for a few minutes before serving.\r\nServe the mac and cheese hot and enjoy its cheesy goodness!', 3.90, 'food/1776248482_Saveur_Macaroni_du_Chalet_Matt_Taylor-Gross-2-scaled.webp', '2026-04-15 15:21:22', '2026-04-15 15:41:22'),
(70, 'Meatball', NULL, 10000.00, NULL, 20, 'Step 1: In a large bowl, combine the ground meat, breadcrumbs, grated Parmesan cheese, milk, chopped onion, minced garlic,\r\negg, chopped parsley, salt, black pepper, dried oregano (if using), and red pepper flakes (if using). Mix well using your\r\nhands or a fork.\r\nStep 2: Once the mixture is well combined, shape it into meatballs. You can use an ice cream scoop or your hands to form evenly sized meatballs. You can make them small or large, depending on your preference.\r\nStep 3: Heat some oil in a large skillet / deep pan over medium heat (with enough oil for deep frying). Once the oil is hot, add\r\nthe meatballs to the skillet, leaving some space between them. You may need to cook them in batches depending on the size of your skillet/deep pan.\r\nStep 4: Cook the meatballs for about 4-5 minutes on one side, then flip them over and cook for an additional 4-5 minutes until\r\nthey are browned and cooked through. You can cut into one meatball to check if it\'s cooked in the center.\r\nStep 5: Once the meatballs are cooked, remove them from the skillet and place them on a paper towel-lined plate to absorb any\r\nexcess grease.\r\nStep 6: Serve the meatballs with your favorite sauce (You can check the sauce recipes in stews and sauce section for sweet options) and enjoy them as a main dish, over pasta, in a sandwich, or any other way you prefer.', 4.30, 'food/1776259223_Best-Meatball-Recipe-1-2.jpg', '2026-04-15 18:20:23', '2026-04-15 18:20:23'),
(71, 'Bolognese sauce', NULL, 15000.00, NULL, 0, 'Step 1: Heat olive oil in a large saucepan or skillet over medium heat. Add the onion, garlic, carrot, and celery, and sauté for\r\nabout 5 minutes until the vegetables are softened.\r\nStep 2: Add the ground beef (or beef-pork mixture) to the pot and cook until browned, breaking it up into small pieces with a wooden spoon. Drain any excess fat if necessary\r\nStep 3: Stir in the crushed tomatoes, beef or chicken broth, and red wine (if using). Mix in the tomato paste, dried oregano, dried basil, salt, black pepper, and red pepper flakes. Stir well to combine.\r\nStep 4: Bring the sauce to a simmer and reduce the heat to low. Cover and let it gently simmer for at least 1 hour (or up to 3 hours) to allow the flavors to meld together. Stir occasionally\r\nStep 5: If desired, stir in the grated Parmesan cheese for added richness and flavor. Taste and adjust the seasoning if needed.\r\nStep 6: Garnish with chopped fresh basil leaves for a pop of freshness and extra taste.', 3.20, 'food/1776261818_images_(20).jpg', '2026-04-15 19:03:38', '2026-04-15 19:21:11'),
(72, 'Seafood Spaghetti', NULL, 10000.00, NULL, 29, 'Step 1: Cook the spaghetti according to package instructions until al dente. Drain and set aside.\r\nStep 2: In a large skillet, heat the olive oil over medium heat. Add the minced garlic and diced onion. Sauté until the onion\r\nbecomes translucent.\r\nStep 3:Stir in the crushed tomatoes, dried basil, dried oregano, salt, and pepper. Simmer the sauce for about 10 minutes to allow the flavors to meld together.\r\nStep 4: Add the mixed seafood to the skillet and cook until they are all cooked through. Be careful not to overcook the seafood, as it can become rubbery.\r\nStep 5: Once the seafood is cooked, add the cooked spaghetti to the skillet. Toss everything together until the spaghetti is well coated with the sauce and mixed with the seafood.\r\nStep 6:Serve the seafood spaghetti hot, garnished with fresh chopped parsley', 4.80, 'food/1776264227_image_2026-04-15_153218899.png', '2026-04-15 19:43:47', '2026-04-15 19:43:47'),
(73, 'Spicy Beef Penne Pasta', NULL, 11000.00, NULL, 20, 'Step 1: Cook the penne pasta according to the package instructions. Drain and set aside.\r\nStep 2: In a large skillet\r\n/ Frying pan, season and steam the ground beef over medium-high heat until cooked through. Remove any excess grease (so \r\nthat the following ingredients don’t stick to the pan) from the skillet.\r\nStep 3: Add the diced onion and minced garlic to the skillet\r\nwith the ground beef and cook until the onion is translucent.\r\nStep 4: Stir in the diced tomatoes, tomato sauce, tomato paste, dried basil, dried oregano, red pepper flakes, salt, and pepper. Bring the mixture to a simmer and let it cook for about 10 minutes, allowing the flavors to meld together.\r\nStep 5: Add the cooked penne pasta to the skillet and toss everything together until the pasta is coated in the sauce.\r\nStep 6: Serve the spicy beef penne in bowls, sprinkle with grated Parmesan cheese, and garnish with fresh basil leaves.\r\nStep 7: Enjoy your spicy beef penne while hot', 4.20, 'food/1776265936_Screenshot_2026-04-15_160704.png', '2026-04-15 20:12:16', '2026-04-15 20:26:15'),
(74, 'Assorted Palm-Oil Spaghetti', NULL, 10000.00, NULL, 20, 'Step 1: Cook the spaghetti noodles according to the package instructions until al dente. Drain and set aside.\r\nStep 2: In a large skillet or pan, heat the palm oil over medium heat. Add the chopped onions and minced garlic.\r\nSauté until the onions turn translucent and the garlic becomes fragrant.\r\nStep 3: Add the assorted vegetables and protein to the pan. Stir-fry until they are cooked and tender. This usually takes around 5-\r\n7 minutes, depending on the vegetables and protein you\'re using.\r\nStep 4: In a small bowl, mix together the tomato paste, curry powder, dried thyme, and paprika. Add this mixture to the skillet and stir well to combine with the vegetables and protein.\r\nStep 5: Season with salt and pepper to taste. Adjust the spices according to your preference.\r\nStep 6: Add the cooked spaghetti noodles to the skillet and toss well to coat them with the sauce and vegetables. Cook for an additional 2-3 minutes until everything is heated through.\r\nStep 7: Serve hot and enjoy your delicious assorted palm oil spaghetti!\r\nFeel free to garnish with fresh herbs like parsley orscent\r\nleaf for an extra burst of flavor', 4.80, 'food/1776267482_image_2026-04-15_163608919.png', '2026-04-15 20:38:02', '2026-04-17 14:58:37'),
(75, 'Chicken Curry Sauce', NULL, 8000.00, NULL, 20, 'Step 1: Heat the vegetable oil in a large skillet or pot over medium heat. Add the chopped onion and sauté until it becomes soft and translucent.\r\nStep 2: Add the minced garlic and grated ginger to the skillet. Stir and cook for about 1 minute until the mixture becomes\r\nfragrant.\r\nStep 3: Add the curry powder, ground cumin, ground coriander, and turmeric powder to the skillet. Stir well to coat the onions, garlic, and ginger with the spices.\r\nStep 4: Add the chicken pieces to the skillet and cook until they are lightly browned on all sides.\r\nStep 5: Pour in the coconut milk and chicken broth. Stir in the corn flour mix. Reduce the heat to low and let the sauce simmer\r\nfor about 15-20 minutes, allowing the flavors to meld together and the chicken to cook through.\r\nStep 6: Taste the sauce and season with salt and pepper according to your preference.\r\nStep 7: Once the chicken is cooked and the sauce has thickened slightly, remove from heat.\r\nStep 8: Serve the chicken curry sauce over white rice or white\r\nspaghetti. Garnish with any veggies of choice if desired.\r\nEnjoy your homemade chicken curry sauce! It pairs well with rice or pasta.', 4.50, 'food/1776421094_Filipino-Chicken-Curry.jpg', '2026-04-17 15:18:14', '2026-04-17 15:25:58'),
(76, 'Seafood boil', NULL, 9000.00, NULL, 0, 'Step 1: In a large pot, bring the water or seafood broth to a boil. Add the Old Bay seasoning, garlic, onion, and a squeeze of\r\nlemon juice from one of the halves.\r\nStep 2: Add the halved potatoes to the pot and cook them for about 10 minutes until they are slightly tender.\r\nStep 3: Add the corn and sausage slices to the pot. Cook for another 5 minutes.\r\nStep 4: Add your choice of seafood to the pot. Start with items that take longer to cook, such as crab legs or crawfish. Then add\r\nshrimp, clams, and mussels. Be sure to adjust cooking times accordingly based on the recommendations for each type of seafood.\r\nStep 5: Cook the seafood until they are cooked through. This usually takes about 4-5 minutes for shrimp and 10-12 minutes for crab legs or crawfish. The shells of the clams and mussels should open, indicating that they are done.\r\nStep 6: Once the seafood is cooked, remove the pot from heat and drain the liquid.\r\nStep 7: Transfer the seafood boil to a serving platter or a large tray lined with newspaper for a more casual feel.\r\nStep 8: Serve the seafood boil with melted butter for dipping, lemon wedges for squeezing over the seafood, and additional Old Bay seasoning for sprinkling, if desired.', NULL, 'food/1776422034_image_2026-04-17_112800756.png', '2026-04-17 15:33:54', '2026-04-17 16:11:57'),
(77, 'Ofe-Nsala', NULL, 11000.00, NULL, 20, 'Step 1: inse the assorted meat thoroughly and place it in a pot. Add enough water to cover the meat and bring it to a\r\nboil. Cook until tender and set aside.\r\nStep 2: In a large pot, add the chopped onions and palm oil. Cook on medium heat until the onions are translucent.\r\nStep 3: Add the fish and cook for a few minutes until it is lightly browned on both sides.\r\nStep 4: Add the stock or water to the pot and bring it to a boil.\r\nStep 5: Add the yam chunks and cook until they are soft and tender\r\nStep 6: Mash some of the yam chunks with a fork to thicken the soup.\r\nStep 7: Add the ground crayfish and uziza seeds (if using), and simmer for a few more minutes.\r\nStep 8: Finally, add the ugu leaves or spinach and cook until the leaves are wilted.\r\nStep 9: Taste the soup and adjust the seasoning with salt and pepper to your liking.\r\nStep 10: Serve hot with your choice of fufu, eba, or pounded yam.', 4.70, 'food/1776426912_maxresdefault_(4).jpg', '2026-04-17 16:55:12', '2026-04-17 17:37:18'),
(78, 'Ofe-Owerri', NULL, 11000.00, NULL, 20, 'Step 1: In a large pot, add the assorted meats, seafood, chopped onions, minced garlic, and some salt. Add enough water to\r\ncover the ingredients and let them cook until tender. This may take 30 minutes to an hour, depending on the meats used.\r\nSkim off any foam or impurities that may rise to the top\r\nStep 2: While the meats and seafood are cooking, prepare the cocoyam or pounded yam paste. Peel and boil the cocoyam until\r\nsoft, then pound or mash until smooth. If using pounded yam, mix with some warm water to form a paste. Set the\r\nprepared thickener aside.\r\nStep 3: In a separate pan, heat the palm oil over medium heat. Add the chopped red or yellow bell peppers and sauté for a few\r\nminutes until softened.\r\nStep 4: Add the ground crayfish,\r\nuziza or utazi leaves (if using), and some salt and pepper. Stir well to combine.\r\nStep 5: Transfer the sautéed ingredients into the pot with the cooked meats and seafood. Mix everything together.\r\nStep 6: Add the chicken or beef stock to the pot. The amount of stock you use will depend on how thick or thin you prefer your\r\nsoup. Stir well.\r\nStep 7: Bring the pot to a simmer and gradually add\r\nspoonfuls of the prepared cocoyam or pounded yam paste, stirring continuously. This will help thicken the soup. Adjust the\r\nthickness to your liking.\r\nStep 8: Add the scent leaves or basil leaves (if using) and simmer for an additional 5 minutes to allow the flavors to meld together.', 4.60, 'food/1776432677_images_(25).jpg', '2026-04-17 18:31:17', '2026-04-17 19:02:55'),
(79, 'Edikan Ikong Soup', NULL, 13000.00, NULL, 20, 'Step 1: Wash the assorted meat and place in a pot. Add diced onions, stock cubes, and salt to taste. Cook until tender.\r\nStep 2: If using stockfish or dry fish, add them to the pot with the meat to cook together. This will enhance the flavor\r\nof the soup.\r\nStep 3: While the meat is cooking, prepare the vegetables. Wash the pumpkin leaves thoroughly to remove dirt and\r\nslice them into thin strips. Rinse the water leaves or substitutes and cut them into smaller pieces.\r\nStep 4: Once the meat is tender, add palm oil to the pot and allow it to heat up.\r\nStep 5: Add the vegetable leaves (pumpkin leaves and water leaves) to the pot. Stir gently to combine with the meat\r\nand palm oil\r\nStep 6: Simmer the mixture for about 10-15 minutes to allow the flavors to blend.\r\nStep 7: Add ground crayfish, pepper, and adjust the seasoning according to your preference. Stir well.\r\nStep 8: Reduce the heat and let the soup simmer for another 5-10 minutes.\r\nStep 9: Once the soup is well combined and the vegetables are cooked, turn off the heat. Do not over cook the\r\nvegetables so as to maintain it\'s freshness and colour. You can add a generous amount of grounded crayfish at this point just before it is finally done.', 4.80, 'food/1776435381_image_2026-04-17_151052556.png', '2026-04-17 19:16:21', '2026-04-17 19:27:00'),
(80, 'Eka soup', NULL, 11000.00, NULL, 20, 'Step 1: Toast the sesame seeds (beniseed) in a pan until they release a nutty aroma and start to brown slightly.\r\nAllow the seeds to cool completely to prevent them from becoming greasy when blended.\r\nBlend the cooled seeds into a fine powder or a thick paste, often with a little onion for flavor. Some variations include blending roasted groundnuts with the seeds.\r\nStep 2: Season your chosen meats (chicken, beef, stockfish, cow skin) with onions, salt, and seasoning cubes.\r\nSimmer the meat in its own juices before adding water to create a broth.\r\nStep 3: Add palm oil to the boiling meat broth.\r\nStir in the blended sesame mixture (powder or paste), along with ground crayfish and pepper.\r\nSimmer the soup for 15–20 minutes, allowing the sesame seeds to thicken the broth.\r\nStep 4: Add bitter leaf or pumpkin leaves (ugu).\r\nCook for an additional 2–5 minutes until the vegetables are tender.', 4.60, 'food/1776439407_eka-soup.jpg', '2026-04-17 20:23:27', '2026-04-17 20:32:55'),
(81, 'Nkwobi', NULL, 10000.00, NULL, 20, 'Step 1: Place the cow foot pieces in a pot and add enough water to cover them. Cook over medium heat for about 1 hour or until the cow foot is tender. Drain the cooked cow foot and set it aside.\r\nStep 2: In a separate pot or saucepan, heat the palm oil over medium heat. Add the chopped onion and sauté until it becomes translucent.\r\nStep 3: Dissolve the powdered potash in about 1/2 cup of warm water. Strain the potash mixture into the pot with the palm oil and onions. Stir well to combine. The potash mixture helps to tenderize the cow foot and thicken the sauce\r\nStep 4: Add the ground crayfish, ground Ehu seeds, chopped scotch bonnet peppers, and stock cubes to the pot. Stir everything together until well combined.\r\nStep 5: . Add the cooked cow foot to the pot and mix it with the sauce. Allow it to simmer over low heat for about 10- 15 minutes to allow the flavors to meld together. Add salt to taste.\r\nStep 6:While the nkwobi is simmering, rinse the chopped Utazi leaves in cold water and set them aside.\r\nStep 7: After simmering, remove the pot from heat and garnish the\r\nnkwobi with sliced Utazi leaves and onion rings (if desired).\r\nStep 8: Nkwobi is traditionally served in a wooden mortar or a small bowl. Serve it with chilled drinks and enjoy!', 4.80, 'food/1776699376_Screenshot_2026-04-20_162538.png', '2026-04-20 20:36:16', '2026-04-20 20:58:52'),
(82, 'Peppered Ponmo', 'Peppered Ponmo is a popular spicy Nigerian dish made with cow skin (ponmo), typically served as a side dish\r\nor snack. Here\'s a recipe to make peppered ponmo:\r\n\r\nIngredients:\r\n- 500g cow skin (ponmo), washed and cut into strips or cubes\r\n- 3-4 scotch bonnet peppers (habanero peppers), chopped\r\n- 1 onion, chopped\r\n- 3-4 garlic cloves, minced\r\n- 2 tablespoons vegetable oil\r\n- 1 teaspoon thyme\r\n- 1 teaspoon curry powder\r\n- 1 teaspoon bouillon powder or seasoning cube\r\n- Salt, to taste\r\n- Freshly ground black pepper, to taste\r\n- Fresh parsley or coriander leaves, chopped (for garnish)', 7500.00, NULL, 0, 'STEPS:\r\n1. In a large pot, add the cow skin (ponmo) and enough water to cover it. Bring to a boil and cook for about 30-\r\n40 minutes or until the ponmo is soft and tender. Drain and set aside.\r\n\r\n2. In a separate pan, heat the vegetable oil over medium heat. Add the chopped onions and sauté until\r\ntranslucent.\r\n\r\n3. Add the minced garlic and chopped scotch bonnet peppers to the pan. Cook for a few minutes until the\r\npeppers soften and release their flavors.\r\n\r\n4. Add the cooked cow skin (ponmo) to the pan and toss it in the pepper sauce until well coated. Stir-fry for a\r\nfew more minutes to let the flavors meld together.\r\n\r\n5. Season with thyme, curry powder, bouillon powder (or seasoning cube), salt, and black pepper. Adjust the\r\nspices according to your taste preference.\r\n\r\n6. Cook for another 5-10 minutes, stirring occasionally to prevent burning, until the ponmo is fully coated and\r\ninfused with the flavors.\r\n\r\n7. Remove from heat and garnish with freshly chopped parsley or coriander leaves.\r\n\r\n8. Serve the peppered ponmo hot as a side dish or snack. It can be enjoyed on its own or paired with rice,\r\nbread, or yam.\r\n\r\nNote: You can adjust the spiciness of the dish by reducing or increasing the quantity of scotch bonnet peppers\r\nused. Also, make sure to cook the cow skin (ponmo) thoroughly to ensure it\'s soft and tender.', NULL, 'food/1776785360_images.jpeg', '2026-04-21 19:23:04', '2026-04-21 20:29:20'),
(83, 'FRIED RICE', '- 3 cups cooked rice (preferably leftover or cold rice, this will make it easier for the fried rice to stand well without mashing or sticking together)- 1 cup of mixed vegetables (diced carrots, peas, corn, bell peppers, etc.) 1/2 cup diced onion - 2 cloves garlic, minced - 2 tablespoons soy sauce (optional)- 1 tablespoon oyster sauce (optional) - 2 tablespoons vegetable oil - Curry and Thyme- Salt and pepper to taste - Optional: cooked meat or shrimp (diced or shredded) Note: If using either of the soy sauce or oyster sauce, you do not need bouillon cubes or any seasoning .', 5000.00, NULL, 0, 'Heat the vegetable oil in a large pan or wok over medium-high heat\r\nAdd the diced onion and minced garlic to the pan and stir-fry for about 2-3 minutes until they become fragrant and slightly translucent\r\nAdd the mixed vegetables to the pan and continue stir-frying for another 2-3 minutes until they are cooked but still slightly crisp\r\nAdd in your thyme, curry and white powder (If using bouillon cubes or any additional seasoning, add it at this point), allow it cook well on low heat before adding the rice(remember you’re stir-frying, if you don’t allow the seasoning to meld properly into the sauce, it won’t mix properly into the rice and the taste won’t be well uniformed)\r\nIf using shredded meat, chicken, or shrimp, add it to the pan at this point and mix well\r\nAdd the cooked rice to the pan, breaking up any clumps with a spatula\r\nStir-fry everything together for a few minutes until the rice is heated through\r\nDrizzle the soy sauce and oyster sauce (if using) over the rice\r\nMix well to evenly coat the rice and vegetables\r\nSeason with salt and pepper to taste\r\nYou can adjust the amount of soy sauce or oyster sauce based on your taste preference\r\nContinue stir-frying for another 5-7 minutes on medium heat to ensure everything is well combined and heated through\r\nReason is just so it will last longer and taste better\r\nYou can reduce the heat if you notice any signs of burning or over - heating\r\nRemove from heat and serve hot as a main dish or as a side with your choice of protein\r\nThat\'s it! You can customize this basic recipe by adding other ingredients like pineapple, diced ham, or sesame oil for added ﬂavor\r\nEnjoy your homemade fried rice!', NULL, 'food/1776851287_recipe_1_0.jpg', '2026-04-22 14:48:07', '2026-04-22 14:48:07'),
(84, 'SEAFOOD FRIED RICE', '- 3 cups cooked rice (preferably leftover rice) - 1 cup mixed seafood (shrimp, squid, crab, etc.), cleaned and deveined - 1 cup mixed vegetables (diced carrots, peas, corn, bell peppers, etc.) - 1/2 cup diced onion - 2 cloves garlic, minced - 2 tablespoons soy sauce - 1 tablespoon oyster sauce - 2 tablespoons vegetable oil - 2 eggs, beaten - Salt and pepper to taste - Optional: sesame oil and chopped green onions for garnish  - 1 cup of rice - 1 cup coconut milk - 1/2 cup water - 1/4 teaspoon salt - Optional: toasted coconut ﬂakes (For crunchiness)', 5000.00, NULL, 0, 'Heat the vegetable oil in a large pan or wok over medium-high heat\r\nAdd the diced onion and minced garlic to the pan and stir-fry for about 2-3 minutes until they become fragrant and slightly translucent\r\nAdd the mixed seafood to the pan and cook for 3-4 minutes until they are cooked through and no longer translucent\r\nAdd the mixed vegetables to the pan and continue stir-frying for another 2-3 minutes until they are cooked but still slightly crisp\r\nPush the seafood and vegetables to one side of the pan , or a dish and pour the beaten eggs into the empty side\r\nScramble the eggs until cooked, then mix them with the seafood and vegetables\r\nAdd the cooked rice to the pan, breaking up any clumps with a spatula\r\nStir-fry everything together for a few minutes until the rice is heated through\r\nDrizzle the soy sauce and oyster sauce over the rice\r\nMix well to evenly coat the rice, seafood, and vegetables\r\nSeason with salt and pepper to taste\r\nOptional: Drizzle a little sesame oil over the rice and mix well for added ﬂavor\r\nContinue stir-frying for another 2-3 minutes to ensure everything is well combined and heated through\r\nRemove from heat and garnish with chopped green onions if desired\r\nServe hot as a main dish or as a side alongside other Asian dishes\r\nEnjoy your delicious seafood fried rice! SWEET COCONUT RICE (As a side dish)  1\r\nRinse the rice a few times under cold water until the water runs clear\r\nThis helps remove excess starch\r\nIn a saucepan, combine the rinsed rice, coconut milk, water, and salt\r\nPlace the saucepan over medium heat and bring the mixture to a gentle boil\r\nOnce it boils, reduce the heat to low and cover the saucepan with a lid\r\nLet it simmer for about 15-20 minutes, or until the rice is tender and has absorbed most of the liquid\r\nRemove the saucepan from heat and let the rice rest, covered, for an additional 5 minutes to allow it to steam and become even more tender\r\nFluff the rice with a fork to separate the grains\r\nOptional: Toast coconut ﬂakes in a dry pan over medium heat until they are lightly browned and fragrant\r\nThis adds extra texture and ﬂavor to the rice\r\nYou can serve this rice with your peppered chicken, beef or asun\r\nYou can also serve it as a side dish with your tilapia or croaker barbecue\r\nGarnish the rice with toasted coconut ﬂakes and veggies for extra sweetness and presentation\r\nEnjoy your delicious sweet coconut rice', NULL, 'food/1776851311_recipe_2_0.jpg', '2026-04-22 14:48:31', '2026-04-22 14:48:31'),
(85, 'SAUTEED (WHITE) RICE AND BEANS', '- 1 cup white rice - 1 can of beans (such as black beans, kidney beans, or pinto beans), drained and rinsed . - 1 small onion, diced - 2 cloves of garlic, minced - 1 tablespoon vegetable oil - 1 teaspoon ground cumin - 1/2 teaspoon chili powder (optional, for added spice) - Salt and pepper, to taste - Optional toppings: chopped fresh cilantro, lime wedges, shredded cheese', 5000.00, NULL, 0, 'Rinse the white rice under cold water until the water runs clear\r\nThis helps remove excess starch\r\nIn a medium-sized saucepan, heat the vegetable oil over medium heat\r\nAdd the diced onion and minced garlic to the saucepan and sauté until they become fragrant and the onion becomes translucent\r\nStir in the ground cumin and chili powder (if using) and cook for an additional minute to toast the spices\r\nAdd the rinsed white rice to the saucepan and stir it in with the onion and garlic mixture until the rice is well coated\r\nPour in 2 cups of water and add salt and pepper to taste\r\nBring the mixture to a boil\r\nOnce it boils, reduce the heat to low and cover the saucepan with a lid\r\nLet the rice simmer for about 15-20 minutes, or until the liquid is absorbed and the rice is tender\r\nWhile the rice is cooking, drain and rinse the beans\r\nOnce the rice is cooked, ﬂuff it with a fork and stir in the beans\r\nHeat the rice and beans mixture for another few minutes until the beans are warmed through\r\nTaste and adjust the seasonings if needed\r\nServe the white rice and beans as a side dish or as a main course\r\nConsider adding optional toppings like chopped carrots and spring onions\r\nThe taste is superb Enjoy your delicious white rice and beans with either turkey, beef, ﬁsh or    buka stew', NULL, 'food/1776851322_recipe_3_0.jpg', '2026-04-22 14:48:42', '2026-04-22 14:48:42'),
(87, 'JAMBALAYA RICE', '- 2 cups long-grain white rice - 1lb (450g) chicken or sausage, cut into bite-sized pieces- 1 lb (450g) shrimp, peeled and deveined- 1 onion, diced - 1 bell pepper, diced - 2 stalks celery, diced - 3 cloves of garlic, minced - 1 can (14 oz) diced tomatoes - 3 cups chicken or vegetable broth - 2 tablespoons vegetable oil - All purpose seasoning (Any type will do)- 1 teaspoon dried thyme - 1 teaspoon paprika - 1/2 teaspoon cayenne pepper (adjust according to your spice preference) - Salt and pepper, to taste - Fresh parsley, for garnish - The Nigerian twist: Fried plantain - Dodo (Slice in cubes)', 5000.00, NULL, 0, 'In a large or medium sized pot, heat the vegetable oil over medium heat\r\nSeason the chicken or sausage pieces, and cook until browned on all sides\r\nRemove from the pot and set aside\r\nIn the same pot, add the diced onion, bell pepper, celery, and minced garlic\r\nSauté until the vegetables become tender, about 5-7 minutes\r\nStir in the all-purpose seasoning, dried thyme, paprika, and cayenne pepper\r\nCook for another minute to toast the spices and release their ﬂavors\r\nAdd the diced tomatoes (along with their juices) and the chicken or vegetable broth to the pot\r\nBring the mixture to a boil\r\nStir in the rice and return the chicken or sausage to the pot\r\nReduce the heat to low, cover, and let the mixture simmer for about 20 minutes, or until the rice is cooked and the liquid has been absorbed\r\nNote: If using shrimp, add them in the last 5 minutes of cooking, as they cook quickly\r\nOnce the rice is cooked and the shrimp are pink and opaque, remove the pot from heat\r\nSeason with salt and pepper to taste\r\nMix in the dodo (fried plantain cubes) for some sweet ﬁnishing\r\nLet the Jambalaya sit for a few minutes before ﬂuﬃng it with a fork\r\nThis allows the ﬂavors to meld together\r\nServe the Jambalaya Rice hot, garnished with fresh parsley for added freshness and color\r\nEnjoy the vibrant ﬂavors and spicy goodness of this delicious Jambalaya Rice dish!', NULL, 'food/1776851347_recipe_5_0.jpg', '2026-04-22 14:49:07', '2026-04-22 14:49:07'),
(89, 'SPICY BEEF PENNE', 'This a delicious pasta dish made with penne pasta, spicy ground beef, and a ﬂavorful tomato sauce. - 8 ounces penne pasta (Can be substituted with whatever pasta you have available) - 1 pound ground beef - 1 small onion, diced - 3 cloves garlic, minced - 1 can (14.5 ounces) diced tomatoes - 1 can (8 ounces) tomato sauce - 1 tablespoon tomato paste - 1 teaspoon dried basil - 1 teaspoon dried oregano - 1/2 teaspoon red pepper ﬂakes (adjust to taste) - Salt and pepper, to taste - Grated Parmesan cheese, for serving- Fresh basil leaves, for garnish', 5000.00, NULL, 0, 'Cook the penne pasta according to the package instructions\r\nDrain and set aside\r\nIn a large skillet / Frying pan, season and steam the ground beef over medium-high heat until cooked through\r\nRemove any excess grease (so that the following ingredients don’t stick to the pan) from the skillet\r\nAdd the diced onion and minced garlic to the  skillet with the ground beef and cook until the onion is translucent\r\nStir in the diced tomatoes, tomato sauce, tomato paste, dried basil, dried oregano, red pepper ﬂakes, salt, and pepper\r\nBring the mixture to a simmer and let it cook for about 10 minutes, allowing the ﬂavors to meld together\r\nAdd the cooked penne pasta to the skillet and toss everything together until the pasta is coated in the sauce\r\nServe the spicy beef penne in bowls, sprinkle with grated Parmesan cheese, and garnish with fresh basil leaves\r\nEnjoy your spicy beef penne while hot! Note: You can also add some chopped bell peppers or spinach to the dish for additional ﬂavor and nutrition', NULL, 'food/1776851388_recipe_7_0.jpg', '2026-04-22 14:49:48', '2026-04-22 14:49:48'),
(90, 'OFE-OWERRI', '- 500g assorted meats (beef, goat meat, cow leg, tripe, etc.) - 500g assorted seafood (shrimp, prawns, crayﬁsh, etc.) - 2 cups cocoyam or pounded yam paste (as a thickener) - 1 cup oil (preferably palm oil) - 1 onion, chopped - 3-4 cloves of garlic, minced - 2 tablespoons ground crayﬁsh - 2 tablespoons ground uziza or utazi leaves (optional)- 2 bell peppers (red or yellow), chopped - 4-6 cups chicken or beef stock - Salt and pepper to taste - 4-5 scent leaves or basil leaves (optional)', 5000.00, NULL, 0, 'In a large pot, add the assorted meats, seafood, chopped onions, minced garlic, and some salt\r\nAdd enough water to cover the ingredients and let them cook until tender\r\nThis may take 30 minutes to an hour, depending on the meats used\r\nSkim off any foam or impurities that may rise to the top\r\nWhile the meats and seafood are cooking, prepare the cocoyam or pounded yam paste\r\nPeel and boil the cocoyam until soft, then pound or mash until smooth\r\nIf using pounded yam, mix with some warm water to form a paste\r\nSet the prepared thickener aside\r\nIn a separate pan, heat the palm oil over medium heat\r\nAdd the chopped red or yellow bell peppers and sauté for a few minutes until softened\r\nAdd the ground crayﬁsh, uziza or utazi leaves (if using), and some salt and pepper\r\nStir well to combine\r\nTransfer the sautéed ingredients into the pot with the cooked meats and seafood\r\nMix everything together\r\nAdd the chicken or beef stock to the pot\r\nThe amount of stock you use will depend on how thick or thin you prefer your soup\r\nStir well\r\nBring the pot to a simmer and gradually add spoonfuls of the prepared cocoyam or pounded yam paste, stirring continuously\r\nThis will help thicken the soup\r\nAdjust the thickness to your liking\r\nAdd the scent leaves or basil leaves (if using) and simmer for an additional 5 minutes to allow the ﬂavors to meld together\r\nYour Ofe-Owerri is now ready to be served! Enjoy it with your choice of swallow (e\r\n, pounded yam, fufu, or eba) or with rice', NULL, 'food/1776851408_recipe_8_0.jpg', '2026-04-22 14:50:08', '2026-04-22 14:50:08'),
(91, 'EFO RIRO', '- 500g assorted meats (beef, tripe, cow leg, Ponmo, liver, roundabout, shaki,etc.) - Chopped efo Tete or efo shoko (alt.spinach or kale) 2 onions, chopped - 3-4 red bell peppers, blended - 2-3 scotch bonnet peppers, blended - 1/2 cup palm oil - 2 tablespoons ground crayﬁsh - 2 stock cubes - Salt to taste- 2 tablespoons locust beans (optional) - 2 tablespoons iru (fermented locust beans)', 5000.00, NULL, 0, 'Wash and boil the assorted meats with chopped onions, stock cubes, and salt until tender\r\nSet aside 2\r\nHeat the palm oil in a large pot, add the iru and allow to simmer for about 30 seconds in the palm oil, then add your chopped onions and sauté until translucent\r\nAdd the blended red bell peppers and scotch bonnet peppers, pour in the crayﬁsh powder, mix well and cook for about 10-15 minutes until the mixture reduces and releases its oil\r\nAdd the cooked assorted meats, ground crayﬁsh, locust beans, and iru to the pot\r\nStir well to combine the ﬂavors\r\nAllow the mixture to simmer for about 15 minutes to allow the ﬂavors to meld together\r\nAdd the shoko or Tete (alt\r\nspinach or kale) stir well, cover, and let it simmer for an additional 5 minutes until the vegetables are cooked and tender\r\nYou can add some additional grounded crayﬁsh at this point and mix well into the soup until you are sure that the efo RIRO is very well mixed and combined 8\r\nServe hot with a side of boiled rice, pounded yam, fufu, or eba', NULL, 'food/1776851423_recipe_9_0.jpg', '2026-04-22 14:50:23', '2026-04-22 14:50:23'),
(92, 'OGBONO SOUP', '- 1 cup ogbono seeds, ground - 500g meat of your choice (beef, chicken, or goat meat), cut into bite-sized pieces - 1 cup assorted meat (offals such as cow tripe, liver, and kidney), optional - 1/2 cup palm oil - 1 onion, ﬁnely chopped - 2-3 cups of vegetables (spinach, bitter leaf, or pumpkin leaves), chopped - 2-3 cups of stock or water - Salt and pepper to taste - Ground crayﬁsh (optional) - Seasoning cubes (optional)', 5000.00, NULL, 0, 'Heat the palm oil in a pot over medium heat, then add the chopped onions\r\nSauté until the onions are translucent\r\nAdd the meat and assorted meat (if using) to the pot and cook until browned\r\nAdd the stock or water to the pot and bring it to a boil, then reduce the heat to a simmer\r\nGradually add the ground ogbono seeds to the pot, stirring continuously to prevent lumps from forming\r\nIf desired, add ground crayﬁsh, seasoning cubes, salt, and pepper to taste\r\nAdjust the seasoning according to your preference\r\nLeave the pot opened or half closed and let the soup simmer for about 15-20 minutes, or until the ogbono seeds and meat are cooked and tender\r\nThis will make it retain it\'s viscosity\r\nStir in the chopped vegetables and let them cook for another 5 minutes\r\nRemove from heat and serve the ogbono soup with your choice of swallow (fufu, pounded yam, or eba)\r\nEnjoy your homemade ogbono soup!', NULL, 'food/1776851442_recipe_10_0.jpg', '2026-04-22 14:50:42', '2026-04-22 14:50:42');
INSERT INTO `products` (`id`, `name`, `description`, `price`, `discount_price`, `stock`, `preparation_steps`, `rating`, `image_url`, `created_at`, `updated_at`) VALUES
(93, 'FRIED RICE', '- 3 cups cooked rice (preferably leftover or cold rice, this will make it easier for the fried rice to stand well without mashing or sticking together)- 1 cup of mixed vegetables (diced carrots, peas, corn, bell peppers, etc.) 1/2 cup diced onion - 2 cloves garlic, minced - 2 tablespoons soy sauce (optional)- 1 tablespoon oyster sauce (optional) - 2 tablespoons vegetable oil - Curry and Thyme- Salt and pepper to taste - Optional: cooked meat or shrimp (diced or shredded) Note: If using either of the soy sauce or oyster sauce, you do not need bouillon cubes or any seasoning .', 5000.00, NULL, 0, 'Heat the vegetable oil in a large pan or wok over medium-high heat\r\nAdd the diced onion and minced garlic to the pan and stir-fry for about 2-3 minutes until they become fragrant and slightly translucent\r\nAdd the mixed vegetables to the pan and continue stir-frying for another 2-3 minutes until they are cooked but still slightly crisp\r\nAdd in your thyme, curry and white powder (If using bouillon cubes or any additional seasoning, add it at this point), allow it cook well on low heat before adding the rice(remember you’re stir-frying, if you don’t allow the seasoning to meld properly into the sauce, it won’t mix properly into the rice and the taste won’t be well uniformed)\r\nIf using shredded meat, chicken, or shrimp, add it to the pan at this point and mix well\r\nAdd the cooked rice to the pan, breaking up any clumps with a spatula\r\nStir-fry everything together for a few minutes until the rice is heated through\r\nDrizzle the soy sauce and oyster sauce (if using) over the rice\r\nMix well to evenly coat the rice and vegetables\r\nSeason with salt and pepper to taste\r\nYou can adjust the amount of soy sauce or oyster sauce based on your taste preference\r\nContinue stir-frying for another 5-7 minutes on medium heat to ensure everything is well combined and heated through\r\nReason is just so it will last longer and taste better\r\nYou can reduce the heat if you notice any signs of burning or over - heating\r\nRemove from heat and serve hot as a main dish or as a side with your choice of protein\r\nThat\'s it! You can customize this basic recipe by adding other ingredients like pineapple, diced ham, or sesame oil for added ﬂavor\r\nEnjoy your homemade fried rice!', NULL, 'food/1776851505_recipe_1_0.jpg', '2026-04-22 14:51:45', '2026-04-22 14:51:45'),
(94, 'SEAFOOD FRIED RICE', '- 3 cups cooked rice (preferably leftover rice) - 1 cup mixed seafood (shrimp, squid, crab, etc.), cleaned and deveined - 1 cup mixed vegetables (diced carrots, peas, corn, bell peppers, etc.) - 1/2 cup diced onion - 2 cloves garlic, minced - 2 tablespoons soy sauce - 1 tablespoon oyster sauce - 2 tablespoons vegetable oil - 2 eggs, beaten - Salt and pepper to taste - Optional: sesame oil and chopped green onions for garnish  - 1 cup of rice - 1 cup coconut milk - 1/2 cup water - 1/4 teaspoon salt - Optional: toasted coconut ﬂakes (For crunchiness)', 5000.00, NULL, 0, 'Heat the vegetable oil in a large pan or wok over medium-high heat\r\nAdd the diced onion and minced garlic to the pan and stir-fry for about 2-3 minutes until they become fragrant and slightly translucent\r\nAdd the mixed seafood to the pan and cook for 3-4 minutes until they are cooked through and no longer translucent\r\nAdd the mixed vegetables to the pan and continue stir-frying for another 2-3 minutes until they are cooked but still slightly crisp\r\nPush the seafood and vegetables to one side of the pan , or a dish and pour the beaten eggs into the empty side\r\nScramble the eggs until cooked, then mix them with the seafood and vegetables\r\nAdd the cooked rice to the pan, breaking up any clumps with a spatula\r\nStir-fry everything together for a few minutes until the rice is heated through\r\nDrizzle the soy sauce and oyster sauce over the rice\r\nMix well to evenly coat the rice, seafood, and vegetables\r\nSeason with salt and pepper to taste\r\nOptional: Drizzle a little sesame oil over the rice and mix well for added ﬂavor\r\nContinue stir-frying for another 2-3 minutes to ensure everything is well combined and heated through\r\nRemove from heat and garnish with chopped green onions if desired\r\nServe hot as a main dish or as a side alongside other Asian dishes\r\nEnjoy your delicious seafood fried rice! SWEET COCONUT RICE (As a side dish)  1\r\nRinse the rice a few times under cold water until the water runs clear\r\nThis helps remove excess starch\r\nIn a saucepan, combine the rinsed rice, coconut milk, water, and salt\r\nPlace the saucepan over medium heat and bring the mixture to a gentle boil\r\nOnce it boils, reduce the heat to low and cover the saucepan with a lid\r\nLet it simmer for about 15-20 minutes, or until the rice is tender and has absorbed most of the liquid\r\nRemove the saucepan from heat and let the rice rest, covered, for an additional 5 minutes to allow it to steam and become even more tender\r\nFluff the rice with a fork to separate the grains\r\nOptional: Toast coconut ﬂakes in a dry pan over medium heat until they are lightly browned and fragrant\r\nThis adds extra texture and ﬂavor to the rice\r\nYou can serve this rice with your peppered chicken, beef or asun\r\nYou can also serve it as a side dish with your tilapia or croaker barbecue\r\nGarnish the rice with toasted coconut ﬂakes and veggies for extra sweetness and presentation\r\nEnjoy your delicious sweet coconut rice', NULL, 'food/1776851516_recipe_2_0.jpg', '2026-04-22 14:51:56', '2026-04-22 14:51:56'),
(95, 'SAUTEED (WHITE) RICE AND BEANS', '- 1 cup white rice - 1 can of beans (such as black beans, kidney beans, or pinto beans), drained and rinsed . - 1 small onion, diced - 2 cloves of garlic, minced - 1 tablespoon vegetable oil - 1 teaspoon ground cumin - 1/2 teaspoon chili powder (optional, for added spice) - Salt and pepper, to taste - Optional toppings: chopped fresh cilantro, lime wedges, shredded cheese', 5000.00, NULL, 0, 'Rinse the white rice under cold water until the water runs clear\r\nThis helps remove excess starch\r\nIn a medium-sized saucepan, heat the vegetable oil over medium heat\r\nAdd the diced onion and minced garlic to the saucepan and sauté until they become fragrant and the onion becomes translucent\r\nStir in the ground cumin and chili powder (if using) and cook for an additional minute to toast the spices\r\nAdd the rinsed white rice to the saucepan and stir it in with the onion and garlic mixture until the rice is well coated\r\nPour in 2 cups of water and add salt and pepper to taste\r\nBring the mixture to a boil\r\nOnce it boils, reduce the heat to low and cover the saucepan with a lid\r\nLet the rice simmer for about 15-20 minutes, or until the liquid is absorbed and the rice is tender\r\nWhile the rice is cooking, drain and rinse the beans\r\nOnce the rice is cooked, ﬂuff it with a fork and stir in the beans\r\nHeat the rice and beans mixture for another few minutes until the beans are warmed through\r\nTaste and adjust the seasonings if needed\r\nServe the white rice and beans as a side dish or as a main course\r\nConsider adding optional toppings like chopped carrots and spring onions\r\nThe taste is superb Enjoy your delicious white rice and beans with either turkey, beef, ﬁsh or    buka stew', NULL, 'food/1776851535_recipe_3_0.jpg', '2026-04-22 14:52:15', '2026-04-22 14:52:15'),
(96, 'Asun Jollof Rice', '1. 2 cups cooked rice - 1 pound goat meat, cut into small pieces - 1 onion, ﬁnely chopped - 3 cloves of garlic, minced - 2 tablespoons vegetable oil - 2 tablespoons tomato paste - 1 teaspoon paprika- 1 teaspoon cayenne pepper (adjust to your spice preference) - 1 teaspoon curry powder - 1 teaspoon dried thyme - 1 teaspoon dried rosemary - Salt and pepper, to taste - Chopped fresh cilantro or parsley for garnish (optional)', 5000.00, NULL, 20, 'Step 1: Season the goat meat with the available seasonings and bring to a boil (with little or no water) till it is tender and tasty\r\nStep 2: In a medium sized or large pot, heat the vegetable oil over medium heat\r\nStep 3: Add the chopped onions and minced garlic, and sauté until they become translucent and fragrant\r\nStep 4: Add the goat meat to the pot and stir well\r\nStep 5: Cook for about 5-7 minutes, until the meat is browned on all sides\r\nStep 6: In a small bowl, mix together the tomato paste, paprika, cayenne pepper, curry powder, dried thyme, dried rosemary, salt, and pepper\r\nStep 7: Add this spice mixture to the pot with the goat meat, and mix well to ensure the meat is coated with the spices\r\nStep 8: Reduce the heat to low, cover the pot, and let it simmer for about 7- 10 minutes, or until the goat meat is tender\r\nStep 9: You might need to add some water during this process if the sauce becomes too thick\r\nStep 10: Once the goat meat is tender and the ﬂavors have melded together, add the cooked rice to the pot Mix well until the rice is evenly coated with the spicy goat meat mixture\r\nStep 10: Cook for an additional 5 minutes on low heat to allow the ﬂavors to blend\r\nStep 11: Remove from heat and garnish with chopped carrots, spring onion, fresh cilantro or parsley if desired\r\nStep 12: Serve hot and enjoy Asun Rice as a ﬂavorful and spicy main course\r\nNote: Adjust the spice levels according to your taste preference\r\nYou can also add additional vegetables like bell peppers or peas to the dish if desired', 4.70, 'food/1776851540_recipe_4_0.jpg', '2026-04-22 14:52:20', '2026-04-22 17:46:19'),
(97, 'JAMBALAYA RICE', '- 2 cups long-grain white rice - 1lb (450g) chicken or sausage, cut into bite-sized pieces- 1 lb (450g) shrimp, peeled and deveined- 1 onion, diced - 1 bell pepper, diced - 2 stalks celery, diced - 3 cloves of garlic, minced - 1 can (14 oz) diced tomatoes - 3 cups chicken or vegetable broth - 2 tablespoons vegetable oil - All purpose seasoning (Any type will do)- 1 teaspoon dried thyme - 1 teaspoon paprika - 1/2 teaspoon cayenne pepper (adjust according to your spice preference) - Salt and pepper, to taste - Fresh parsley, for garnish - The Nigerian twist: Fried plantain - Dodo (Slice in cubes)', 5000.00, NULL, 0, 'In a large or medium sized pot, heat the vegetable oil over medium heat\r\nSeason the chicken or sausage pieces, and cook until browned on all sides\r\nRemove from the pot and set aside\r\nIn the same pot, add the diced onion, bell pepper, celery, and minced garlic\r\nSauté until the vegetables become tender, about 5-7 minutes\r\nStir in the all-purpose seasoning, dried thyme, paprika, and cayenne pepper\r\nCook for another minute to toast the spices and release their ﬂavors\r\nAdd the diced tomatoes (along with their juices) and the chicken or vegetable broth to the pot\r\nBring the mixture to a boil\r\nStir in the rice and return the chicken or sausage to the pot\r\nReduce the heat to low, cover, and let the mixture simmer for about 20 minutes, or until the rice is cooked and the liquid has been absorbed\r\nNote: If using shrimp, add them in the last 5 minutes of cooking, as they cook quickly\r\nOnce the rice is cooked and the shrimp are pink and opaque, remove the pot from heat\r\nSeason with salt and pepper to taste\r\nMix in the dodo (fried plantain cubes) for some sweet ﬁnishing\r\nLet the Jambalaya sit for a few minutes before ﬂuﬃng it with a fork\r\nThis allows the ﬂavors to meld together\r\nServe the Jambalaya Rice hot, garnished with fresh parsley for added freshness and color\r\nEnjoy the vibrant ﬂavors and spicy goodness of this delicious Jambalaya Rice dish!', NULL, 'food/1776851552_recipe_5_0.jpg', '2026-04-22 14:52:32', '2026-04-22 14:52:32'),
(98, 'FRIED RICE', '- 3 cups cooked rice (preferably leftover or cold rice, this will make it easier for the fried rice to stand well without mashing or sticking together)- 1 cup of mixed vegetables (diced carrots, peas, corn, bell peppers, etc.) 1/2 cup diced onion - 2 cloves garlic, minced - 2 tablespoons soy sauce (optional)- 1 tablespoon oyster sauce (optional) - 2 tablespoons vegetable oil - Curry and Thyme- Salt and pepper to taste - Optional: cooked meat or shrimp (diced or shredded) Note: If using either of the soy sauce or oyster sauce, you do not need bouillon cubes or any seasoning .', 5000.00, NULL, 0, 'Heat the vegetable oil in a large pan or wok over medium-high heat\r\nAdd the diced onion and minced garlic to the pan and stir-fry for about 2-3 minutes until they become fragrant and slightly translucent\r\nAdd the mixed vegetables to the pan and continue stir-frying for another 2-3 minutes until they are cooked but still slightly crisp\r\nAdd in your thyme, curry and white powder (If using bouillon cubes or any additional seasoning, add it at this point), allow it cook well on low heat before adding the rice(remember you’re stir-frying, if you don’t allow the seasoning to meld properly into the sauce, it won’t mix properly into the rice and the taste won’t be well uniformed)\r\nIf using shredded meat, chicken, or shrimp, add it to the pan at this point and mix well\r\nAdd the cooked rice to the pan, breaking up any clumps with a spatula\r\nStir-fry everything together for a few minutes until the rice is heated through\r\nDrizzle the soy sauce and oyster sauce (if using) over the rice\r\nMix well to evenly coat the rice and vegetables\r\nSeason with salt and pepper to taste\r\nYou can adjust the amount of soy sauce or oyster sauce based on your taste preference\r\nContinue stir-frying for another 5-7 minutes on medium heat to ensure everything is well combined and heated through\r\nReason is just so it will last longer and taste better\r\nYou can reduce the heat if you notice any signs of burning or over - heating\r\nRemove from heat and serve hot as a main dish or as a side with your choice of protein\r\nThat\'s it! You can customize this basic recipe by adding other ingredients like pineapple, diced ham, or sesame oil for added ﬂavor\r\nEnjoy your homemade fried rice!', NULL, 'food/1776851690_recipe_1_0.jpg', '2026-04-22 14:54:50', '2026-04-22 14:54:50'),
(99, 'SEAFOOD FRIED RICE', '- 3 cups cooked rice (preferably leftover rice) - 1 cup mixed seafood (shrimp, squid, crab, etc.), cleaned and deveined - 1 cup mixed vegetables (diced carrots, peas, corn, bell peppers, etc.) - 1/2 cup diced onion - 2 cloves garlic, minced - 2 tablespoons soy sauce - 1 tablespoon oyster sauce - 2 tablespoons vegetable oil - 2 eggs, beaten - Salt and pepper to taste - Optional: sesame oil and chopped green onions for garnish  - 1 cup of rice - 1 cup coconut milk - 1/2 cup water - 1/4 teaspoon salt - Optional: toasted coconut ﬂakes (For crunchiness)', 5000.00, NULL, 0, 'Heat the vegetable oil in a large pan or wok over medium-high heat\r\nAdd the diced onion and minced garlic to the pan and stir-fry for about 2-3 minutes until they become fragrant and slightly translucent\r\nAdd the mixed seafood to the pan and cook for 3-4 minutes until they are cooked through and no longer translucent\r\nAdd the mixed vegetables to the pan and continue stir-frying for another 2-3 minutes until they are cooked but still slightly crisp\r\nPush the seafood and vegetables to one side of the pan , or a dish and pour the beaten eggs into the empty side\r\nScramble the eggs until cooked, then mix them with the seafood and vegetables\r\nAdd the cooked rice to the pan, breaking up any clumps with a spatula\r\nStir-fry everything together for a few minutes until the rice is heated through\r\nDrizzle the soy sauce and oyster sauce over the rice\r\nMix well to evenly coat the rice, seafood, and vegetables\r\nSeason with salt and pepper to taste\r\nOptional: Drizzle a little sesame oil over the rice and mix well for added ﬂavor\r\nContinue stir-frying for another 2-3 minutes to ensure everything is well combined and heated through\r\nRemove from heat and garnish with chopped green onions if desired\r\nServe hot as a main dish or as a side alongside other Asian dishes\r\nEnjoy your delicious seafood fried rice! SWEET COCONUT RICE (As a side dish)  1\r\nRinse the rice a few times under cold water until the water runs clear\r\nThis helps remove excess starch\r\nIn a saucepan, combine the rinsed rice, coconut milk, water, and salt\r\nPlace the saucepan over medium heat and bring the mixture to a gentle boil\r\nOnce it boils, reduce the heat to low and cover the saucepan with a lid\r\nLet it simmer for about 15-20 minutes, or until the rice is tender and has absorbed most of the liquid\r\nRemove the saucepan from heat and let the rice rest, covered, for an additional 5 minutes to allow it to steam and become even more tender\r\nFluff the rice with a fork to separate the grains\r\nOptional: Toast coconut ﬂakes in a dry pan over medium heat until they are lightly browned and fragrant\r\nThis adds extra texture and ﬂavor to the rice\r\nYou can serve this rice with your peppered chicken, beef or asun\r\nYou can also serve it as a side dish with your tilapia or croaker barbecue\r\nGarnish the rice with toasted coconut ﬂakes and veggies for extra sweetness and presentation\r\nEnjoy your delicious sweet coconut rice', NULL, 'food/1776851698_recipe_2_0.jpg', '2026-04-22 14:54:58', '2026-04-22 14:54:58'),
(100, 'SAUTEED (WHITE) RICE AND BEANS', '- 1 cup white rice - 1 can of beans (such as black beans, kidney beans, or pinto beans), drained and rinsed . - 1 small onion, diced - 2 cloves of garlic, minced - 1 tablespoon vegetable oil - 1 teaspoon ground cumin - 1/2 teaspoon chili powder (optional, for added spice) - Salt and pepper, to taste - Optional toppings: chopped fresh cilantro, lime wedges, shredded cheese', 5000.00, NULL, 0, 'Rinse the white rice under cold water until the water runs clear\r\nThis helps remove excess starch\r\nIn a medium-sized saucepan, heat the vegetable oil over medium heat\r\nAdd the diced onion and minced garlic to the saucepan and sauté until they become fragrant and the onion becomes translucent\r\nStir in the ground cumin and chili powder (if using) and cook for an additional minute to toast the spices\r\nAdd the rinsed white rice to the saucepan and stir it in with the onion and garlic mixture until the rice is well coated\r\nPour in 2 cups of water and add salt and pepper to taste\r\nBring the mixture to a boil\r\nOnce it boils, reduce the heat to low and cover the saucepan with a lid\r\nLet the rice simmer for about 15-20 minutes, or until the liquid is absorbed and the rice is tender\r\nWhile the rice is cooking, drain and rinse the beans\r\nOnce the rice is cooked, ﬂuff it with a fork and stir in the beans\r\nHeat the rice and beans mixture for another few minutes until the beans are warmed through\r\nTaste and adjust the seasonings if needed\r\nServe the white rice and beans as a side dish or as a main course\r\nConsider adding optional toppings like chopped carrots and spring onions\r\nThe taste is superb Enjoy your delicious white rice and beans with either turkey, beef, ﬁsh or    buka stew', NULL, 'food/1776851705_recipe_3_0.jpg', '2026-04-22 14:55:05', '2026-04-22 14:55:05'),
(102, 'JAMBALAYA RICE', '- 2 cups long-grain white rice - 1lb (450g) chicken or sausage, cut into bite-sized pieces- 1 lb (450g) shrimp, peeled and deveined- 1 onion, diced - 1 bell pepper, diced - 2 stalks celery, diced - 3 cloves of garlic, minced - 1 can (14 oz) diced tomatoes - 3 cups chicken or vegetable broth - 2 tablespoons vegetable oil - All purpose seasoning (Any type will do)- 1 teaspoon dried thyme - 1 teaspoon paprika - 1/2 teaspoon cayenne pepper (adjust according to your spice preference) - Salt and pepper, to taste - Fresh parsley, for garnish - The Nigerian twist: Fried plantain - Dodo (Slice in cubes)', 5000.00, NULL, 0, 'In a large or medium sized pot, heat the vegetable oil over medium heat\r\nSeason the chicken or sausage pieces, and cook until browned on all sides\r\nRemove from the pot and set aside\r\nIn the same pot, add the diced onion, bell pepper, celery, and minced garlic\r\nSauté until the vegetables become tender, about 5-7 minutes\r\nStir in the all-purpose seasoning, dried thyme, paprika, and cayenne pepper\r\nCook for another minute to toast the spices and release their ﬂavors\r\nAdd the diced tomatoes (along with their juices) and the chicken or vegetable broth to the pot\r\nBring the mixture to a boil\r\nStir in the rice and return the chicken or sausage to the pot\r\nReduce the heat to low, cover, and let the mixture simmer for about 20 minutes, or until the rice is cooked and the liquid has been absorbed\r\nNote: If using shrimp, add them in the last 5 minutes of cooking, as they cook quickly\r\nOnce the rice is cooked and the shrimp are pink and opaque, remove the pot from heat\r\nSeason with salt and pepper to taste\r\nMix in the dodo (fried plantain cubes) for some sweet ﬁnishing\r\nLet the Jambalaya sit for a few minutes before ﬂuﬃng it with a fork\r\nThis allows the ﬂavors to meld together\r\nServe the Jambalaya Rice hot, garnished with fresh parsley for added freshness and color\r\nEnjoy the vibrant ﬂavors and spicy goodness of this delicious Jambalaya Rice dish!', NULL, 'food/1776851718_recipe_5_0.jpg', '2026-04-22 14:55:18', '2026-04-22 14:55:18'),
(104, 'SPICY BEEF PENNE', 'This a delicious pasta dish made with penne pasta, spicy ground beef, and a ﬂavorful tomato sauce. - 8 ounces penne pasta (Can be substituted with whatever pasta you have available) - 1 pound ground beef - 1 small onion, diced - 3 cloves garlic, minced - 1 can (14.5 ounces) diced tomatoes - 1 can (8 ounces) tomato sauce - 1 tablespoon tomato paste - 1 teaspoon dried basil - 1 teaspoon dried oregano - 1/2 teaspoon red pepper ﬂakes (adjust to taste) - Salt and pepper, to taste - Grated Parmesan cheese, for serving- Fresh basil leaves, for garnish', 5000.00, NULL, 0, 'Cook the penne pasta according to the package instructions\r\nDrain and set aside\r\nIn a large skillet / Frying pan, season and steam the ground beef over medium-high heat until cooked through\r\nRemove any excess grease (so that the following ingredients don’t stick to the pan) from the skillet\r\nAdd the diced onion and minced garlic to the  skillet with the ground beef and cook until the onion is translucent\r\nStir in the diced tomatoes, tomato sauce, tomato paste, dried basil, dried oregano, red pepper ﬂakes, salt, and pepper\r\nBring the mixture to a simmer and let it cook for about 10 minutes, allowing the ﬂavors to meld together\r\nAdd the cooked penne pasta to the skillet and toss everything together until the pasta is coated in the sauce\r\nServe the spicy beef penne in bowls, sprinkle with grated Parmesan cheese, and garnish with fresh basil leaves\r\nEnjoy your spicy beef penne while hot! Note: You can also add some chopped bell peppers or spinach to the dish for additional ﬂavor and nutrition', NULL, 'food/1776851731_recipe_7_0.jpg', '2026-04-22 14:55:31', '2026-04-22 14:55:31'),
(105, 'OFE-OWERRI', '- 500g assorted meats (beef, goat meat, cow leg, tripe, etc.) - 500g assorted seafood (shrimp, prawns, crayﬁsh, etc.) - 2 cups cocoyam or pounded yam paste (as a thickener) - 1 cup oil (preferably palm oil) - 1 onion, chopped - 3-4 cloves of garlic, minced - 2 tablespoons ground crayﬁsh - 2 tablespoons ground uziza or utazi leaves (optional)- 2 bell peppers (red or yellow), chopped - 4-6 cups chicken or beef stock - Salt and pepper to taste - 4-5 scent leaves or basil leaves (optional)', 5000.00, NULL, 0, 'In a large pot, add the assorted meats, seafood, chopped onions, minced garlic, and some salt\r\nAdd enough water to cover the ingredients and let them cook until tender\r\nThis may take 30 minutes to an hour, depending on the meats used\r\nSkim off any foam or impurities that may rise to the top\r\nWhile the meats and seafood are cooking, prepare the cocoyam or pounded yam paste\r\nPeel and boil the cocoyam until soft, then pound or mash until smooth\r\nIf using pounded yam, mix with some warm water to form a paste\r\nSet the prepared thickener aside\r\nIn a separate pan, heat the palm oil over medium heat\r\nAdd the chopped red or yellow bell peppers and sauté for a few minutes until softened\r\nAdd the ground crayﬁsh, uziza or utazi leaves (if using), and some salt and pepper\r\nStir well to combine\r\nTransfer the sautéed ingredients into the pot with the cooked meats and seafood\r\nMix everything together\r\nAdd the chicken or beef stock to the pot\r\nThe amount of stock you use will depend on how thick or thin you prefer your soup\r\nStir well\r\nBring the pot to a simmer and gradually add spoonfuls of the prepared cocoyam or pounded yam paste, stirring continuously\r\nThis will help thicken the soup\r\nAdjust the thickness to your liking\r\nAdd the scent leaves or basil leaves (if using) and simmer for an additional 5 minutes to allow the ﬂavors to meld together\r\nYour Ofe-Owerri is now ready to be served! Enjoy it with your choice of swallow (e\r\n, pounded yam, fufu, or eba) or with rice', NULL, 'food/1776851738_recipe_8_0.jpg', '2026-04-22 14:55:38', '2026-04-22 14:55:38'),
(106, 'EFO RIRO', '- 500g assorted meats (beef, tripe, cow leg, Ponmo, liver, roundabout, shaki,etc.) - Chopped efo Tete or efo shoko (alt.spinach or kale) 2 onions, chopped - 3-4 red bell peppers, blended - 2-3 scotch bonnet peppers, blended - 1/2 cup palm oil - 2 tablespoons ground crayﬁsh - 2 stock cubes - Salt to taste- 2 tablespoons locust beans (optional) - 2 tablespoons iru (fermented locust beans)', 5000.00, NULL, 0, 'Wash and boil the assorted meats with chopped onions, stock cubes, and salt until tender\r\nSet aside 2\r\nHeat the palm oil in a large pot, add the iru and allow to simmer for about 30 seconds in the palm oil, then add your chopped onions and sauté until translucent\r\nAdd the blended red bell peppers and scotch bonnet peppers, pour in the crayﬁsh powder, mix well and cook for about 10-15 minutes until the mixture reduces and releases its oil\r\nAdd the cooked assorted meats, ground crayﬁsh, locust beans, and iru to the pot\r\nStir well to combine the ﬂavors\r\nAllow the mixture to simmer for about 15 minutes to allow the ﬂavors to meld together\r\nAdd the shoko or Tete (alt\r\nspinach or kale) stir well, cover, and let it simmer for an additional 5 minutes until the vegetables are cooked and tender\r\nYou can add some additional grounded crayﬁsh at this point and mix well into the soup until you are sure that the efo RIRO is very well mixed and combined 8\r\nServe hot with a side of boiled rice, pounded yam, fufu, or eba', NULL, 'food/1776851747_recipe_9_0.jpg', '2026-04-22 14:55:47', '2026-04-22 14:55:47'),
(107, 'OGBONO SOUP', '- 1 cup ogbono seeds, ground - 500g meat of your choice (beef, chicken, or goat meat), cut into bite-sized pieces - 1 cup assorted meat (offals such as cow tripe, liver, and kidney), optional - 1/2 cup palm oil - 1 onion, ﬁnely chopped - 2-3 cups of vegetables (spinach, bitter leaf, or pumpkin leaves), chopped - 2-3 cups of stock or water - Salt and pepper to taste - Ground crayﬁsh (optional) - Seasoning cubes (optional)', 5000.00, NULL, 0, 'Heat the palm oil in a pot over medium heat, then add the chopped onions\r\nSauté until the onions are translucent\r\nAdd the meat and assorted meat (if using) to the pot and cook until browned\r\nAdd the stock or water to the pot and bring it to a boil, then reduce the heat to a simmer\r\nGradually add the ground ogbono seeds to the pot, stirring continuously to prevent lumps from forming\r\nIf desired, add ground crayﬁsh, seasoning cubes, salt, and pepper to taste\r\nAdjust the seasoning according to your preference\r\nLeave the pot opened or half closed and let the soup simmer for about 15-20 minutes, or until the ogbono seeds and meat are cooked and tender\r\nThis will make it retain it\'s viscosity\r\nStir in the chopped vegetables and let them cook for another 5 minutes\r\nRemove from heat and serve the ogbono soup with your choice of swallow (fufu, pounded yam, or eba)\r\nEnjoy your homemade ogbono soup!', NULL, 'food/1776851754_recipe_10_0.jpg', '2026-04-22 14:55:54', '2026-04-22 14:55:54'),
(108, 'OFE-NSALA', '- 500g fresh ﬁsh (tilapia or catﬁsh) - 1 medium-sized yam, peeled and cut into small chunks - 2 tablespoons palm oil - 1 onion, ﬁnely chopped - 2 teaspoons ground crayﬁsh - 2 teaspoons ground uziza seeds (optional) - 2 cups ugu (ﬂuted pumpkin) leaves or spinach, chopped - 2 cups of stock or water - Salt and pepper to taste  - 500g assorted meat (such as cow tripe, beef, goat meat, cow skin), cleaned and cut into bite-sized pieces - 2 tablespoons ground crayﬁsh - 2 tablespoons uziza seeds (optional) - 1 onion, ﬁnely chopped - 2 tablespoons palm oil - 2 cups of stock or water - Salt and pepper to taste - 1 teaspoon ogiri or ogiri okpei (traditional Igbo seasoning, optional) - 2 cups ugu (ﬂuted pumpkin) leaves or spinach, chopped', 5000.00, NULL, 0, 'Clean and season the ﬁsh with salt and pepper, then set it aside\r\nIn a large pot, add the chopped onions and palm oil\r\nCook on medium heat until the onions are translucent\r\nAdd the ﬁsh and cook for a few minutes until it is lightly browned on both sides\r\nAdd the stock or water to the pot and bring it to a boil\r\nAdd the yam chunks and cook until they are soft and tender\r\nMash some of the yam chunks with a fork to thicken the soup\r\nAdd the ground crayﬁsh and uziza seeds (if using), and simmer for a few more minutes\r\nFinally, add the ugu leaves or spinach and cook until the leaves are wilted\r\nTaste the soup and adjust the seasoning with salt and pepper to your liking\r\nServe hot with your choice of fufu, eba, or pounded yam\r\nTo make Ofe-nsala soup with assorted meat, you can follow these steps:  1\r\nRinse the assorted meat thoroughly and place it in a pot\r\nAdd enough water to cover the meat and bring it to a boil\r\nCook until tender and set aside\r\nIn a mortar or blender, grind the crayﬁsh and uziza seeds (if using) to a ﬁne powder and set aside\r\nIn a large pot, heat the palm oil over medium heat\r\nAdd the chopped onions and sauté until they are translucent\r\nAdd the cooked assorted meat to the pot and stir well to combine with the onions\r\nPour in the stock or water, ensuring it covers the meat\r\nBring it to a simmer\r\nAdd the ground crayﬁsh and uziza seeds (if using) to the pot\r\nStir well to incorporate the ﬂavors\r\nSeason the soup with salt, pepper, and ogiri (if using)\r\nAdjust the seasoning according to your taste\r\nAllow the soup to simmer over low heat for about 10-15 minutes, allowing the ﬂavors to meld together\r\nOptional: In a small frying pan, heat the palm oil and add ogiri or ugba (ukpaka)\r\nStir-fry for a few minutes until fragrant, then add it to the boiling soup and mix well\r\nAdjust the seasoning if necessary and let it simmer for another 5 minutes\r\nFinally, add the chopped ugu leaves or spinach to the pot\r\nStir well and let it cook for another 5 minutes until the leaves wilt and become tender\r\nTaste and adjust the seasoning if needed\r\nServe the Ofe-nsala soup hot with your choice of fufu (pounded yam or cassava), rice, or eba\r\nNote: Ofe-nsala can be customized by adding other ingredients such as mushrooms, scent leaves, or periwinkle\r\nFeel free to experiment and adjust the recipe to your taste\r\nAdditionally, the shredded utazi leaves can be replaced with bitter leaf if utazi is not available', NULL, 'food/1776851781_recipe_11_0.jpg', '2026-04-22 14:56:21', '2026-04-22 14:56:21'),
(109, 'OFE -AKWU', '- 2 cups of palm fruits or 1 can of palm fruit concentrate - Assorted meats (goat meat, beef, chicken, or ﬁsh) - 1 onion, chopped - 3 cloves of garlic, minced - 2 tablespoons ground crayﬁsh - 2 stock cubes - Salt to taste - 2 cups of water - 2 tablespoons of ground fresh pepper or ground spicy powder (optional) - Ogiri or ogiri okpei (optional, for ﬂavor)- Uziza or scent leaves, chopped (optional, for garnish)', 5000.00, NULL, 0, 'If using fresh palm fruits, extract the oil by boiling them in water until tender\r\nThen, pound or blend the fruits and strain to obtain the palm fruit concentrate\r\nIf using canned palm fruit concentrate, skip this step\r\nWash and season the assorted meats with onions, garlic, stock cubes, ground crayﬁsh, and salt\r\nBoil until tender\r\nIn a separate pot, add the palm fruit concentrate or canned palm fruit concentrate with water\r\nBring the palm fruit mixture to a boil and let it simmer for about 20 minutes, stirring occasionally to prevent burning\r\nAdd the cooked meats to the palm fruit mixture, along with any remaining stock from the meat\r\nIf desired, add ground fresh pepper or spicy powder for heat and ogiri or ogiri okpei for ﬂavor\r\nStir well\r\nAllow the soup to simmer for another 15-20 minutes, until the ﬂavors are well combined\r\nTaste and adjust the seasoning if necessary\r\nIf using uziza or scent leaves, add them to the soup and let it simmer for a few more minutes\r\nRemove from heat and serve hot with your choice of swallow (e\r\n, pounded yam, fufu, or eba) or rice\r\nNote: Ofe-akwu can be personalized by adding other ingredients such as crayﬁsh, stockﬁsh, or periwinkle\r\nFeel free to experiment and adjust the recipe to your taste\r\nAdditionally, if you prefer a thicker consistency, you can simmer the soup for a bit longer until it reaches your desired thickness', NULL, 'food/1776851790_recipe_12_0.jpg', '2026-04-22 14:56:30', '2026-04-22 14:56:30'),
(112, 'SEAFOOD OKRO', '- 2 cups of sliced okra - Assorted seafood (shrimp, crab, ﬁsh, or any combination you prefer) - 1 onion (chopped) - 2-3 scotch bonnet peppers (chopped) - 3-4 tablespoons of palm oil - A generous amount of grounded crayﬁsh - Stock cubes (such as Maggi or Knorr) - Salt and pepper (to taste) - Water or ﬁsh stock', 5000.00, NULL, 0, 'Heat the palm oil in a pot over medium heat\r\nAdd the chopped onion and sauté until it becomes translucent\r\nAdd the chopped scotch bonnet peppers and sauté for another minute\r\nAdd the sliced okra to the pot and stir well to combine with the onion and peppers\r\nAllow it to cook for a few minutes until the okra starts to release its juices\r\nPour in enough water or ﬁsh stock to cover the okra\r\nYou can adjust the amount of liquid depending on how thick or thin you want your soup to be\r\nAdd the assorted seafood to the pot\r\nYou can use shrimp, crab, ﬁsh, or a combination of seafood that you prefer\r\nEnsure they are cleaned and properly seasoned beforehand\r\nStir in the ground crayﬁsh, stock cubes, salt, and pepper to taste\r\nBe cautious with the salt as some seafood may already be salty\r\nCover the pot and let it simmer for about 10-15 minutes, or until the seafood is cooked through and the okra is tender\r\nTaste the soup and adjust the seasoning if necessary\r\nRemove from heat and serve the seafood okra soup hot with your choice of accompaniment, such as pounded yam, fufu, or eba\r\nEnjoy your delicious seagood okro', NULL, 'food/1776851810_recipe_15_0.jpg', '2026-04-22 14:56:50', '2026-04-22 14:56:50'),
(113, 'OFADA SAUCE', '- 500g assorted meats (such as beef, offal, and smoked ﬁsh) - 1 cup palm oil - 2 medium onions, chopped - 3-4 red bell peppers, blended - 5 scotch bonnet peppers (depending on your spice preference) - 4 Hake ﬁsh(Panla) -Shrimps (optional) -4 boiled eggs - 3 garlic cloves, minced - 1 tablespoon dried crayﬁsh (optional) - 1 tablespoon iru (a type of fermented locust bean)- 2 seasoning cubes - Salt to taste - Vegetable leaves (such as Ugu or spinach), chopped (optional)', 5000.00, NULL, 0, 'Wash the assorted meats thoroughly and place them in a pot\r\nAdd some chopped onions, seasoning cubes, and salt\r\nCook until tender\r\nDrain the stock but reserve it for later\r\nHeat the palm oil in a separate pot\r\nAdd the remaining chopped onions and the iru and sauté until they become translucent\r\nAdd the blended red bell peppers, scotch bonnet peppers, and minced garlic to the pot\r\nCook on medium heat for about 10 minutes, stirring occasionally\r\nAdd the dried crayﬁsh if desired, followed by the remaining iru (fermented locust bean)\r\nStir well and cook for another 5 minutes\r\nAdd the reserved meat stock to the sauce and bring to a boil\r\nReduce the heat to low and let it simmer for about 5 minutes\r\nAdd the cooked assorted meats and boiled eggs to the sauce and simmer for an additional 10 minutes, allowing the ﬂavors to meld together\r\nAdjust the seasoning and salt according to your taste preferences\r\n8 Your Ofada sauce is now ready to be served! Enjoy it with Ofada rice or any other rice variety of your choice\r\nNote: Ofada sauce is traditionally quite spicy, but you can reduce the amount of scotch bonnet peppers if you prefer a milder version\r\nYou can also had s', NULL, 'food/1776851816_recipe_16_0.jpg', '2026-04-22 14:56:56', '2026-04-22 14:56:56'),
(114, 'CHILLI SAUCE', '- 10-12 medium-sized red chili peppers (you can adjust the quantity based on your spice preference) - 4 garlic cloves - 2 tablespoons white vinegar - 1 tablespoon sugar - 1 teaspoon salt- 1 cup water  - 1 cup roasted peanuts - 2 tablespoons ground ginger - 2 tablespoons ground paprika - 1 tablespoon ground cayenne pepper (adjust based on your spice preference) - 1 tablespoon garlic powder - 1 tablespoon onion powder - 1 teaspoon ground cinnamon - 1 teaspoon ground cloves - 1 teaspoon salt - 1 teaspoon bouillon powder (optional)', 5000.00, NULL, 0, 'Begin by washing and removing the stems from the chili peppers\r\nIf you prefer a milder sauce, you can deseed the peppers as well\r\nPlace the chili peppers, garlic cloves, white vinegar, sugar, salt, and water in a blender or food processor\r\nBlend until you achieve a smooth consistency\r\nIf you like a chunkier texture, you can pulse blend for a shorter time\r\nTransfer the mixture to a saucepan and bring it to a boil over medium heat\r\nOnce it starts boiling, reduce the heat to low and let it simmer for about 15-20 minutes, stirring occasionally\r\nTaste the sauce and adjust the seasoning according to your preference\r\nYou can add more salt, sugar, or vinegar if desired\r\nRemove the sauce from heat and let it cool completely\r\nOnce cooled, transfer the chili sauce into sterilized glass jars or bottles\r\nStore in the refrigerator for up to 1 month\r\nThis can be used for as an addition to your shawarma marinade, white rice, roasted yam or barbecue sauce Note: Remember to handle chili peppers carefully as they can cause skin irritation\r\nYou might want to wear gloves while handling and deseeding them\r\nSuya spice This is a popular Nigerian seasoning used for grilling or barbecuing meats\r\nHere\'s a recipe for homemade suya spice:  1\r\nBegin by roasting the peanuts in a dry pan over medium heat until they are fragrant and slightly browned\r\nLet them cool completely\r\nOnce cooled, place the roasted peanuts in a blender or food processor and blend until you achieve a ﬁne powder consistency\r\nIn a mixing bowl, combine the ground peanut powder with the ground ginger, paprika, cayenne pepper, garlic powder, onion powder, cinnamon, cloves, salt, and bouillon powder (if using)\r\nMix well until all the spices are evenly incorporated\r\nTaste the mixture and adjust the seasoning according to your preference\r\nYou can add more cayenne pepper for extra heat, or increase the amount of ginger or paprika if desired\r\nOnce the suya spice is well mixed, store it in an airtight container or jar\r\nUse the suya spice to season meat before grilling or barbecuing\r\nIt is especially delicious on beef, chicken, or goat\r\nNote: If you prefer a nut-free version, you can substitute roasted soybeans or chickpeas for the peanuts in this recipe', NULL, 'food/1776851823_recipe_17_0.jpg', '2026-04-22 14:57:03', '2026-04-22 14:57:03'),
(115, 'PEPPER-SOUP SPICE', '- 2 tablespoons ground ginger - 2 tablespoons ground garlic powder - 1 tablespoon ground cayenne pepper (adjust based on your spice preference) - 2 teaspoons ground dried Cameroon pepper (you can substitute with crushed red pepper ﬂakes) - 2 teaspoons ground white pepper - 2 teaspoons ground black pepper - 2 teaspoons ground cloves - 1 teaspoon ground dried crayﬁsh (optional) - 1 teaspoon ground allspice - 1 teaspoon ground nutmeg - 1 teaspoon ground cinnamon - 1 teaspoon dried thyme - 1 teaspoon dried basil - 1 teaspoon dried curry leaves or dried bay leaves - 1 teaspoon salt', 5000.00, NULL, 0, 'In a mixing bowl, combine all the ground spices together: ginger, garlic powder, cayenne pepper, dried Cameroon pepper (or crushed red pepper ﬂakes), white pepper, black pepper, cloves, dried crayﬁsh (if using), allspice, nutmeg, cinnamon, thyme, basil, curry leaves or bay leaves, and salt\r\nMix well until all the spices are evenly incorporated\r\nTaste the mixture and adjust the seasoning according to your preference\r\nYou can add more cayenne pepper for additional heat, or increase the amount of black pepper or cloves if desired\r\nOnce the pepper-soup spice mixture is well mixed, store it in an airtight container or jar\r\nTo use, simply add the pepper-soup spice to your desired recipe for a ﬂavorful and spicy kick\r\nGoes perfectly well with chicken, turkey, beef, catﬁsh or snail pepper soup\r\nNote: This recipe yields a medium-spice level\r\nAdjust the amount of cayenne pepper and other spices to your personal taste', NULL, 'food/1776851828_recipe_18_0.jpg', '2026-04-22 14:57:08', '2026-04-22 14:57:08'),
(116, 'ONION POWDER', '- 4-5 medium-sized onions', 5000.00, NULL, 0, 'Start by peeling the onions and removing the outer skin\r\nSlice the onions into thin, even slices\r\nPreheat your oven to its lowest temperature setting, usually around 170-180 degrees Fahrenheit (75-85 degrees Celsius)\r\nSpread the onion slices in a single layer on a baking sheet lined with parchment paper or a silicone baking mat\r\nEnsure they are evenly spread out to allow for proper drying\r\nPlace the baking sheet with the onion slices in the preheated oven\r\nAllow the onions to dry in the oven until they become brittle and easily crumble when touched\r\nCheck on the onions occasionally to ensure they don\'t burn\r\nIf needed, rotate the baking sheet or adjust the oven temperature accordingly\r\nOnce the onions are fully dried and crispy, remove them from the oven and let them cool completely\r\nTransfer the dried onion slices to a blender or a spice grinder\r\nGrind the dried onion slices until you achieve a ﬁne powder consistency\r\nIt may take a few moments of blending or grinding to achieve the desired texture\r\nOnce ground into a powder, sift the mixture through a ﬁne-mesh sieve to remove any larger particles or lumps\r\nStore the homemade onion powder in an airtight container, preferably a glass jar or spice container, in a cool, dry place away from direct sunlight\r\nUse the onion powder in your recipes as a seasoning, adding depth of ﬂavor to soups, stews, marinades, dressings, or any dish that could beneﬁt from the taste of onions\r\nAlternative: You can use a non stick pan instead of an oven, just make sure it\'s on low heat and check regularly to avoid the onions from getting burnt\r\nNote: It\'s important to ensure that the onions are fully dried before grinding them into powder\r\nAny remaining moisture can cause the powder to clump or spoil', NULL, 'food/1776851835_recipe_19_0.jpg', '2026-04-22 14:57:15', '2026-04-22 14:57:15'),
(117, 'CURRY POWDER', '- 2 tablespoons coriander seeds - 1 tablespoon cumin seeds - 1 tablespoon ground turmeric - 1 tablespoon ground fenugreek - 1 tablespoon ground ginger - 1 tablespoon ground paprika - 1 teaspoon ground cinnamon - 1 teaspoon ground cloves - 1 teaspoon ground cardamom - 1 teaspoon black peppercorns - 1 teaspoon mustard seeds (optional) - 1 teaspoon fennel seeds (optional) - 1 dried red chili pepper (optional, for heat)', 5000.00, NULL, 0, 'In a dry frying pan over low heat, toast the coriander seeds, cumin seeds, black peppercorns, mustard seeds (if using), and fennel seeds (if using) until fragrant\r\nThis should take about 1-2 minutes\r\nStir occasionally to prevent burning\r\nTransfer the toasted seeds to a spice grinder or mortar and pestle\r\nGrind the toasted seeds until they form a ﬁne powder\r\nIn a bowl, combine the ground seed mixture with the rest of the spices: ground turmeric, ground fenugreek, ground ginger, ground paprika, ground cinnamon, ground cloves, ground cardamom, and the optional dried red chili pepper (adjust according to your desired heat level)\r\nMix all the spices thoroughly until they are well combined\r\nTo enhance the ﬂavors, you can further toast the spice blend in the frying pan for another 30 seconds to 1 minute\r\nBe careful not to burn the spices\r\nLet the homemade curry powder cool completely before transferring it to an airtight container for storage\r\nStore the curry powder in a cool, dark place, away from direct sunlight, to maintain its ﬂavor for several months\r\nNote: This basic recipe can be adjusted according to your taste preferences\r\nFeel free to add or remove spices depending on your desired ﬂavor proﬁle\r\nAdditionally, you can experiment with toasting and grinding whole spices for a more intense and aromatic curry powder', NULL, 'food/1776851841_recipe_20_0.jpg', '2026-04-22 14:57:21', '2026-04-22 14:57:21'),
(118, 'PEERFECT NATURAL CHICKEN RUB/SEASONING', '- 1 tablespoon dried thyme - 1 tablespoon dried rosemary - 1 tablespoon dried sage - 1 tablespoon garlic powder - 1 tablespoon onion powder - 1 teaspoon paprika - 1 teaspoon salt - 1/2 teaspoon black pepper', 5000.00, NULL, 0, 'In a small bowl, combine all the herbs and spices: dried thyme, dried rosemary, dried sage, garlic powder, onion powder, paprika, salt, and black pepper\r\nMix all the ingredients together until they are well blended\r\nTaste a pinch of the seasoning mixture and adjust the levels to suit your taste preferences\r\nYou can add more salt, pepper, or any other seasoning based on your liking\r\nTransfer the chicken seasoning to an airtight container for storage\r\nStore it in a cool, dark place to maintain its freshness and ﬂavor\r\nUsage: - To season chicken, rub or sprinkle the chicken seasoning all over the meat before grilling, roasting, or sautéing\r\n- You can also mix the chicken seasoning with a little oil or lemon juice to make a marinade for your chicken before cooking\r\n- Adjust the quantity of the chicken seasoning based on the amount of chicken you are preparing and your personal taste preferences\r\nNote: This homemade chicken seasoning can be customized by adding or removing herbs and spices to suit your preferences\r\nFeel free to experiment with different ﬂavors like smoked paprika, dried thyme, or herbs like tarragon or oregano', NULL, 'food/1776851855_recipe_21_0.jpg', '2026-04-22 14:57:35', '2026-04-22 14:57:35'),
(119, 'THE PERFECT BEEF RUB', '- 2 tablespoons paprika - 2 tablespoons garlic powder - 1 tablespoon onion powder - 1 tablespoon dried thyme - 1 tablespoon dried rosemary - 1 tablespoon dried oregano - 1 tablespoon ground black pepper - 1 tablespoon salt - 1 teaspoon cayenne pepper (adjust according to your heat preference)', 5000.00, NULL, 0, 'In a bowl, combine all the herbs, spices, and seasonings: paprika, garlic powder, onion powder, dried thyme, dried rosemary, dried oregano, ground black pepper, salt, and cayenne pepper\r\nMix all the ingredients together until well combined\r\nTaste a pinch of the seasoning mixture and adjust the ﬂavorings according to your preference\r\nYou can add more salt, pepper, or other spices as desired\r\nTransfer the beef seasoning to an airtight container for storage\r\nStore it in a cool, dark place to maintain freshness and ﬂavor\r\nUsage: - Before cooking beef, rub or sprinkle the beef seasoning all over the meat to enhance its ﬂavor\r\n- You can use this seasoning for different cuts of beef such as steaks, roasts, ground beef, or any other beef dishes\r\n- Adjust the quantity of the beef seasoning based on the size of the meat and personal preferences\r\nNote: Feel free to customize this beef seasoning recipe by adding or removing herbs and spices to suit your taste\r\nYou can experiment with additional ﬂavors like smoked paprika, chili powder, or mustard powder to give it a unique twist', NULL, 'food/1776851864_recipe_22_0.jpg', '2026-04-22 14:57:44', '2026-04-22 14:57:44');
INSERT INTO `products` (`id`, `name`, `description`, `price`, `discount_price`, `stock`, `preparation_steps`, `rating`, `image_url`, `created_at`, `updated_at`) VALUES
(120, 'HOME-MADE CHILLI POWDER', '- 4-6 dried chili peppers - 2 tablespoons paprika - 1 tablespoon cumin seeds - 1 tablespoon garlic powder - 1 tablespoon onion powder - 1 teaspoon dried oregano - 1 teaspoon salt - Optional: 1 teaspoon cayenne pepper (for extra heat)', 5000.00, NULL, 0, 'Begin by removing the stems, seeds, and membranes from the dried chili peppers\r\nYou can do this by cracking them open and shaking out the seeds, or by cutting them open and scraping out the insides\r\nHeat a dry skillet or pan over medium heat\r\nAdd the dried chili peppers to the skillet and toast them for a few minutes until they become fragrant\r\nBe sure to keep an eye on them and turn them occasionally to prevent burning\r\nOnce toasted, remove the chili peppers from the heat and allow them to cool down\r\nOnce cooled, break them up into smaller pieces\r\nIn a spice grinder or blender, add the toasted chili peppers along with the paprika, cumin seeds, garlic powder, onion powder, dried oregano, salt, and cayenne pepper (if using)\r\nBlend the ingredients until you achieve a ﬁne powder\r\nIf using a blender, you may need to stop and scrape down the sides a few times to ensure everything is incorporated evenly\r\nOnce blended, give the chili powder a taste and adjust the seasonings according to your preferences\r\nYou can add more salt, cayenne pepper, or other spices if desired\r\nTransfer the homemade chili powder to an airtight container or spice jar for storage\r\nStore it in a cool, dark place to preserve its ﬂavor and freshness\r\nUsage: - Use the chili powder to add heat and ﬂavor to chili con carne, soups, stews, marinades, rubs, and other spicy recipes\r\n- Add it teaspoon by teaspoon to your dishes, tasting along the way, until you achieve the desired level of spiciness\r\nNote: Feel free to experiment with different chili pepper varieties or adjust the proportions of the spices to suit your taste preferences\r\nAdditionally, you can consider using a combination of mild and hot chili peppers to create a custom heat level', NULL, 'food/1776851871_recipe_23_0.jpg', '2026-04-22 14:57:51', '2026-04-22 14:57:51'),
(121, 'GINGER POWDER', '- Fresh ginger root', 5000.00, NULL, 0, 'Start by peeling the ginger root using a vegetable peeler or the edge of a spoon to remove the skin\r\nThis will make it easier to grind into a powder\r\nOnce peeled, slice the ginger root into thin rounds or small pieces\r\nThe size doesn\'t have to be precise, but it should be small enough to dry evenly\r\nIf you have a dehydrator: - Arrange the ginger slices or pieces on the dehydrator trays\r\nMake sure to leave space between them for proper air circulation\r\n- Set the dehydrator temperature to around 135°F (57°C) and let the ginger dry for 6-8 hours, or until it is completely dried and crispy\r\nIf you don\'t have a dehydrator, you can use an oven: - Preheat your oven to its lowest temperature setting, usually around 150°F (65°C)\r\nAvoid using high temperatures as it can cook the ginger instead of drying it\r\n- Line a baking sheet with parchment paper or aluminum foil and spread the ginger slices or pieces on it\r\n- Place the baking sheet in the oven and prop the door open slightly to allow moisture to escape\r\n- Let the ginger dry in the oven for about 2-3 hours, or until it becomes completely dried and crispy\r\nAlt: If you don\'t have an oven, spread in a tray and dry in the hot sun for days and then continue with the following recipes\r\nOnce the ginger is dried, remove it from the dehydrator or oven and allow it to cool completely\r\nGrind the ginger into a ﬁne powder using a spice grinder, coffee grinder, or mortar and pestle\r\nPulse or grind in small batches if needed\r\nSieve the ground ginger powder to remove any larger or coarse particles, if desired\r\nStore the homemade ginger powder in an airtight container in a cool, dry, and dark place\r\nUsage: - Use the ginger powder in various culinary creations such as curries, stir-fries, baked goods, teas, smoothies, and spice blends\r\n- You can adjust the amount of ginger powder to your taste preferences and recipes\r\nNote: Powdered ginger will have a more concentrated ﬂavor compared to fresh ginger, so it\'s recommended to use it in smaller quantities', NULL, 'food/1776851877_recipe_24_0.jpg', '2026-04-22 14:57:57', '2026-04-22 14:57:57'),
(122, 'GARLIC POWDER', '- Fresh garlic cloves', 5000.00, NULL, 0, 'Start by peeling the garlic cloves and slicing them thinly\r\nThis will make them easier to dry and grind into a powder\r\nIf you have a dehydrator: - Arrange the garlic slices on the dehydrator trays\r\nMake sure to leave space between them for proper air circulation\r\n- Set the dehydrator temperature to around 125°F (52°C) and let the garlic dry for 8-12 hours, or until it is completely dried and brittle\r\nIf you don\'t have a dehydrator, you can use an oven: - Preheat your oven to its lowest temperature setting, usually around 150°F (65°C)\r\n- Line a baking sheet with parchment paper or aluminum foil and spread the garlic slices on it\r\n- Place the baking sheet in the oven and prop the door open slightly to allow moisture to escape\r\n- Let the garlic dry in the oven for about 2-3 hours, or until it becomes completely dried and brittle\r\nIf you don\'t have an oven, use the sun method as stated in the ginger powder recipe\r\nOnce the garlic is dried, remove it from the dehydrator or oven and allow it to cool completely\r\nGrind the dried garlic into a ﬁne powder using a spice grinder, coffee grinder, or mortar and pestle\r\nPulse or grind in small batches if needed\r\nSieve the powdered garlic to remove any larger or coarse particles, if desired\r\nStore the homemade garlic powder in an airtight container in a cool, dry, and dark place\r\nUsage: - Use the garlic powder as a convenient and ﬂavorful substitute for fresh garlic in various dishes such as sauces, marinades, rubs, soups, and dressings\r\n- Keep in mind that garlic powder is more concentrated than fresh garlic, so you may need to adjust the amount used in recipes accordingly\r\nNote: Homemade garlic powder tends to have a stronger ﬂavor compared to store-bought varieties\r\nAdjust the quantity as per your preference and the desired intensity in your dishes', NULL, 'food/1776851884_recipe_25_0.jpg', '2026-04-22 14:58:04', '2026-04-22 14:58:04'),
(123, 'TUMERIC POWDER', '- Fresh turmeric roots', 5000.00, NULL, 0, 'Start by washing the fresh turmeric roots thoroughly to remove any dirt or impurities\r\nYou can use a scrub brush if needed\r\nPat dry the turmeric roots with a clean towel or paper towels\r\nIf you have a dehydrator: - Slice the turmeric roots into thin, uniform pieces\r\nThis will help in drying them evenly\r\n- Arrange the sliced turmeric pieces on the dehydrator trays\r\nMake sure to leave space between them for proper air circulation\r\n- Set the dehydrator temperature to around 110°F (43°C) and let the turmeric dry for 8-12 hours, or until it is completely dried and brittle\r\nIf you don\'t have a dehydrator, you can use an oven: - Preheat your oven to its lowest temperature setting, usually around 150°F (65°C)\r\n- Line a baking sheet with parchment paper or aluminum foil and spread the sliced turmeric on it\r\n- Place the baking sheet in the oven and prop the door open slightly to allow moisture to escape\r\n- Let the turmeric dry in the oven for about 2-3 hours, or until it becomes completely dried and brittle\r\nOnce the turmeric is dried, remove it from the dehydrator or oven and allow it to cool completely\r\nUse a spice grinder, coffee grinder, or mortar and pestle to grind the dried turmeric into a ﬁne powder\r\nPulse or grind in small batches if needed\r\nSieve the powdered turmeric to remove any larger or coarse particles, if desired\r\nStore the homemade turmeric powder in an airtight container in a cool, dry, and dark place\r\nPS: Id you don\'t have an oven or dehydrator, use the sun method as stated in the ginger powder recipe\r\nUsage: - Use turmeric powder as a vibrant and ﬂavorful spice in various dishes such as curries, stir-fries, rice, lentils, marinades, and smoothies\r\n- Turmeric is also known for its health beneﬁts due to its active compound curcumin\r\nAdding it to your recipes can provide anti-inﬂammatory and antioxidant properties\r\nNote: Turmeric powder can stain easily, so take precautions while handling it and clean any surfaces or utensils immediately if they come into contact with the turmeric powder', NULL, 'food/1776851889_recipe_26_0.jpg', '2026-04-22 14:58:09', '2026-04-22 14:58:09'),
(124, 'FLAVOUR ENHANCER (ALL PURPOSE SEASONING)', '- 2 tablespoons paprika - 2 tablespoons garlic powder - 2 tablespoons onion powder - 1 tablespoon dried oregano - 1 tablespoon dried basil - 1 tablespoon dried thyme - 1 tablespoon black pepper - 1 tablespoon sea salt - Optional: add other spices like cayenne pepper, chili powder, turmeric, or cumin to customize the ﬂavor to your liking.', 5000.00, NULL, 0, 'In a mixing bowl, combine all the ingredients and stir well to ensure they are evenly mixed together\r\nTaste the seasoning blend and adjust the quantities of any speciﬁc spices according to your personal preference\r\nOnce you\'re satisﬁed with the ﬂavor, transfer the homemade seasoning to an airtight container or a spice jar with a tight lid\r\nStore the homemade seasoning in a cool, dry place, away from direct sunlight\r\nIt should stay fresh for several months\r\nYou can use this homemade seasoning blend on various dishes such as chicken, beef, ﬁsh, vegetables, soups, or sauces\r\nSprinkle it on before cooking or use it as a rub for marinating meats\r\nAdjust the quantity of seasoning used based on your taste preferences and the recipe instructions\r\nNote: Feel free to experiment and customize this basic seasoning blend by adding other spices or herbs that you enjoy', NULL, 'food/1776851895_recipe_27_0.jpg', '2026-04-22 14:58:15', '2026-04-22 14:58:15'),
(125, 'TOMATO PASTE', '- 4 pounds fresh tomatoes - 1/2 teaspoon salt - Optional: 1 tablespoon lemon juice (for acidity) - Olive oil for preservation(optional)', 5000.00, NULL, 0, 'Start by washing the tomatoes thoroughly, then score a small \"X\" at the bottom of each tomato using a sharp knife\r\nThis will help with the peeling process\r\nBring a large pot of water to a boil\r\nCarefully place the tomatoes into the boiling water and blanch them for about 1 minute\r\nUsing a slotted spoon, remove the tomatoes from the boiling water and transfer them to a large bowl ﬁlled with ice water\r\nAllow them to cool for a few minutes\r\nOnce cooled, remove the skins of the tomatoes by peeling them off starting from the \"X\" mark\r\nThe skin should come off easily\r\nCut the tomatoes in half and remove the seeds and excess juice\r\nYou can do this by gently squeezing each tomato or using a spoon to scoop out the seeds and juice\r\nPlace the deseeded and peeled tomatoes in a blender or food processor\r\nBlend until smooth\r\nPour the pureed tomatoes into a large, deep saucepan or pot\r\nAdd the salt and lemon juice (if using) and stir well\r\nCook the tomato mixture over medium heat, stirring frequently to prevent sticking, until it reduces and thickens into a paste-like consistency\r\nThis can take from 30 minutes to 1 hour or more depending on the juiciness of the tomatoes and desired thickness\r\nAs the tomato mixture reduces, be sure to adjust the heat as needed to avoid scorching or burning\r\nStir more frequently as it thickens to prevent sticking\r\nOnce the tomato paste reaches your desired consistency (thick and spreadable), remove it from the heat and let it cool completely\r\nTransfer the cooled tomato paste to a clean, airtight jar or container\r\nStore it in the refrigerator (not freezer!) for up to several weeks for best freshness\r\nAlternatively, you can freeze it in smaller portions for longer storage\r\nHomemade tomato paste adds tremendous ﬂavor to sauces, stews, soups, and many other dishes\r\nAdjust the salt and lemon juice according to your taste preference, and feel free to experiment with adding herbs or spices like garlic, oregano, or basil to customize the ﬂavor', NULL, 'food/1776851902_recipe_28_0.jpg', '2026-04-22 14:58:22', '2026-04-22 14:58:22'),
(126, 'KETCHUP', '- 2 pounds ripe tomatoes - 1 small onion, ﬁnely chopped - 1/2 cup sugar - 1/2 cup vinegar (preferably apple cider vinegar) - 1 teaspoon salt- 1/2 teaspoon ground cinnamon - 1/4 teaspoon ground cloves - 1/4 teaspoon ground allspice', 5000.00, NULL, 0, 'Start by washing the tomatoes thoroughly\r\nThen, score a small \"X\" at the bottom of each tomato using a sharp knife\r\nThis will help with the peeling process\r\nBring a large pot of water to a boil\r\nCarefully place the tomatoes into the boiling water and blanch them for about 1 minute\r\nUsing a slotted spoon, remove the tomatoes from the boiling water and transfer them to a large bowl ﬁlled with ice water\r\nAllow them to cool for a few minutes\r\nOnce cooled, remove the skins of the tomatoes by peeling them off starting from the \"X\" mark\r\nThe skin should come off easily\r\nCut the tomatoes in half and remove the seeds and excess juice\r\nYou can do this by gently squeezing each tomato or using a spoon to scoop out the seeds and juice\r\nChop the deseeded and peeled tomatoes into small pieces\r\nIn a large saucepan, combine the chopped tomatoes, ﬁnely chopped onion, sugar, vinegar, salt, cinnamon, cloves, and allspice\r\nStir well to combine\r\nBring the mixture to a boil over medium-high heat, stirring frequently to prevent sticking or burning\r\nOnce boiling, reduce the heat to low and let the mixture simmer for about 1 to 1\r\n5 hours, or until it thickens to your desired consistency\r\nStir occasionally\r\nRemove the saucepan from the heat and let the mixture cool slightly\r\nUse an immersion blender or transfer the mixture to a blender or food processor to puree it until smooth\r\nBe careful when blending hot ingredients, and allow the mixture to cool further if necessary\r\nOnce blended, pour the ketchup into a clean, airtight jar or container\r\nLet it cool completely before storing it in the refrigerator\r\nHomemade ketchup can be stored in the refrigerator for up to several weeks\r\nFeel free to adjust the sweetness, acidity, or spices according to your taste preferences\r\nYou can also experiment with adding additional ﬂavors like garlic, ginger, or chili powder to customize your homemade ketchup', NULL, 'food/1776851908_recipe_29_0.jpg', '2026-04-22 14:58:28', '2026-04-22 14:58:28'),
(127, 'MAYONAIISE (BAMA RECIPE)', '- 1 egg yolk- 1 cup vegetable oil (or any light-tasting oil) - 1 tablespoon white vinegar or lemon juice - 1/2 teaspoon Dijon mustard (For that vibrant yellow colour. Mustard also makes it thicker). Can be exempted if you don\'t have.- Salt and pepper to taste', 5000.00, NULL, 0, 'In a mixing bowl, add the egg yolk and mustard\r\nWhisk them together until well combined\r\nGradually pour the vegetable oil into the egg mixture, a few drops at a time, while continuously whisking\r\nAs you whisk, the mixture will start to thicken and emulsify\r\nContinue adding the oil slowly, in a thin and steady stream, while whisking vigorously\r\nThis slow incorporation of oil helps to create a stable and creamy mayonnaise\r\nOnce all of the oil is added and the mixture has thickened, add the vinegar or lemon juice\r\nWhisk well to combine\r\nTaste the mayonnaise and season with salt and pepper according to your preference\r\nAdjust the seasoning as needed\r\nA blender can also be used for this recipe\r\nJust add the oil slowly while blending, after combining the egg and vinegar in the blender 6\r\nTransfer the homemade mayonnaise to a clean jar or container\r\nStore it in the refrigerator for up to a week\r\nNote: It\'s important to use fresh and high-quality ingredients when making mayonnaise\r\nAdditionally, make sure all utensils and containers are clean and dry to prevent any contamination', NULL, 'food/1776851914_recipe_30_0.jpg', '2026-04-22 14:58:34', '2026-04-22 14:58:34'),
(128, 'HOME-MADE SALAD CREAM', '- 1 cup mayonnaise - 2 tablespoons white vinegar - 1 tablespoon Dijon mustard - 1 tablespoon honey or sugar - 1 teaspoon garlic powder (optional) - Salt and pepper to taste', 5000.00, NULL, 0, 'In a mixing bowl, combine the mayonnaise, white vinegar, Dijon mustard, honey (or sugar), and garlic powder (if using)\r\nWhisk them together until well combined\r\nTaste the mixture and season with salt and pepper according to your preference\r\nAdjust the seasoning as needed\r\nIf desired, you can add additional ingredients to customize the ﬂavor\r\nSome options include minced garlic, chopped herbs (such as parsley or dill), or a splash of lemon juice\r\nWhisk well to incorporate any added ingredients\r\nTransfer the homemade salad cream to a clean jar or container\r\nIt can be used immediately or stored in the refrigerator for up to a week\r\nServe the salad cream over your favorite salads or as a dipping sauce for vegetables\r\nNote: If you prefer a thinner consistency, you can gradually add a small amount of water or milk to the mixture, whisking well until desired consistency is achieved', NULL, 'food/1776852156_recipe_31_0.jpg', '2026-04-22 15:02:36', '2026-04-22 15:02:36'),
(129, 'COLESLAW RECIPE', '- 1 small cabbage, shredded - 2 medium-sized carrots, grated - 1 small onion, ﬁnely chopped - 1/2 cup mayonnaise - 2 tablespoons white vinegar or lemon juice - 2 tablespoons granulated sugar - Salt and pepper to taste', 5000.00, NULL, 0, 'In a large mixing bowl, combine the shredded cabbage, grated carrots, and chopped onion\r\nIn a separate small bowl, whisk together the mayonnaise, white vinegar (or lemon juice), sugar, salt, and pepper until well combined\r\nAdjust the seasonings according to your taste preferences\r\nPour the mayonnaise dressing over the cabbage mixture\r\nUse a spoon or clean hands to toss and coat the vegetables with the dressing\r\nEnsure all ingredients are well combined\r\nTaste and adjust the seasoning if needed\r\nYou can add more salt, pepper, or sugar according to your preference\r\nCover the bowl with cling wrap or transfer the coleslaw to a sealed container\r\nAllow the ﬂavors to meld together by refrigerating for at least 1-2 hours or overnight\r\nBefore serving, give the coleslaw a good toss to redistribute the dressing\r\nAdjust the seasoning if needed\r\nServe the Nigerian coleslaw as a side dish with your favorite main course or use it as a ﬁlling for burgers, sandwiches, or wraps\r\nEnjoy your homemade Nigerian coleslaw! It\'s a tasty and refreshing addition to any meal', NULL, 'food/1776852166_recipe_32_0.jpg', '2026-04-22 15:02:46', '2026-04-22 15:02:46'),
(130, 'FLUFFY MOI-MOI', '- 2 cups of beans - 3 or more onions (or more, this - Lots of bawa and tatashe is needed in this recipe for that redness and saucy taste. Let it be correspondent to the amount of beans you\'ll be using. - 1 cup vegetable oil - 1 cup water or broth - 1 teaspoon salt (adjust to taste) - 2 teaspoons bouillon powder or seasoning cube - Coconut milk (From a medium sized coconut) - 1 teaspoon dried crayﬁsh (optional, for ﬂavor) - 2 boiled eggs (optional, for garnish) - Banana leaves or foil (for wrapping)', 5000.00, NULL, 0, 'Soak the beans in water overnight or for at least 4 hours\r\nDrain the water and rinse the beans thoroughly till all of the chadd is gone\r\nIn a blender or food processor, combine the soaked beans, chopped onion, tatashe, bawa , and Scotch bonnet peppers (atarodo)\r\nBlend until you get a smooth batter\r\nIf needed, you can add a little water to aid the blending process\r\nTransfer the batter to a large mixing bowl\r\nAdd the vegetable oil, broth, coconut milk, salt, bouillon powder (or seasoning cube), and dried crayﬁsh (if using)\r\nMix everything together until well combined\r\nPrepare a large pot with enough water to steam the moi moi (not boil)\r\nIf using banana leaves, cut them into squares and brieﬂy pass them over an open ﬂame to soften them\r\nAlternatively, use foil to line the steaming pan\r\nPour the moi moi batter into the prepared steaming pans (pouches or aluminum cups, or moi moi leaves), ﬁlling them about three -quarters full\r\nIf desired, garnish each portion with slices of boiled egg, ﬁs h, or corned beef\r\nCover the pans with foil or banana leaves, making sure to seal the edges tightly to prevent steam from escaping\r\nPlace the pans inside the steamer or pot and steam for about 45 minutes to 1 hour, or until the moi moi is cooked through and ﬂuffy\r\nInsert a skewer or toothpick into the center to check for doneness; it should come out clean\r\nOnce cooked, remove the pans from the steamer and let the moi moi cool slightly before carefully unwrapping and serving\r\nFluffy moi moi is usually enjoyed on its own or with a combination of steamed rice, fried plantains, or bread\r\nIt can also be served with a side of Nigerian tomato stew or garden egg sauce\r\nNote: You can customize this recipe by adding other ingredients like cooked shrimp, ﬁsh, or vegetables to the moi moi batter before steaming', NULL, 'food/1776852173_recipe_33_0.jpg', '2026-04-22 15:02:53', '2026-04-22 15:02:53'),
(131, 'NIGERIAN GIZDODO', '- 500g gizzards, cleaned and chopped - 2 ripe plantains, peeled and cut into cubes - 2 bell peppers (1 red, 1 green), deseeded and chopped - 1 onion, chopped - 3-4 garlic cloves, minced - 1 teaspoon ginger, grated - 2 tomatoes, chopped - 3 tablespoons vegetable oil - 1 teaspoon thyme - 1 teaspoon curry powder - 1 teaspoon paprika (optional, for spice) - 1 teaspoon bouillon powder or seasoning cube - Salt, to taste - Freshly ground black pepper, to taste - Fresh parsley or coriander leaves, chopped (for garnish)', 5000.00, NULL, 0, 'In a pot, add the chopped gizzards, minced garlic, grated ginger, and salt\r\nCook over medium heat until the gizzards are tender and cooked through\r\nThis can take about 20 -25 minutes\r\nDrain any excess liquid and set aside\r\nIn a separate pan, heat the vegetable oil over medium heat\r\nAdd the chopped onions and sauté until translucent\r\nAdd the chopped bell peppers and tomatoes to the pan\r\nCook until softened, stirring occasionally\r\nAdd the cooked gizzards to the pan and stir to combine with the peppers and tomatoes\r\nStir in the thyme, curry powder, paprika (if using), bouillon powder (or seasoning cube), salt, and black pepper\r\nAdjust the seasonings to your taste\r\nAdd the chopped plantains to the pan\r\nGently stir everything together until well combined\r\nReduce the heat to low and cover the pan\r\nAllow the gizdodo to simmer for about 10-15 minutes, or until the plantains are cooked through and slightly caramelized\r\nOnce cooked, remove the pan from the heat and let it cool slightly\r\nGarnish with freshly chopped parsley or coriander leaves\r\nGizdodo can be served as a side dish or as a main course\r\nIt pairs well with steamed rice, fried rice, or as a filling for tacos or wraps\r\nEnjoy your homemade Nigerian Gizdodo!', NULL, 'food/1776852179_recipe_34_0.jpg', '2026-04-22 15:02:59', '2026-04-22 15:02:59'),
(132, 'PEPPERED SNAIL', '- 500g snails, cleaned - 2 bell peppers (1 red, 1 green), deseeded and chopped - 1 onion, chopped - 3-4 garlic cloves, minced - 2 tablespoons chili ﬂakes or ground dried pepper (adjust to your spice preference) - 2 tomatoes, blended or pureed - 3 tablespoons vegetable oil - 1 teaspoon thyme - 1 teaspoon curry powder - 1 teaspoon bouillon powder or seasoning cube - Salt, to taste - Freshly ground black pepper, to taste - Fresh parsley, chopped (for garnish, optional)', 5000.00, NULL, 0, 'In a pot, add the cleaned snails and enough water to cover them\r\nAdd salt and boil for about 15-20 minutes until the snails are tender\r\nDrain and set aside\r\nHeat the vegetable oil in a large pan over medium heat\r\nAdd the chopped onions and sauté until translucent\r\nAdd the minced garlic and chopped bell peppers to the pan\r\nCook for a few minutes until the peppers soften\r\nAdd the blended or pureed tomatoes to the pan\r\nStir and cook for a few minutes until the tomato puree reduces and thickens\r\nStir in the thyme, curry powder, chili ﬂakes (or ground dried pepper), bouillon powder (or seasoning cube), salt, and black pepper\r\nAdjust the seasoning according to your taste preference\r\nAdd the boiled snails to the pan and toss them in the pepper sauce until well coated\r\nReduce the heat and let it simmer for about 5-10 minutes to allow the ﬂavors to meld together\r\nRemove from heat and garnish with freshly chopped parsley\r\nPeppered snail can be enjoyed on its own as a snack or served as a side dish with rice, yam, or any Nigerian staple food\r\nIt\'s a great addition to a Nigerian party or gathering', NULL, 'food/1776852184_recipe_35_0.jpg', '2026-04-22 15:03:04', '2026-04-22 15:03:04'),
(133, 'PEPPERED ASUN(GOAT MEAT)', '- 500g goat meat, cut into bite-sized pieces - 3-4 scotch bonnet peppers (habanero peppers), chopped - 1 onion, chopped - 3-4 garlic cloves, minced - 2 tablespoons vegetable oil - 1 teaspoon thyme - 1 teaspoon curry powder - 1 teaspoon bouillon powder or seasoning cube - Salt, to taste - Freshly ground black pepper, to taste - Fresh parsley, chopped (for garnish, optional) - Lime or lemon wedges (for serving)', 5000.00, NULL, 0, 'Preheat your grill or oven to medium-high heat\r\nIn a large bowl, season the goat meat pieces with salt, black pepper, thyme, curry powder, and bouillon powder (or seasoning cube)\r\nMix well to coat the meat evenly\r\nPlace the seasoned goat meat pieces on the grill or a baking tray if using the oven\r\nCook for about 15-20 minutes or until the meat is tender and slightly charred, turning occasionally for even cooking\r\nIf using the oven, you can broil the meat for a few minutes to get a nice charred effect\r\nRemove from heat when done\r\nOr simply boil on medium heat for a few minute with little or no water\r\nGoat meat can generate water on its own\r\nIn a separate pan, heat the vegetable oil over medium heat\r\nAdd the chopped onions and sauté until translucent\r\nAdd the minced garlic and chopped scotch bonnet peppers to the pan\r\nCook for a few minutes until the peppers soften and release their ﬂavors\r\nAdd the grilled or roasted goat meat pieces to the pan and toss them in the pepper sauce until well coated\r\nStir-fry for a few more minutes to let the ﬂavors meld together\r\nRemove from heat and garnish with freshly chopped parsley\r\nServe the peppered asun hot as a ﬁnger food or appetizer, along with lime or lemon wedges on the side to squeeze over the meat for added ﬂavor\r\nNote: Adjust the quantity of scotch bonnet peppers according to your spice preference\r\nIt can be quite hot, so feel free to reduce the amount if desired', NULL, 'food/1776852190_recipe_36_0.jpg', '2026-04-22 15:03:10', '2026-04-22 15:03:10'),
(134, 'PEPPERED PONMO', '- 500g cow skin (ponmo), washed and cut into strips or cubes - 3-4 scotch bonnet peppers (habanero peppers), chopped - 1 onion, chopped - 3-4 garlic cloves, minced - 2 tablespoons vegetable oil - 1 teaspoon thyme - 1 teaspoon curry powder - 1 teaspoon bouillon powder or seasoning cube - Salt, to taste - Freshly ground black pepper, to taste - Fresh parsley or coriander leaves, chopped (for garnish)', 5000.00, NULL, 0, 'In a large pot, add the cow skin (ponmo) and enough water to cover it\r\nBring to a boil and cook for about 30- 40 minutes or until the ponmo is soft and tender\r\nDrain and set aside\r\nIn a separate pan, heat the vegetable oil over medium heat\r\nAdd the chopped onions and sauté until translucent\r\nAdd the minced garlic and chopped scotch bonnet peppers to the pan\r\nCook for a few minutes until the peppers soften and release their ﬂavors\r\nAdd the cooked cow skin (ponmo) to the pan and toss it in the pepper sauce until well coated\r\nStir-fry for a few more minutes to let the ﬂavors meld together\r\nSeason with thyme, curry powder, bouillon powder (or seasoning cube), salt, and black pepper\r\nAdjust the spices according to your taste preference\r\nCook for another 5-10 minutes, stirring occasionally to prevent burning, until the ponmo is fully coated and infused with the ﬂavors\r\nRemove from heat and garnish with freshly chopped parsley or coriander leaves\r\nServe the peppered ponmo hot as a side dish or snack\r\nIt can be enjoyed on its own or paired with rice, bread, or yam\r\nNote: You can adjust the spiciness of the dish by reducing or increasing the quantity of scotch bonnet peppers used\r\nAlso, make sure to cook the cow skin (ponmo) thoroughly to ensure it\'s soft and tender', NULL, 'food/1776852196_recipe_37_0.jpg', '2026-04-22 15:03:16', '2026-04-22 15:03:16'),
(135, 'HOME-MADE MUSTARD CREAM', '- 1/2 cup yellow or brown mustard seeds - 1/2 cup dry white wine (or beer) - 1/2 cup apple cider vinegar - 1 tablespoon honey (optional) - 1 teaspoon salt - 1/2 teaspoon turmeric (optional) - Water (as needed)', 5000.00, NULL, 0, 'Place the mustard seeds in a bowl and cover them with the dry white wine (or beer)\r\nLet the mixture sit for at least 2 hours, or overnight, to soften the seeds\r\nAfter the soaking time, transfer the mustard seeds along with any remaining liquid into a blender or food processor\r\nAdd the apple cider vinegar, honey (if using), salt, and turmeric (if using) into the blender/food processor\r\nBlend/process the mixture until it reaches your desired consistency\r\nIf the mixture is too thick, you can add a little water, a tablespoon at a time, until the desired consistency is achieved\r\nTaste the mustard and adjust the ﬂavors by adding more salt or honey if desired\r\nTransfer the homemade mustard to a clean jar or container\r\nStore the mustard in the refrigerator for at least 24 hours to allow the ﬂavors to meld together\r\nThe mustard will continue to thicken and develop its ﬂavor as it sits\r\nEnjoy your homemade mustard on sandwiches, burgers, sausages, or any other dishes where you like to use mustard\r\nNote: The mustard might taste initially quite sharp and pungent after preparation but will mellow and develop its ﬂavor over time', NULL, 'food/1776852202_recipe_38_0.jpg', '2026-04-22 15:03:22', '2026-04-22 15:03:22'),
(136, 'STRAWBERRY JAM', '- 1 kg (about 2 pounds) fresh strawberries - 2 cups granulated sugar - 2 tablespoons lemon juice', 5000.00, NULL, 0, 'Wash the strawberries thoroughly under running water\r\nRemove the stems and hull them\r\nCut larger strawberries into smaller pieces\r\nIn a large pot, combine the strawberries, sugar, and lemon juice\r\nStir well to coat the strawberries in sugar\r\nLet the mixture sit for about 30 minutes to allow the strawberries to release their juices\r\nPlace the pot on the stove over medium heat\r\nBring the mixture to a simmer, stirring occasionally to prevent sticking or burning\r\nContinue cooking the mixture, stirring frequently, until the strawberries have broken down and the jam thickens\r\nThis may take around 30-45 minutes\r\nTo check if the jam is ready, you can perform a spoon test - dip a spoon into the mixture and if it coats the back of the spoon without running off too quickly, it\'s done\r\nOnce the jam reaches the desired consistency, remove the pot from heat and let it cool for a few minutes\r\nPour the hot strawberry jam into sterilized jars, leaving about 1/4 inch headspace at the top\r\nSeal the jars tightly\r\nTo store the jam, you can either process the jars in a hot water bath canner for long-term storage or simply refrigerate them for short-term use\r\nAllow the jars to cool completely before labeling and storing them in a cool, dark place or the refrigerator\r\nEnjoy your homemade strawberry jam on toast, pancakes, or use it in various baked goods!', NULL, 'food/1776852207_recipe_39_0.jpg', '2026-04-22 15:03:27', '2026-04-22 15:03:27'),
(137, 'BANANA JAM', '- 4 ripe bananas - 1 cup granulated sugar - 1/4 cup lemon juice - 1 teaspoon vanilla extract - 1/2 teaspoon ground cinnamon (optional)', 5000.00, NULL, 0, 'Peel the bananas and mash them well in a bowl\r\nIf you prefer a smoother jam, you can puree the bananas in a blender or food processor\r\nIn a medium-sized saucepan, combine the mashed bananas, sugar, lemon juice, and vanilla extract\r\nStir well to combine\r\nPlace the saucepan on the stove over medium-high heat\r\nBring the mixture to a boil, stirring frequently\r\nOnce it starts boiling, reduce the heat to medium-low, and let the mixture simmer for about 30-40 minutes\r\nStir occasionally to prevent sticking or burning\r\nAs the mixture cooks, it will thicken and become glossy\r\nIf desired, add ground cinnamon during the last few minutes of cooking for additional ﬂavor\r\nTo check if the jam is ready, place a small spoonful on a chilled plate\r\nIf it thickens and doesn\'t run off quickly, it\'s done\r\nIf it\'s still too runny, continue cooking for a little longer\r\nRemove the saucepan from heat and let the jam cool for a few minutes\r\nTransfer the banana jam into sterilized jars, leaving about 1/4 inch headspace at the top\r\nSeal the jars tightly\r\nAllow the jam to cool completely before labeling and storing it in a cool, dark place or the refrigerator\r\nEnjoy your homemade banana jam on toast, muﬃns, pancakes, or even as a topping for ice cream! Note: Banana jam tends to have a softer, more spreadable consistency compared to other fruit jams', NULL, 'food/1776852214_recipe_40_0.jpg', '2026-04-22 15:03:34', '2026-04-22 15:03:34'),
(138, 'ORANGE JAM', '- 4 large oranges - 2 cups granulated sugar - 1 lemon (optional, for extra tanginess) - 1/2 cup water', 5000.00, NULL, 0, 'Wash the oranges thoroughly\r\nCut them in half and squeeze out the juice\r\nSet the juice aside\r\nRemove the membranes and pips from the orange halves\r\nCut the remaining orange peels into thin strips or small pieces\r\nYou can adjust the size of the peel to your preference\r\nIf using a lemon, zest and juice it and set aside\r\nIn a large pot or saucepan, combine the orange peels, orange juice, sugar, lemon juice (if using), and water\r\nMix well\r\nPlace the pot on the stove over medium-high heat\r\nBring the mixture to a boil while stirring occasionally\r\nOnce it starts boiling, reduce the heat to medium-low and let it simmer\r\nStir occasionally to prevent sticking or burning\r\nAllow the mixture to simmer for about 60-90 minutes until it thickens and reaches a jam-like consistency\r\nYou can test it by placing a small spoonful on a chilled plate\r\nIf it thickens and holds its shape, it\'s ready\r\nSkim off any foam that forms on the surface of the jam during cooking\r\nOnce the jam has reached the desired consistency, remove it from heat and let it cool for a few minutes\r\nTransfer the orange jam into sterilized jars, leaving about 1/4 inch headspace at the top\r\nSeal the jars tightly\r\nAllow the jam to cool completely before labeling and storing it in a cool, dark place or the refrigerator\r\nEnjoy your homemade orange jam on toast, biscuits, scones, or as a delicious ﬁlling in cakes and pastries! Note: You can also add spices like cinnamon or cloves for extra ﬂavor if desired', NULL, 'food/1776852227_recipe_41_0.jpg', '2026-04-22 15:03:47', '2026-04-22 15:03:47'),
(139, 'SPRING ROLL', '- Spring roll wrappers (available in Asian grocery stores or specialty stores) - 2 cups cooked and shredded chicken or beef (optional) - 1 cup shredded cabbage - 1 cup grated carrots - 1 cup chopped onions - 1 cup chopped bell peppers (red, green, and yellow) - 1 teaspoon minced garlic - 1 teaspoon minced ginger - 2 tablespoons soy sauce - 2 tablespoons vegetable oil (plus more for frying) - Salt and pepper to taste - Water for sealing the wrappers', 5000.00, NULL, 0, 'In a large frying pan or skillet, heat the vegetable oil over medium heat\r\nAdd the chopped onions, minced garlic, and minced ginger\r\nSauté until the onions become translucent and fragrant\r\nAdd the shredded chicken or beef (if using) to the pan and cook until heated through\r\nIf you\'re not using meat, skip this step\r\nAdd the shredded cabbage, grated carrots, and chopped bell peppers to the pan\r\nStir-fry the vegetables for a couple of minutes until they start to soften, but still retain a  crunch\r\nSeason with salt, pepper, and soy sauce\r\nContinue stirring for another minute or two before removing from heat\r\nEnsure the ﬁlling is adequately seasoned to your taste\r\nAllow the ﬁlling to cool completely before wrapping the spring rolls\r\nTake one spring roll wrapper and place it on a clean, dry surface\r\nAdd about 1-2 tablespoons of the ﬁlling to one corner of the wrapper, leaving a bit of space around the edges\r\nBegin folding the wrapper by rolling the corner with the ﬁlling over it\r\nFold in the sides, then continue rolling until you reach the end of the wrapper\r\nDab a small amount of water on the remaining corner to seal the spring roll\r\nRepeat the process with the remaining wrappers and ﬁlling until you run out\r\nHeat vegetable oil in a deep pan or pot over medium heat\r\nCarefully add the spring rolls, a few at a time, and fry them until golden brown and crispy\r\nRemove them from the oil using a slotted spoon or tongs and place them on a paper towel-lined plate to drain excess oil\r\nServe the Nigerian spring rolls hot with any dipping sauce of your choice, such as tomato ketchup or sweet chili sauce\r\nNote: Nigerian spring rolls can be made in advance and frozen\r\nSimply arrange them on a baking sheet lined with parchment paper, making sure they don\'t touch each other\r\nFreeze them until solid, then transfer them to a zip-top bag or airtight container\r\nWhen ready to eat, fry them directly from frozen, adding a few extra minutes to the frying time', NULL, 'food/1776852235_recipe_42_0.jpg', '2026-04-22 15:03:55', '2026-04-22 15:03:55'),
(140, 'SPRING ROLL WRAPPER', '- 1 cup all-purpose ﬂour - 1/4 teaspoon salt - 1/2 cup water - 1 tablespoon vegetable oil, plus more for brushing', 5000.00, NULL, 0, 'In a mixing bowl, combine the ﬂour and salt\r\nGradually pour in the water while mixing with a fork or a whisk until a rough dough forms\r\nLightly dust a clean surface with ﬂour and transfer the dough onto it\r\nKnead the dough for about 5 minutes until it becomes smooth and elastic\r\nUse extra ﬂour if necessary to prevent sticking\r\nDivide the dough into two equal portions\r\nCover one portion with a damp cloth to prevent drying out\r\nTake the ﬁrst portion of dough and roll it out into a thin sheet, about 1/16 inch thick\r\nYou can use a rolling pin or pasta machine if you have one\r\nBrush the rolled-out dough lightly with vegetable oil to prevent sticking and drying out\r\nStarting from one edge, roll up the dough tightly into a log shape\r\nCut the log into small sections, approximately 2 inches wide\r\nTake one section and ﬂatten it with your palm\r\nRoll it out again into a round wrapper, approximately 6-7 inches in diameter\r\nRemember to dust the surface with ﬂour as needed to prevent sticking\r\nRepeat the process with the remaining sections of dough, covering the rolled-out wrappers with a damp cloth to keep them from drying out\r\nHeat a non-stick pan or skillet over medium heat\r\nCook each wrapper for about 30 seconds to 1 minute on each side until it becomes slightly golden and cooked through\r\nAvoid overcooking to maintain ﬂexibility\r\nRemove the spring roll wrapper from the pan and place it on a clean surface or a damp cloth to cool\r\nRepeat the cooking process with the remaining wrappers\r\nOnce cool, your homemade spring roll wrappers are ready to be ﬁlled with your favorite ingredients\r\nNote: If you prefer a gluten-free version, you can substitute all-purpose ﬂour with rice ﬂour or a gluten- free ﬂour mix\r\nAdjust the water quantities accordingly to achieve a smooth dough consistency', NULL, 'food/1776852245_recipe_43_0.jpg', '2026-04-22 15:04:05', '2026-04-22 15:04:05'),
(141, 'SAMOSA', 'For the samosa dough: - 2 cups all-purpose flour - 1/2 teaspoon salt - 1/4 cup vegetable oil - 1/2 cup warm water For the samosa filling: - 2 medium-sized potatoes, boiled and mashed - 1 cup ground beef or minced meat (optional) - 1/2 cup diced onions - 1/2 cup chopped carrots - 1/2 teaspoon garlic powder - 1/2 teaspoon curry powder - 1/2 teaspoon ground cumin - 1/4 teaspoon chili powder (optional) - Salt and pepper, to taste - Vegetable oil, for frying', 5000.00, NULL, 0, 'In a mixing bowl, combine the all-purpose flour and salt\r\nGradually add the vegetable oil and mix until the mixture resembles breadcrumbs\r\nSlowly add warm water and knead the dough until smooth and elastic\r\nCover the dough with a damp cloth and let it rest for about 30 minutes\r\nIn a skillet, heat a tablespoon of vegetable oil over medium heat\r\nAdd the onions and sauté until translucent\r\nIf using ground beef, add it to the skillet and cook until browned\r\nAdd the carrots and cook for a few minutes until they start to soften\r\nAdd the mashed potatoes, garlic powder, curry powder, cumin, chili powder (if desired), salt, and pepper to the skillet\r\nMix well to combine all the ingredients\r\nCook for an additional 2-3 minutes\r\nRemove from heat and let the filling cool\r\nDivide the rested dough into smaller portions and roll each portion into a thin circle or oval shape\r\nCut each circle in half and fold the straight edge over to form a cone shape\r\nSecure the edges by moistening them with water\r\nFill the cone with a spoonful of the cooled filling and seal the top edge by moistening it and pressing it together\r\nRepeat the process until all the dough and filling are used up\r\nHeat vegetable oil in a deep frying pan or pot over medium heat\r\nFry the samosas in batches until they are golden brown and crispy on all sides\r\nBe careful not to overcrowd the pan to ensure even frying\r\nOnce cooked, remove the samosas from the oil and drain on a paper towel to remove excess oil\r\nServe the Nigerian samosas hot as a snack or appetizer\r\nThey can be enjoyed on their own, or paired with a dipping sauce like sweet chilli sauce or hot sauce\r\nEnjoy your samosas!', NULL, 'food/1776852256_recipe_44_0.jpg', '2026-04-22 15:04:16', '2026-04-22 15:04:16'),
(142, 'FLUFFY PUFF-PUFF', '- 2 cups all-purpose flour - 1/2 cup granulated sugar - 1 teaspoon active dry yeast - 1/2 teaspoon nutmeg (optional) - 1/2 teaspoon salt - 1 cup warm water - Vegetable oil, for frying', 5000.00, NULL, 0, 'In a small bowl, dissolve the yeast in the warm water\r\nLet it sit for about 5 minutes until it becomes frothy\r\nIn a large mixing bowl, combine the flour, sugar, nutmeg (if using), and salt\r\nMix well\r\nPour the yeast mixture into the dry ingredients and stir until a sticky batter forms\r\nThe batter should be thick, but still soft and slightly runny\r\nIf it\'s too thick, add some more warm water, a tablespoon at a time, until the desired consistency is reached\r\nCover the bowl with a clean kitchen towel or plastic wrap and let the batter rise in a warm, draft- free place for about 1-2 hours\r\nThe batter should double in size during this time\r\nIn a deep frying pan or pot, heat vegetable oil over medium heat\r\nThe oil should be deep enough to fully cover the puff puff when frying\r\nWhen the oil is hot, use a spoon or your hand to scoop a dollop of batter and drop it gently into the hot oil\r\nRepeat this step to create multiple puff puff balls, but be careful not to overcrowd the pan\r\nFry the puff puff until it turns golden brown on one side, then flip it over and fry until the other side is also golden brown\r\nThe cooking time should be about 2-3 minutes per side\r\nUse a slotted spoon or tongs to remove the fried puff puff from the oil and transfer it to a plate lined with paper towels to absorb excess oil\r\nRepeat the frying process until all the batter is used up\r\nAllow the puff puff to cool slightly before serving\r\nThey are typically enjoyed warm\r\nPuff puff can be served on its own as a snack, or can be paired with a dip such as chocolate sauce, caramel sauce, or powdered sugar\r\nEnjoy!', NULL, 'food/1776852279_recipe_45_0.jpg', '2026-04-22 15:04:39', '2026-04-22 15:04:39'),
(143, 'MONEY BAG', '- 1 packet of spring roll wrappers - 250g ground chicken or pork - 1 cup shredded cabbage - 1/2 cup shredded carrots - 1/2 cup chopped spring onions - 2 cloves garlic, minced - 1 tablespoon soy sauce - 1 teaspoon sesame oil - Salt and pepper to taste - 1 egg, beaten (for sealing the wrappers) - Vegetable oil, for frying', 5000.00, NULL, 0, 'In a large mixing bowl, combine the ground meat, shredded cabbage, shredded carrots, chopped spring onions, minced garlic, soy sauce, sesame oil, salt, and pepper\r\nMix well until all the ingredients are evenly combined\r\nTake one spring roll wrapper and place it on a clean surface\r\nSpoon about 1-2 tablespoons of the meat and vegetable mixture onto the center of the wrapper\r\nFold the bottom corner of the wrapper up to cover the filling, then fold the sides inward\r\nRoll it up tightly, like a money bag, making sure to seal the edges with a bit of the beaten egg\r\nRepeat this process with the remaining wrappers and filling\r\nHeat vegetable oil in a deep frying pan or pot over medium heat\r\nThe oil should be deep enough to fully submerge the money bags\r\nOnce the oil is hot, carefully add the money bags to the pan\r\nFry them until they turn golden brown and crispy, about 3-4 minutes on each side\r\nMake sure to fry them in batches to avoid overcrowding the pan\r\nUse a slotted spoon or tongs to remove the fried money bags from the oil and transfer them to a plate lined with paper towels to drain excess oil\r\nServe the money bags hot as an appetizer or snack\r\nYou can enjoy them as is or pair them with your favorite dipping sauce such as sweet chili sauce or plum sauce\r\nEnjoy your homemade money bag snacks!', NULL, 'food/1776852292_recipe_46_0.jpg', '2026-04-22 15:04:52', '2026-04-22 15:04:52'),
(144, 'PANCAKES', '- 1 cup all-purpose ﬂour - 2 tablespoons sugar - 2 teaspoons baking powder - 1/2 teaspoon salt - 1 cup milk - 1 large egg - 2 tablespoons unsalted butter, melted - Optional toppings: maple syrup, fruits, nuts, chocolate chips, etc.', 5000.00, NULL, 0, 'In a large mixing bowl, whisk together the ﬂour, sugar, baking powder, and salt\r\nIn a separate bowl, whisk together the milk, egg, and melted butter\r\nPour the wet ingredients into the dry ingredients and stir until just combined\r\nBe careful not to overmix; a few lumps are okay\r\nHeat a non-stick skillet or griddle over medium heat\r\nIf desired, lightly grease the surface with butter or cooking spray\r\nPour about 1/4 cup of batter onto the skillet for each pancake\r\nUse the back of a spoon or a ladle to spread the batter into a circular shape\r\nCook the pancake for 2-3 minutes, or until bubbles form on the surface\r\nFlip the pancake and cook for an additional 1-2 minutes, or until golden brown\r\nRemove the pancake from the skillet and keep it warm\r\nRepeat the process with the remaining batter\r\nServe the pancakes hot with your preferred toppings such as maple syrup, fruits, nuts, or chocolate chips\r\nEnjoy your homemade pancakes!', NULL, 'food/1776852304_recipe_47_0.jpg', '2026-04-22 15:05:04', '2026-04-22 15:05:04'),
(145, 'CHOCOLATE PANCAKES', '- 1 cup all-purpose ﬂour - 2 tablespoons cocoa powder - 2 tablespoons sugar - 2 teaspoons baking powder - 1/2 teaspoon salt - 1 cup milk - 1 large egg - 2 tablespoons unsalted butter, melted - Optional toppings: chocolate chips, whipped cream, berries, Nutella, etc.', 5000.00, NULL, 0, 'In a large mixing bowl, whisk together the ﬂour, cocoa powder, sugar, baking powder, and salt\r\nIn a separate bowl, whisk together the milk, egg, and melted butter\r\nPour the wet ingredients into the dry ingredients and stir until just combined\r\nBe careful not to overmix; a few lumps are okay\r\nHeat a non-stick skillet or griddle over medium heat\r\nIf desired, lightly grease the surface with butter or cooking spray\r\nPour about 1/4 cup of batter onto the skillet for each pancake\r\nUse the back of a spoon or a ladle to spread the batter into a circular shape\r\nSprinkle some chocolate chips on top of the pancake while it cooks\r\nCook the pancake for 2-3 minutes, or until bubbles form on the surface\r\nFlip the pancake and cook for an additional 1-2 minutes, or until cooked through\r\nRemove the pancake from the skillet and keep it warm\r\nRepeat the process with the remaining batter\r\nServe the chocolate pancakes hot with your preferred toppings such as whipped cream, berries, Nutella, or more chocolate chips\r\nEnjoy your chocolate pancakes!', NULL, 'food/1776852320_recipe_48_0.jpg', '2026-04-22 15:05:20', '2026-04-22 15:05:20');
INSERT INTO `products` (`id`, `name`, `description`, `price`, `discount_price`, `stock`, `preparation_steps`, `rating`, `image_url`, `created_at`, `updated_at`) VALUES
(146, 'SHAWARMA', '- 1 pound boneless chicken or beef (thinly sliced) - 2 tablespoons olive oil - 4 cloves garlic (minced) - 2 teaspoons ground cumin - 2 teaspoons ground paprika - 1 teaspoon ground coriander - 1 teaspoon ground turmeric - 1 teaspoon ground cinnamon - ½ teaspoon ground ginger - Salt and pepper to taste - Juice of 1 lemon - 4 tablespoons plain yogurt - 4 tablespoons sweet chilli sauce (optional) - Flatbread or pita bread - Sliced tomatoes, cucumbers, onions, and lettuce (for garnish)  - 8 pieces of chicken (a mix of drumsticks, thighs, and/or breasts) - 2 cups all-purpose ﬂour - 2 tablespoons paprika - 1 tablespoon garlic powder - 1 tablespoon onion powder - 1 tablespoon dried oregano - 1 tablespoon dried basil - 1 tablespoon salt - 1 tablespoon black pepper - 1 tablespoon dried thyme - 1 teaspoon cayenne pepper (adjust to taste) - 2 cups buttermilk - Vegetable oil for frying - Crushed cornﬂakes for crispiness', 5000.00, NULL, 0, 'In a bowl, combine the olive oil, minced garlic, ground cumin, paprika, coriander, turmeric, cinnamon, ginger, salt, pepper, lemon juice, yogurt, and tahini sauce\r\nMix well to form a marinade\r\nAdd the thinly sliced chicken or beef to the marinade\r\nMake sure all the meat is well coated\r\nCover the bowl and let it marinate in the fridge for at least 1 hour, or overnight for best ﬂavor\r\nPreheat the grill or a skillet over medium-high heat\r\nIf using a skillet, add a little olive oil to prevent sticking\r\nCook the marinated chicken or beef for about 4-5 minutes per side, or until cooked through and slightly charred\r\nOnce cooked, remove the chicken or beef from the heat and let it rest for a few minutes\r\nThen, thinly slice the meat into strips\r\nWarm the ﬂatbread or pita bread in the oven or on the stovetop\r\nTo assemble the shawarma, place some sliced tomatoes, cucumbers, onions, and lettuce on the warmed bread\r\nAdd a generous amount of the grilled chicken or beef on top\r\nIf desired, drizzle some additional sweet chilli sauce over the meat for extra ﬂavor\r\nRoll up the ﬂatbread or pita bread tightly to create a wrap or sandwich\r\nPlace on a grill or non stick pan and cook each sides for 2-3 minutes each\r\nServe the shawarma and enjoy! Note: You can also customize your shawarma by adding garlic sauce, pickles, or other toppings of your choice\r\nKFC-style crispy chicken:  1\r\nIn a large bowl, mix together the ﬂour, paprika, garlic powder, onion powder, dried oregano, dried basil, salt, pepper, dried thyme, and cayenne pepper\r\nThis will be your seasoned ﬂour mixture\r\nIn another bowl, pour the buttermilk\r\nDip each piece of chicken into the buttermilk, allowing any excess to drip off\r\nRoll the chicken in the seasoned ﬂour mixture until it is well coated, and ﬁnally roll it in with the already crushed cornﬂakes\r\nPress the coating into the chicken to ensure it sticks\r\nSet the coated chicken aside on a separate plate\r\nHeat the vegetable oil in a deep skillet or pan over medium-high heat\r\nThe oil should be approximately 350°F (175°C) for frying\r\nAs long as the oil is hot enough for frying\r\nCarefully add a few pieces of chicken to the hot oil, making sure not to overcrowd the pan\r\nFry the chicken for about 15-20 minutes, ﬂipping halfway through, until it is golden brown and cooked through\r\nThe internal temperature should reach 165°F (75°C)\r\nOnce cooked, transfer the fried chicken to a paper towel-lined plate to drain any excess oil\r\nRepeat the frying process with the remaining chicken pieces\r\nServe the homemade KFC-style chicken hot and crispy\r\nIt pairs well with coleslaw, fried potatoes, yamarita, or any of your favorite sides\r\nDon\'t forget to drizzle in some sweet chilli sauce or and dip of your choice for an elite ecstacy', NULL, 'food/1776852333_recipe_49_0.jpg', '2026-04-22 15:05:33', '2026-04-22 15:05:33'),
(147, 'PLANTAIN CHIPS', '- 2 large, green, unripe plantains - Vegetable oil for frying - Salt to taste - Optional seasonings: paprika, chili powder, garlic powder, or any preferred spices/herbs', 5000.00, NULL, 0, 'Peel the plantains by making a small cut along the length of the skin, then carefully peel it off\r\nSlice the plantains into thin, even slices using a sharp knife or a mandoline slicer if available\r\nAim for slices around 1/8 to 1/4 inch thick\r\nHeat vegetable oil in a large frying pan or deep fryer\r\nThe oil should be enough to submerge the plantain slices\r\nOnce the oil is hot (around 350°F or 175°C), add a few plantain slices into the oil, making sure not to overcrowd the pan\r\nFry them for about 2-3 minutes per side or until they turn golden brown\r\nAdjust the cooking time as needed, but be careful not to burn them\r\nUse a slotted spoon or tongs to carefully remove the fried plantains from the oil and place them on a paper towel-lined plate or a wire rack to drain excess oil\r\nWhile the plantain chips are still hot, sprinkle them with salt and any desired seasonings\r\nToss them gently to coat them evenly\r\nFeel free to experiment with different spices and herbs to customize the ﬂavor\r\nLet the plantain chips cool completely before serving to allow them to become crispier\r\nStore the plantain chips in an airtight container or ziplock bag to maintain their freshness and crunchiness\r\nEnjoy the homemade plantain chips as a tasty snack on their own or serve them with your favorite dips or salsas\r\nThey can be enjoyed both warm and at room temperature', NULL, 'food/1776852342_recipe_50_0.jpg', '2026-04-22 15:05:42', '2026-04-22 15:05:42'),
(148, 'POTATO CHIPS', '- 2 to 3 large potatoes (russet potatoes work well) - Vegetable oil for frying - Salt to taste - Optional seasonings: paprika, garlic powder, onion powder, or any preferred spices/herbs', 5000.00, NULL, 0, 'Scrub the potatoes thoroughly to remove any dirt or residue\r\nLeave the skin on for added texture and ﬂavor, or peel them if preferred\r\nUsing a sharp knife or a mandoline slicer, slice the potatoes into thin, even slices\r\nAim for slices around 1/8 to 1/4 inch thick\r\nSoak the slices in cold water for 15 to 30 minutes to remove excess starch and crisp them up\r\nMeanwhile, heat vegetable oil in a deep pan or deep fryer\r\nThe oil should be at around 325°F to 350°F (163°C to 177°C)\r\nDrain the potato slices and pat them dry using a clean kitchen towel or paper towels\r\nCarefully add a handful of potato slices into the hot oil, making sure not to overcrowd the pan\r\nFry them in batches for around 2 to 3 minutes, or until they turn golden brown and crispy\r\nStir occasionally to ensure even frying\r\nUse a slotted spoon or tongs to remove the fried potato chips from the oil and transfer them onto a paper towel-lined plate or a wire rack to drain excess oil\r\nWhile the chips are still hot, sprinkle them with salt and any desired seasonings\r\nToss them gently to evenly coat the chips\r\nAdjust the seasoning according to your taste preferences\r\nAllow the chips to cool completely, which will help them become even crispier\r\nStore the homemade potato chips in an airtight container to maintain their freshness and crunchiness\r\nEnjoy the homemade potato chips as a snack on their own or serve them alongside your favorite sandwiches, dips, or burgers\r\nExperiment with different seasonings to create a variety of ﬂavors', NULL, 'food/1776852358_recipe_51_0.jpg', '2026-04-22 15:05:58', '2026-04-22 15:05:58'),
(149, 'NIGERIAN FISH ROLL', 'For the dough: - 2 cups all-purpose ﬂour - 1 teaspoon baking powder - ¼ teaspoon salt - 4 tablespoons unsalted butter, softened - ½ cup cold water For the ﬁlling: - 1 cup cooked ﬁsh (such as mackerel or tuna), ﬂaked - 1 small onion, ﬁnely chopped - 1 small carrot, grated - 1 small bell pepper, ﬁnely chopped - 2 tablespoons vegetable oil - 2 cloves garlic, minced - 1 teaspoon curry powder - 1 teaspoon thyme - Salt and pepper to taste For frying: - Vegetable oil for deep frying', 5000.00, NULL, 0, 'In a large mixing bowl, combine the all-purpose ﬂour, baking powder, and salt\r\nStir to combine\r\nAdd the softened butter to the ﬂour mixture and use your ﬁngers to rub it in until the mixture resembles breadcrumbs\r\nGradually add the cold water to the mixture while stirring with a spoon or your hands\r\nKeep adding water until the dough comes together and is soft and pliable\r\nKnead the dough for a few minutes until it becomes smooth\r\nCover the dough with a clean kitchen towel and let it rest for about 20-30 minutes\r\nIn a separate bowl, mix the cooked ﬁsh, chopped onion, grated carrot, chopped bell pepper, minced garlic, curry powder, thyme, salt, and pepper\r\nCombine well, ensuring the mixture is evenly seasoned\r\nHeat the vegetable oil in a deep frying pan or pot over medium heat\r\nDivide the dough into small balls, approximately the size of a golf ball\r\nRoll out each ball into a thin circular shape\r\nPlace a spoonful of the ﬁsh and vegetable ﬁlling onto one half of the rolled-out dough\r\nFold the other half of the dough over the ﬁlling and press the edges together to seal\r\nYou can use a fork to create a decorative pattern along the sealed edges\r\nFry the ﬁsh rolls in  the hot oil until they turn golden brown and crispy, usually about 3-4 minutes on each side\r\nBe sure not to overcrowd the pan; fry in batches if necessary\r\nUse a slotted spoon to remove the fried ﬁsh rolls from the oil and transfer them to a paper towel- lined plate to drain excess oil\r\nServe the Nigerian ﬁsh rolls while they\'re still warm and enjoy them as a delicious snack or appetizer\r\nNote: You can also bake the ﬁsh rolls in a preheated oven at 350°F (175°C) for about 20-25 minutes, or until they become golden brown\r\nBrush them with egg wash before baking for a glossy appearance', NULL, 'food/1776852381_recipe_52_0.jpg', '2026-04-22 15:06:21', '2026-04-22 15:06:21'),
(150, 'NIGERIAN MEAT-PIE', '- For the dough: - 3 cups all-purpose ﬂour - ½ teaspoon salt - 1 teaspoon baking powder - 1 cup cold butter, cubed - ½ cup cold water - For the ﬁlling: - 1 pound ground beef or minced meat - 1 small onion, ﬁnely chopped - 2 medium potatoes, peeled and diced into small cubes - 1 carrot, peeled and diced into small cubes - ½ cup frozen peas (optional) - 2 tablespoons vegetable oil - 1 teaspoon curry powder - ½ teaspoon thyme - ½ teaspoon garlic powder - Salt and pepper to taste - 1-2 cups beef or chicken broth (or water) - For the egg wash: - 1 egg, beaten', 5000.00, NULL, 0, 'In a large mixing bowl, whisk together the ﬂour, salt, and baking powder\r\nAdd the cold butter cubes and use your ﬁngers or a pastry cutter to cut the butter into the ﬂour mixture until it resembles coarse crumbs\r\nGradually add the cold water, a little at a time, and mix until the dough comes together\r\nKnead the dough for a few minutes until it becomes smooth\r\nWrap it in plastic wrap and refrigerate for at least 30 minutes\r\nIn a large saucepan, heat the vegetable oil over medium heat\r\nAdd the chopped onions and sauté until translucent\r\nAdd the ground beef and cook until browned, breaking it into small pieces with a wooden spoon\r\nAdd the diced potatoes, carrots, frozen peas (if using), curry powder, thyme, garlic powder, salt, and pepper\r\nStir well to combine\r\nPour in enough beef or chicken broth (or water) to slightly cover the meat and vegetables\r\nReduce the heat to low, cover the pan, and simmer for about 15 -20 minutes or until the potatoes and carrots are tender\r\nStir occasionally and add more liquid if needed\r\nPreheat your oven to 375°F (190°C)\r\nLine a baking sheet with parchment paper\r\nOn a lightly ﬂoured surface, roll out the chilled dough to about ⅛ inch thickness\r\nUse a round cookie cutter or a small bowl to cut out circles from the dough\r\nPlace a spoonful of the meat ﬁlling onto one half of each dough circle, leaving a little space around the edges\r\nFold the dough over the ﬁlling to form a half-circle shape\r\nUse a fork to crimp and seal the edges\r\nPlace the meat pies on the prepared baking sheet and brush the tops with the beaten egg wash\r\nBake in the preheated oven for about 25-30 minutes or until the meat pies are golden brown\r\nRemove from the oven and let them cool for a few minutes before serving\r\nNigerian meat pies are enjoyed as a delicious snack or appetizer', NULL, 'food/1776852395_recipe_53_0.jpg', '2026-04-22 15:06:35', '2026-04-22 15:06:35'),
(151, 'CINEMA POPCORN', '- 1/2 cup popcorn kernels - 2 tablespoons oil (vegetable, canola, or coconut oil) - Salt or other seasonings (optional) To make popcorn, follow these simple steps:  - 1/2 cup popcorn kernels - 2 tablespoons oil (vegetable, canola, or coconut oil) - Salt or other seasonings (optional)  - Ripe bananas (2-3) - Optional add-ins: cocoa powder, vanilla extract, honey, nuts, chocolate chips, etc. (to taste)', 5000.00, NULL, 0, 'Place a large pot or saucepan with a tight-fitting lid on the stove over medium heat\r\nAdd the oil to the pot and allow it to heat up for a minute or two\r\nAdd 2-3 popcorn kernels to the pot and cover it with the lid\r\nWait for the test kernels to pop\r\nThis indicates that the oil is hot enough\r\nOnce the test kernels pop, quickly add the remaining popcorn kernels to the pot in an even layer\r\nCover the pot with the lid and shake it gently to distribute heat and prevent burning\r\nContinue shaking the pot occasionally to prevent the popcorn from sticking and burning\r\nYou will start to hear the kernels pop\r\nKeep the lid slightly ajar to allow steam to escape while keeping the popcorn inside\r\nOnce the popping slows down to 2-3 seconds between pops, remove the pot from the heat\r\nLet the pot sit for a minute to ensure any remaining kernels pop\r\nCarefully remove the lid, taking caution as hot steam may escape\r\nSeason the popcorn with salt or any other desired seasonings while it\'s still warm\r\nToss the popcorn gently to distribute the seasonings evenly\r\nAllow the popcorn to cool for a few minutes before serving\r\nNote: You can get creative with seasonings by adding melted butter, grated cheese, caramel sauce, or other spices to enhance the flavor of your popcorn\r\nJust mix them in after popping the corn and before serving\r\nPlace a large pot or saucepan with a tight-ﬁtting lid on the stove over medium heat\r\nAdd the oil to the pot and allow it to heat up for a minute or two\r\nAdd 2-3 popcorn kernels to the pot and cover it with the lid\r\nWait for the test kernels to pop\r\nThis indicates that the oil is hot enough\r\nOnce the test kernels pop, quickly add the remaining popcorn kernels to the pot in an even layer\r\nCover the pot with the lid and shake it gently to distribute heat and prevent burning\r\nContinue shaking the pot occasionally to prevent the popcorn from sticking and burning\r\nYou will start to hear the kernels pop\r\nKeep the lid slightly ajar to allow steam to escape while keeping the popcorn inside\r\nOnce the popping slows down to 2-3 seconds between pops, remove the pot from the heat\r\nLet the pot sit for a minute to ensure any remaining kernels pop\r\nCarefully remove the lid, taking caution as hot steam may escape\r\nSeason the popcorn with salt or any other desired seasonings while it\'s still warm\r\nToss the popcorn gently to distribute the seasonings evenly\r\nAllow the popcorn to cool for a few minutes before serving\r\nNote: You can get creative with seasonings by adding melted butter, grated cheese, caramel sauce, or other spices to enhance the ﬂavor of your popcorn\r\nJust mix them in after popping the corn and before serving\r\nTWO - INGREDIENTS HEALTHY BANANA ICE-CREAM  1\r\nStart by slicing the ripe bananas into small pieces and placing them in a container or ziplock bag\r\nFreeze them for about 2-4 hours or until completely frozen\r\nOnce the bananas are frozen, transfer them to a food processor or blender\r\nBlend the bananas on high speed until creamy and smooth\r\nYou may need to stop and scrape down the sides occasionally\r\nAt this stage, you can add any optional ingredients you desire, such as cocoa powder for chocolate ﬂavor, vanilla extract for extra ﬂavor, honey for sweetness, or any other add-ins of your choice\r\nBlend again to incorporate them evenly\r\nOnce you have the desired consistency and all ingredients are well mixed, transfer the mixture to a container with a lid\r\nFreeze the banana ice cream for an additional 1-2 hours or until it reaches your desired ﬁrmness\r\nScoop out the banana ice cream into bowls or cones, and it\'s ready to serve and enjoy! Note: If you prefer a softer texture, you can serve the banana ice cream immediately without freezing it for additional hours\r\nHowever, the texture will be more like a soft-serve', NULL, 'food/1776852423_recipe_54_0.jpg', '2026-04-22 15:07:03', '2026-04-22 15:07:03'),
(152, 'YOGHURT POPSICLES', '- Greek yogurt or regular plain yogurt (2 cups) - Honey, maple syrup, or any sweetener of your choice (2-3 tablespoons) - Fresh fruit (e.g., berries, sliced peaches, chopped mango, etc.) - Optional add-ins: vanilla extract, coconut ﬂakes, chocolate chips, etc.', 5000.00, NULL, 0, 'In a bowl, combine the yogurt with your chosen sweetener\r\nAdjust the sweetness according to your taste preferences\r\nIf desired, you can add a splash of vanilla extract for extra ﬂavor\r\nStir the yogurt mixture until well combined and smooth\r\nPrepare your popsicle molds and insert the sticks into the molds according to the manufacturer\'s instructions\r\nDrop a few pieces of fresh fruit or any other add-ins into each popsicle mold\r\nPour the yogurt mixture into the molds over the fruit, ﬁlling them to the top\r\nUse a spoon or popsicle stick to gently stir and distribute the fruit evenly throughout the molds\r\nTap the molds lightly on the countertop to remove any air bubbles\r\nPlace the molds in the freezer and let them freeze for at least 4-6 hours, or until completely set\r\nOnce the yogurt popsicles are fully frozen, remove them from the molds by running the molds brieﬂy under warm water to loosen the popsicles\r\nServe the yogurt popsicles immediately, or transfer them to a freezer-safe bag or container for storage\r\nNote: You can experiment with different ﬂavors by using different fruits, adding spices like cinnamon or nutmeg, or even incorporating chocolate or caramel drizzle\r\nFeel free to customize the recipe to your liking!', NULL, 'food/1776852440_recipe_55_0.jpg', '2026-04-22 15:07:20', '2026-04-22 15:07:20'),
(153, 'OREOS COOKIES POPSICLES', '- Oreo cookies (about 10-12 cookies) - Milk (2 cups) - Sweetened condensed milk (1/2 cup) - Vanilla extract (1 teaspoon) - Popsicle molds - Popsicle sticks', 5000.00, NULL, 0, 'Start by crushing the Oreo cookies\r\nYou can do this by placing the cookies in a plastic bag and crushing them with a rolling pin or using a food processor until they become ﬁne crumbs\r\nIn a blender, combine the crushed Oreo cookies, milk, sweetened condensed milk, and vanilla extract\r\nBlend until smooth and well combined\r\nPour the mixture into popsicle molds, ﬁlling them almost to the top, leaving a little space for expansion during freezing\r\nInsert the popsicle sticks into the molds\r\nIf desired, you can add additional crushed Oreo cookies as a layer or sprinkle them over the top\r\nPlace the molds in the freezer and let them freeze for at least 4-6 hours, or until fully set\r\nOnce the Oreo popsicles are frozen, remove them from the molds by running the molds brieﬂy under warm water to loosen the popsicles\r\nServe and enjoy your homemade Oreo popsicles! Note: You can also experiment with different ﬂavors by adding a drizzle of chocolate sauce, caramel sauce, or even adding chunks of Oreo cookies into the mixture before freezing\r\nFeel free to get creative and customize the recipe to your preference!', NULL, 'food/1776852446_recipe_56_0.jpg', '2026-04-22 15:07:26', '2026-04-22 15:07:26'),
(154, 'VANILLA ICE-CREAM', '- 2 cups heavy cream - 1 cup whole milk - 3/4 cup granulated sugar - 2 teaspoons pure vanilla extract - Pinch of salt', 5000.00, NULL, 0, 'In a mixing bowl, whisk together the heavy cream, whole milk, granulated sugar, vanilla extract, and salt until the sugar has completely dissolved\r\nIf you have an ice cream maker, pour the mixture into the machine and churn according to the manufacturer\'s instructions until it reaches a thick, creamy consistency\r\nThis generally takes around 20-30 minutes\r\nIf you don\'t have an ice cream maker, you can still make vanilla ice cream\r\nPour the mixture into a shallow, freezer-safe container and place it in the freezer\r\nAfter 45 minutes, remove the container from the freezer and vigorously whisk the mixture to break up any ice crystals that may have formed\r\nWhisk every 30 minutes for the next 2 -3 hours, until the ice cream is thick and creamy\r\nOnce the ice cream reaches the desired consistency, transfer it to an airtight container and place it in the freezer to harden for at least 4 hours or overnight\r\nServe the homemade vanilla ice cream in bowls or cones, and feel free to add any toppings or sauces of your choice, such as chocolate syrup, caramel, or fresh fruits\r\nEnjoy your delicious homemade vanilla ice cream!', NULL, 'food/1776852453_recipe_57_0.jpg', '2026-04-22 15:07:33', '2026-04-22 15:07:33'),
(155, 'CHOCOLATE ICE-CREAM', '- 2 cups heavy cream - 1 cup whole milk - 3/4 cup granulated sugar - 1/2 cup unsweetened cocoa powder - 4 ounces semisweet chocolate, ﬁnely chopped - 1 teaspoon pure vanilla extract - Pinch of salt', 5000.00, NULL, 0, 'In a medium saucepan, whisk together the heavy cream, whole milk, granulated sugar, cocoa powder, and salt over medium heat until the mixture is hot and the sugar has dissolved\r\nRemove the saucepan from heat and add the ﬁnely chopped chocolate\r\nStir until the chocolate has melted completely and the mixture is smooth\r\nStir in the vanilla extract\r\nTaste the mixture and adjust the sweetness if needed by adding more sugar\r\nAllow the mixture to cool for about 30 minutes, then cover and refrigerate for at least 4 hours or overnight\r\nOnce chilled, pour the mixture into an ice cream maker and churn according to the manufacturer\'s instructions until it thickens and resembles soft-serve ice cream\r\nThis usually takes around 20-30 minutes\r\nTransfer the ice cream to a lidded, freezer-safe container and freeze for at least 4 hours or overnight to allow the ice cream to ﬁrm up\r\nScoop the homemade chocolate ice cream into bowls or cones, and enjoy it on its own or with your favorite toppings, such as chocolate sauce, crushed cookies, or sprinkles\r\nNow you have a delightful batch of homemade chocolate ice cream to enjoy!', NULL, 'food/1776852461_recipe_58_0.jpg', '2026-04-22 15:07:41', '2026-04-22 15:07:41'),
(156, 'CREAMY PARFAIT', '- 1 cup of Greek yogurt or vanilla yogurt - 1 cup of fresh or frozen fruits (such as berries, sliced bananas, or diced mango) - 1/2 cup of granola or crushed cookies for layering - Honey or maple syrup for drizzling (optional)', 5000.00, NULL, 0, 'Choose a clear glass or cup for layering your parfait\r\nThis will showcase the beautiful layers\r\nStart by adding a layer of yogurt to the bottom of the cup, about 1/4 cup\r\nSmooth it out to create an even layer\r\nAdd a layer of your fruit of choice on top of the yogurt\r\nEnsure it covers the yogurt layer evenly\r\nSprinkle a layer of granola or crushed cookies on top of the fruit\r\nThis will provide a crunchy texture to the parfait\r\nRepeat the layers, starting with the yogurt, then fruit, and ﬁnally the granola or crushed cookies\r\nYou can do as many layers as you desire, depending on the size of your cup\r\nFinish off with a top layer of yogurt and smooth it out\r\nOptionally, drizzle some honey or maple syrup on top for added sweetness\r\nYou can also garnish it with some extra fruit or a sprinkle of granola\r\nRefrigerate the parfait for at least 20-30 minutes to allow the layers to set and ﬂavors to meld together\r\nServe and enjoy your delicious creamy parfait in a cup! Feel free to customize your parfait by using different combinations of fruits or adding additional toppings like nuts, coconut ﬂakes, or chocolate chips\r\nHave fun experimenting and creating your perfect parfait!', NULL, 'food/1776852469_recipe_59_0.jpg', '2026-04-22 15:07:49', '2026-04-22 15:07:49'),
(157, 'YAMARITA', '- 1 large yam - 2 eggs - 1/2 teaspoon ground pepper - 1/2 teaspoon salt - 1/2 teaspoon paprika (optional) - Vegetable oil for frying', 5000.00, NULL, 0, 'Peel the yam and cut it into thick rectangular slices about ½ inch thick\r\nYou can adjust the size and thickness of the slices to your preference\r\nIn a bowl, crack the eggs and beat them until well combined\r\nAdd the ground pepper, salt, and paprika (if using) to the beaten eggs and mix well to evenly distribute the seasonings\r\nHeat vegetable oil in a deep pot or frying pan over medium to high heat\r\nMake sure there\'s enough oil to fully submerge the yam slices while frying\r\nDip each yam slice into the seasoned egg batter, ensuring that it is fully coated on all sides\r\nCarefully lower the coated yam slices into the hot oil and fry them in batches\r\nDo not overcrowd the pot to maintain even cooking\r\nFry the yam slices until golden brown and crispy, turning them occasionally to cook evenly\r\nThis typically takes about 4-5 minutes per batch\r\nOnce cooked, remove the yamarita from the oil using a slotted spoon and place them on a paper towel-lined plate or wire rack to drain excess oil\r\nRepeat the process for the remaining yam slices until all are cooked\r\nAllow the yamarita to cool slightly before serving\r\nThey can be enjoyed as a snack or side dish and are often served with a sauce of your choice, such as ketchup, mayonnaise, or a spicy dip\r\nNote: Be cautious when handling hot oil and ensure that the yam slices are completely coated with the egg batter to prevent them from absorbing too much oil while frying', NULL, 'food/1776852475_recipe_60_0.jpg', '2026-04-22 15:07:55', '2026-04-22 15:07:55'),
(158, 'PLANTAIN FRITTATA', '- 2 ripe plantains - 6 large eggs - 1 small onion, ﬁnely chopped - 1 bell pepper, ﬁnely chopped - 1 tomato, ﬁnely chopped - 1/2 cup chopped spinach or any other leafy greens (optional) - Salt and pepper to taste - Cooking oil', 5000.00, NULL, 0, 'Preheat your oven to 350°F (175°C)\r\nPeel the plantains and slice them into rounds about 1/4 to 1/2 inch thick\r\nHeat a little oil in a frying pan over medium heat\r\nCook the plantain slices on each side until they are golden brown and slightly softened\r\nRemove the plantains from the pan and set them aside\r\nIn the same pan, add a little more oil if necessary, then sauté the chopped onion, bell pepper, and tomato until they are softened and fragrant\r\nIf you\'re using leafy greens, add them in and cook until wilted\r\nIn a separate bowl, beat the eggs until well-whisked\r\nSeason with salt and pepper to taste\r\nPour the beaten eggs over the sautéed vegetables in the pan\r\nArrange the cooked plantain slices evenly on top, gently pushing them into the egg mixture\r\nCook the frittata on the stovetop over medium-low heat for about 5 minutes, or until the edges start to set\r\nYou can leave on low heat till it gets done\r\nBut if you will like to use complete the cooking process with an oven, proceed to the next next step\r\nTransfer the pan to the preheated oven and bake the frittata for about 15-20 minutes, or until the eggs are fully set and the top is lightly golden\r\nRemove the frittata from the oven and let it cool for a few minutes\r\nCarefully slide a spatula around the edges of the pan to loosen the frittata\r\nPlace a large plate over the top of the pan and invert the frittata onto the plate\r\nSlice the plantain frittata into wedges and serve warm\r\nIt pairs well with a side salad or enjoyed on its own\r\nEnjoy your delicious plantain frittata!', NULL, 'food/1776852491_recipe_61_0.jpg', '2026-04-22 15:08:11', '2026-04-22 15:08:11'),
(159, 'NUTELLA WAFFLES', '- 1 1/2 cups all-purpose ﬂour - 2 tablespoons granulated sugar - 2 teaspoons baking powder - 1/2 teaspoon salt - 1 1/4 cups milk - 2 large eggs - 1/3 cup vegetable oil - Nutella (as desired)', 5000.00, NULL, 0, 'Preheat your waﬄe maker according to its instructions\r\nIn a mixing bowl, whisk together the ﬂour, sugar, baking powder, and salt\r\nIn a separate bowl, combine the milk, eggs, and vegetable oil\r\nWhisk until well combined\r\nPour the wet ingredients into the dry ingredient mixture and stir until just combined\r\nIt\'s okay if there are a few lumps; over-mixing can lead to tough waﬄes\r\nLightly grease the waﬄe maker with cooking spray or brush with oil\r\nPour a scoop of waﬄe batter onto the preheated waﬄe maker, following the manufacturer\'s instructions for the appropriate amount of batter\r\nClose the lid of the waﬄe maker and cook until the waﬄes are golden brown and crispy, typically around 3-4 minutes\r\nCooking times may vary, so monitor the waﬄes for your desired level of crispness\r\nOnce the waﬄes are cooked, carefully remove them from the waﬄe maker and repeat with the remaining batter\r\nTo serve, spread a desired amount of Nutella onto each waﬄe or use it as a topping\r\nYou can also add sliced bananas, strawberries, or whipped cream as additional toppings, if desired\r\nEnjoy your delicious Nutella waﬄes! They make a perfect breakfast or sweet treat', NULL, 'food/1776852502_recipe_62_0.jpg', '2026-04-22 15:08:22', '2026-04-22 15:08:22'),
(160, 'PEANUT BUTTER', '- 2 cups of roasted peanuts (unsalted)', 5000.00, NULL, 0, 'Start by thoroughly roasting the peanuts\r\nYou can either buy roasted peanuts or roast them yourself in the oven at 350°F (175°C) for around 10-12 minutes, or until they become golden and aromatic\r\nLet them cool down slightly before proceeding\r\nOnce the roasted peanuts have cooled slightly, transfer them into a food processor or a high-powered blender\r\nBlend the peanuts continuously until they break down into a ﬁne powder\r\nAt this stage, you might need to scrape down the sides of the processor or blender to ensure even blending\r\nContinue blending further, and you will notice the peanut powder transforming into a more grainy texture\r\nPause from time to time to scrape down the sides again\r\nKeep blending until the oils from the peanuts are released, and you achieve a smooth and creamy consistency\r\nThis process might take around 5-10 minutes, depending on your appliance\r\nBe patient during this stage as it is essential for achieving the desired texture\r\nIf the mixture appears too thick, you can add 1-2 tablespoons of oil (like peanut oil or vegetable oil) to help smoothen it\r\nOnce your homemade peanut butter reaches the desired consistency, taste it and, if necessary, add a pinch of salt or a sweetener like honey or sugar\r\nTransfer the freshly made peanut butter into a clean and airtight container\r\nIt can be stored at room temperature for 1-2 weeks or in the refrigerator for up to a month\r\nThat\'s it! You\'ve successfully made homemade peanut butter with just two simple ingredients\r\nEnjoy it on toast, in sandwiches, or use it in your favorite recipes', NULL, 'food/1776852512_recipe_63_0.jpg', '2026-04-22 15:08:32', '2026-04-22 15:08:32'),
(161, 'CLASSIC COSMOPOLITAN COCKTAIL', '- 1 ½ ounces (45ml) vodka - 1 ounce (30ml) cranberry juice - 1 ounce (30ml) orange liqueur (such as Cointreau or Triple Sec) - ½ ounce (15ml) freshly squeezed lime juice - Lime twist or lemon twist, for garnish - Ice cubes', 5000.00, NULL, 0, 'Fill a cocktail shaker halfway with ice cubes\r\nAdd vodka, cranberry juice, orange liqueur, and freshly squeezed lime juice into the shaker\r\nSecure the lid tightly on the shaker and shake vigorously for about 10-15 seconds to thoroughly mix the ingredients and chill the cocktail\r\nPrepare a martini glass by rubbing the rim with a lime or lemon wedge, then dip the rim into a small plate with sugar to create a sugared rim if desired\r\nStrain the contents of the shaker into the prepared martini glass\r\nGarnish your cosmopolitan with a twist of lime or lemon\r\nTake a strip of peel and twist it over the drink to release the essential oils, then place it on the rim of the glass\r\nServe your cosmopolitan chilled and enjoy the sophisticated and tangy ﬂavors\r\nNow, sit back and enjoy your cosmopolitan cocktail! Cheers!', NULL, 'food/1776852531_recipe_64_0.jpg', '2026-04-22 15:08:51', '2026-04-22 15:08:51'),
(162, 'TEQUILLA SUNRISE', '- 2 ounces (60ml) tequila - 4 ounces (120ml) orange juice - 1/2 ounce (15ml) grenadine syrup - Ice cubes - Orange slice, for garnish - Maraschino cherry, for garnish', 5000.00, NULL, 0, 'Fill a highball glass with ice cubes\r\nPour the tequila into the glass\r\nAdd the orange juice and stir well to mix\r\nSlowly pour the grenadine syrup into the glass\r\nIt will sink to the bottom and create a layered effect\r\nGarnish with an orange slice and a maraschino cherry\r\nServe and enjoy! Note: You can adjust the amount of tequila and grenadine syrup according to your taste preferences\r\nYou can also use a cocktail shaker to mix the tequila and orange juice before pouring it into the glass if you prefer it mixed instead of layered', NULL, 'food/1776852543_recipe_65_0.jpg', '2026-04-22 15:09:03', '2026-04-22 15:09:03');

-- --------------------------------------------------------

--
-- Table structure for table `product_state_prices`
--

CREATE TABLE `product_state_prices` (
  `id` bigint(20) UNSIGNED NOT NULL,
  `product_id` bigint(20) UNSIGNED NOT NULL,
  `state_id` bigint(20) UNSIGNED NOT NULL,
  `price` decimal(10,2) NOT NULL,
  `discount_price` decimal(10,2) DEFAULT NULL,
  `created_at` timestamp NULL DEFAULT NULL,
  `updated_at` timestamp NULL DEFAULT NULL
) ENGINE=InnoDB DEFAULT CHARSET=utf8mb4 COLLATE=utf8mb4_unicode_ci;

--
-- Dumping data for table `product_state_prices`
--

INSERT INTO `product_state_prices` (`id`, `product_id`, `state_id`, `price`, `discount_price`, `created_at`, `updated_at`) VALUES
(2, 20, 4, 1000.00, 500.00, '2026-03-24 20:25:07', '2026-03-24 20:25:07'),
(4, 23, 25, 4000.00, NULL, '2026-04-01 15:14:51', '2026-04-01 15:14:51'),
(5, 24, 25, 18000.00, NULL, '2026-04-01 18:10:19', '2026-04-01 18:37:45'),
(6, 25, 25, 15000.00, NULL, '2026-04-01 19:22:47', '2026-04-01 19:22:47'),
(7, 26, 25, 20000.00, NULL, '2026-04-01 20:06:06', '2026-04-01 20:06:06'),
(8, 27, 25, 8000.00, NULL, '2026-04-01 20:28:05', '2026-04-01 20:28:05'),
(9, 28, 25, 3000.00, NULL, '2026-04-01 20:37:53', '2026-04-01 20:37:53'),
(10, 29, 25, 4000.00, NULL, '2026-04-02 13:32:30', '2026-04-02 13:32:30'),
(11, 30, 25, 10000.00, NULL, '2026-04-02 14:44:55', '2026-04-02 14:44:55'),
(12, 31, 25, 10000.00, NULL, '2026-04-02 14:56:01', '2026-04-02 14:56:01'),
(13, 32, 25, 8000.00, NULL, '2026-04-02 17:33:09', '2026-04-02 17:33:09'),
(14, 33, 25, 6000.00, NULL, '2026-04-02 18:36:23', '2026-04-02 18:36:23'),
(15, 34, 25, 5000.00, NULL, '2026-04-02 19:12:13', '2026-04-02 19:12:13'),
(16, 35, 25, 10000.00, NULL, '2026-04-03 13:33:16', '2026-04-03 13:33:16'),
(17, 37, 25, 10000.00, NULL, '2026-04-03 14:07:56', '2026-04-03 14:07:56'),
(18, 38, 25, 8000.00, NULL, '2026-04-03 15:26:01', '2026-04-03 15:26:01'),
(19, 39, 25, 11000.00, NULL, '2026-04-03 15:52:50', '2026-04-03 15:52:50'),
(20, 40, 25, 9000.00, NULL, '2026-04-03 18:00:04', '2026-04-03 18:00:04'),
(21, 41, 25, 6000.00, NULL, '2026-04-03 18:22:51', '2026-04-03 18:22:51'),
(22, 42, 25, 8000.00, NULL, '2026-04-03 19:53:34', '2026-04-03 19:53:34'),
(23, 43, 25, 8000.00, NULL, '2026-04-03 20:00:09', '2026-04-03 20:00:09'),
(24, 44, 25, 9000.00, NULL, '2026-04-03 22:37:10', '2026-04-03 22:37:10'),
(25, 45, 25, 21000.00, NULL, '2026-04-06 13:50:32', '2026-04-06 14:29:20'),
(26, 46, 25, 15000.00, NULL, '2026-04-06 14:43:37', '2026-04-06 14:58:44'),
(27, 8, 25, 7000.00, NULL, '2026-04-06 17:25:51', '2026-04-06 17:25:51'),
(28, 47, 25, 21000.00, NULL, '2026-04-06 18:39:18', '2026-04-06 18:50:12'),
(29, 48, 25, 10000.00, NULL, '2026-04-06 19:36:35', '2026-04-06 20:04:04'),
(30, 49, 25, 15000.00, NULL, '2026-04-06 20:35:53', '2026-04-06 21:32:50'),
(31, 50, 25, 14000.00, NULL, '2026-04-06 21:42:55', '2026-04-06 21:42:55'),
(32, 51, 25, 8500.00, NULL, '2026-04-08 14:10:37', '2026-04-08 14:10:37'),
(33, 52, 25, 10000.00, NULL, '2026-04-08 15:25:16', '2026-04-08 15:39:33'),
(34, 53, 25, 7000.00, NULL, '2026-04-08 15:57:22', '2026-04-08 15:57:22'),
(35, 54, 25, 7000.00, NULL, '2026-04-08 16:49:01', '2026-04-08 16:49:01'),
(36, 55, 25, 18000.00, NULL, '2026-04-08 17:46:55', '2026-04-08 17:54:44'),
(37, 56, 25, 7000.00, NULL, '2026-04-08 20:45:12', '2026-04-08 20:45:12'),
(38, 57, 25, 6000.00, NULL, '2026-04-08 20:59:43', '2026-04-08 20:59:43'),
(39, 58, 25, 5000.00, NULL, '2026-04-10 14:27:35', '2026-04-10 15:31:38'),
(40, 59, 25, 7000.00, NULL, '2026-04-10 15:53:38', '2026-04-10 15:53:38'),
(41, 60, 25, 14000.00, NULL, '2026-04-10 16:16:17', '2026-04-10 16:16:17'),
(42, 61, 25, 9000.00, NULL, '2026-04-10 16:48:11', '2026-04-10 16:48:11'),
(43, 62, 25, 18000.00, NULL, '2026-04-10 18:40:54', '2026-04-10 18:40:54'),
(44, 63, 25, 15000.00, NULL, '2026-04-10 19:20:38', '2026-04-10 19:20:38'),
(45, 64, 25, 18000.00, NULL, '2026-04-10 20:46:47', '2026-04-10 20:46:47'),
(46, 65, 25, 10000.00, NULL, '2026-04-10 21:13:16', '2026-04-10 21:13:16'),
(47, 66, 25, 12000.00, NULL, '2026-04-10 21:48:33', '2026-04-10 21:48:33'),
(48, 67, 25, 13000.00, NULL, '2026-04-10 22:14:43', '2026-04-10 22:14:43'),
(49, 68, 25, 10000.00, NULL, '2026-04-15 14:50:49', '2026-04-15 14:50:49'),
(50, 69, 25, 10000.00, NULL, '2026-04-15 15:21:22', '2026-04-15 15:21:22'),
(51, 71, 25, 17000.00, NULL, '2026-04-15 19:03:38', '2026-04-15 19:03:38'),
(52, 72, 25, 12000.00, NULL, '2026-04-15 19:43:47', '2026-04-15 19:43:47'),
(53, 73, 25, 12000.00, NULL, '2026-04-15 20:12:16', '2026-04-15 20:12:16'),
(54, 74, 25, 13000.00, NULL, '2026-04-15 20:38:02', '2026-04-15 20:38:02'),
(55, 75, 25, 12000.00, NULL, '2026-04-17 15:18:14', '2026-04-17 15:18:14'),
(56, 76, 25, 11000.00, NULL, '2026-04-17 15:33:54', '2026-04-17 15:33:54'),
(57, 77, 25, 14000.00, NULL, '2026-04-17 16:55:12', '2026-04-17 16:55:12'),
(58, 78, 25, 15000.00, NULL, '2026-04-17 18:31:17', '2026-04-17 18:31:17'),
(59, 79, 25, 15000.00, NULL, '2026-04-17 19:16:21', '2026-04-17 19:16:21'),
(60, 80, 25, 14000.00, NULL, '2026-04-17 20:23:27', '2026-04-17 20:23:27'),
(61, 81, 25, 15000.00, NULL, '2026-04-20 20:36:16', '2026-04-20 20:36:16'),
(62, 96, 25, 12000.00, NULL, '2026-04-22 17:46:19', '2026-04-22 17:46:19'),
(63, 1, 25, 10000.00, NULL, '2026-04-22 18:08:29', '2026-04-22 18:08:29');

-- --------------------------------------------------------

--
-- Table structure for table `sessions`
--

CREATE TABLE `sessions` (
  `id` varchar(255) NOT NULL,
  `user_id` bigint(20) UNSIGNED DEFAULT NULL,
  `ip_address` varchar(45) DEFAULT NULL,
  `user_agent` text DEFAULT NULL,
  `payload` longtext NOT NULL,
  `last_activity` int(11) NOT NULL
) ENGINE=InnoDB DEFAULT CHARSET=utf8mb4 COLLATE=utf8mb4_unicode_ci;

--
-- Dumping data for table `sessions`
--

INSERT INTO `sessions` (`id`, `user_id`, `ip_address`, `user_agent`, `payload`, `last_activity`) VALUES
('3vJdGfqXm97mdcZ69kkeWK7K3xhoUYXJ4v6jhNNb', NULL, '158.94.211.203', 'Mozilla/5.0 (Windows NT 10.0; Win64; x64) AppleWebKit/537.36', 'YTozOntzOjY6Il90b2tlbiI7czo0MDoiSXR0bTlnelB4MGYyMEpQQnNCWHI4YnBQbUx6V0FqNmFYNlRzaWN2dSI7czo5OiJfcHJldmlvdXMiO2E6MTp7czozOiJ1cmwiO3M6MzU6Imh0dHBzOi8vd3d3LmphcmFtYXJrZXQua2VuamVmZnkuY29tIjt9czo2OiJfZmxhc2giO2E6Mjp7czozOiJvbGQiO2E6MDp7fXM6MzoibmV3IjthOjA6e319fQ==', 1777241353),
('3zAu1MuyiFck3M6Z1Q3XnrfBBwnBOZdec2zcT7io', NULL, '158.94.211.203', 'Mozilla/5.0 (Windows NT 10.0; Win64; x64) AppleWebKit/537.36', 'YTozOntzOjY6Il90b2tlbiI7czo0MDoiSXJGM1hkc29FTTBVdXRyMFRiYzhXMGxZSXYzMHhDVUV1QWllNnBneSI7czo5OiJfcHJldmlvdXMiO2E6MTp7czozOiJ1cmwiO3M6NDE6Imh0dHBzOi8vd3d3LmphcmFtYXJrZXQua2VuamVmZnkuY29tL2xvZ2luIjt9czo2OiJfZmxhc2giO2E6Mjp7czozOiJvbGQiO2E6MDp7fXM6MzoibmV3IjthOjA6e319fQ==', 1777241354),
('8o0hntcq6XkQAF5dD1qVlWDMOiLsabKVES5B7aZy', NULL, '45.148.10.174', 'Mozilla/5.0 (Macintosh; Intel Mac OS X 10_15_7) AppleWebKit/537.36 (KHTML, like Gecko) Chrome/131.0.0.0 Safari/537.36', 'YTozOntzOjY6Il90b2tlbiI7czo0MDoiMEVFZ1BQT0hWaEpWVGZMdldGWExJcVkxdGpmV241Zk1GbUpyczRmTCI7czo5OiJfcHJldmlvdXMiO2E6MTp7czozOiJ1cmwiO3M6MzU6Imh0dHBzOi8vd3d3LmphcmFtYXJrZXQua2VuamVmZnkuY29tIjt9czo2OiJfZmxhc2giO2E6Mjp7czozOiJvbGQiO2E6MDp7fXM6MzoibmV3IjthOjA6e319fQ==', 1777264186),
('AYSuRTEX9zUOThBDgVjji6q5qbHjM8eA2AA9vBUi', NULL, '149.57.180.63', 'Mozilla/5.0 (X11; Linux i686; rv:109.0) Gecko/20100101 Firefox/120.0', 'YTozOntzOjY6Il90b2tlbiI7czo0MDoiMG5ZMlZIOWpYeWgwOWZqNFJtSHBLblpNbDZsckhQN0JBZ3RZOUw3QyI7czo5OiJfcHJldmlvdXMiO2E6MTp7czozOiJ1cmwiO3M6MzU6Imh0dHBzOi8vd3d3LmphcmFtYXJrZXQua2VuamVmZnkuY29tIjt9czo2OiJfZmxhc2giO2E6Mjp7czozOiJvbGQiO2E6MDp7fXM6MzoibmV3IjthOjA6e319fQ==', 1777233650),
('blMXjUeMdAqqg5S6WyuQYQ3TaHmQIHUxqvksevFW', NULL, '45.148.10.174', 'Mozilla/5.0 (Windows NT 10.0; Win64; x64) AppleWebKit/537.36 (KHTML, like Gecko) Chrome/131.0.0.0 Safari/537.36', 'YTozOntzOjY6Il90b2tlbiI7czo0MDoiRkNBNmhESjRkRkZ1TU9VMmZhSHBrS2VhRExUTDJCNmV6WUtnQlUzWiI7czo5OiJfcHJldmlvdXMiO2E6MTp7czozOiJ1cmwiO3M6MzE6Imh0dHBzOi8vamFyYW1hcmtldC5rZW5qZWZmeS5jb20iO31zOjY6Il9mbGFzaCI7YToyOntzOjM6Im9sZCI7YTowOnt9czozOiJuZXciO2E6MDp7fX19', 1777232618),
('DJkelaZPKbCEqkhWG5ltbbvtDwZVjSCIYNpjO2y1', NULL, '158.94.211.203', 'Mozilla/5.0 (Windows NT 10.0; Win64; x64) AppleWebKit/537.36', 'YTozOntzOjY6Il90b2tlbiI7czo0MDoiMG1TOEc5SVhjcDlPdzlPakNXSzlIWEtLaW02emhlOWpsQlBhdHVrNSI7czo5OiJfcHJldmlvdXMiO2E6MTp7czozOiJ1cmwiO3M6NDE6Imh0dHBzOi8vd3d3LmphcmFtYXJrZXQua2VuamVmZnkuY29tL2xvZ2luIjt9czo2OiJfZmxhc2giO2E6Mjp7czozOiJvbGQiO2E6MDp7fXM6MzoibmV3IjthOjA6e319fQ==', 1777241356),
('DkFnizRm4AN4B80ouZex1pplTnRnsPJgTOo0Owmk', NULL, '23.27.145.8', 'Mozilla/5.0 (X11; Linux i686; rv:109.0) Gecko/20100101 Firefox/120.0', 'YTozOntzOjY6Il90b2tlbiI7czo0MDoiN2FvYTV3UFN6MW5BRnlSOE1Kb1BLMXJ1aFRjZXQ3ZmVjT3lzcjR1WSI7czo5OiJfcHJldmlvdXMiO2E6MTp7czozOiJ1cmwiO3M6Mzc6Imh0dHBzOi8vamFyYW1hcmtldC5rZW5qZWZmeS5jb20vbG9naW4iO31zOjY6Il9mbGFzaCI7YToyOntzOjM6Im9sZCI7YTowOnt9czozOiJuZXciO2E6MDp7fX19', 1777233771),
('duzB1uWeuNka8RGLBQJMW9hARH9YuaEZYfF6ZeqK', NULL, '199.45.155.109', 'Mozilla/5.0 (compatible; CensysInspect/1.1; +https://about.censys.io/)', 'YTozOntzOjY6Il90b2tlbiI7czo0MDoiRk5nZFhqU3BYODEwRWpMOGZHSGFJQjRXbzcxZkc3V1RzQU4zUkd4WSI7czo5OiJfcHJldmlvdXMiO2E6MTp7czozOiJ1cmwiO3M6MzE6Imh0dHBzOi8vamFyYW1hcmtldC5rZW5qZWZmeS5jb20iO31zOjY6Il9mbGFzaCI7YToyOntzOjM6Im9sZCI7YTowOnt9czozOiJuZXciO2E6MDp7fX19', 1777250832),
('fyb9dfSrOzNKd2USMEcsOid7a7vZn9lyU6wApJMY', NULL, '158.94.211.203', 'Mozilla/5.0 (Windows NT 10.0; Win64; x64) AppleWebKit/537.36', 'YTozOntzOjY6Il90b2tlbiI7czo0MDoiRHF4d3B6ZVBMMFd6eUJKM3I5emt4ZjVTTXp0SG1PMk5wWU1xcDdlRyI7czo5OiJfcHJldmlvdXMiO2E6MTp7czozOiJ1cmwiO3M6NDE6Imh0dHBzOi8vd3d3LmphcmFtYXJrZXQua2VuamVmZnkuY29tL2xvZ2luIjt9czo2OiJfZmxhc2giO2E6Mjp7czozOiJvbGQiO2E6MDp7fXM6MzoibmV3IjthOjA6e319fQ==', 1777241400),
('gnyZk2OfnZnKKajGXiBM7FKhwlyQJtfj5gK8Qj5n', NULL, '102.90.101.232', 'Mozilla/5.0 (X11; Linux x86_64) AppleWebKit/537.36 (KHTML, like Gecko) Chrome/145.0.0.0 Safari/537.36', 'YTozOntzOjY6Il90b2tlbiI7czo0MDoia2JJSnBlcDZ0SmVoWFN5d1d0QmlETmwzVGo4Y2hVRzFtZWYxWVlzUyI7czo5OiJfcHJldmlvdXMiO2E6MTp7czozOiJ1cmwiO3M6Mzc6Imh0dHBzOi8vamFyYW1hcmtldC5rZW5qZWZmeS5jb20vbG9naW4iO31zOjY6Il9mbGFzaCI7YToyOntzOjM6Im9sZCI7YTowOnt9czozOiJuZXciO2E6MDp7fX19', 1777242394),
('GWOxqSEWIBpi5pQ5RvYe7w270Ql8rHUspVE8H2Ct', NULL, '45.148.10.174', 'Mozilla/5.0 (Windows NT 10.0; Win64; x64) AppleWebKit/537.36 (KHTML, like Gecko) Chrome/131.0.0.0 Safari/537.36', 'YTozOntzOjY6Il90b2tlbiI7czo0MDoibjJKNk5wZnAzV2VsblFEblA1MXJGeFZiTktCWjVSZHNoTzAzTGU4MCI7czo5OiJfcHJldmlvdXMiO2E6MTp7czozOiJ1cmwiO3M6NDE6Imh0dHBzOi8vd3d3LmphcmFtYXJrZXQua2VuamVmZnkuY29tL2xvZ2luIjt9czo2OiJfZmxhc2giO2E6Mjp7czozOiJvbGQiO2E6MDp7fXM6MzoibmV3IjthOjA6e319fQ==', 1777264185),
('hp4znmy4RQWI62UjIWP6wft0BgVq29rEfvhpp6bJ', NULL, '85.11.167.133', 'Mozilla/5.0 (Macintosh; Intel Mac OS X 10_15_7) AppleWebKit/537.36 (KHTML, like Gecko) Chrome/131.0.0.0 Safari/537.36', 'YTozOntzOjY6Il90b2tlbiI7czo0MDoiaG9GUWpvdUdQNldhQ1NBZFo1empCdGk3bUg1TWljM1F6VnBGaUY5ViI7czo5OiJfcHJldmlvdXMiO2E6MTp7czozOiJ1cmwiO3M6NDE6Imh0dHBzOi8vamFyYW1hcmtldC5rZW5qZWZmeS5jb20vaW5kZXgucGhwIjt9czo2OiJfZmxhc2giO2E6Mjp7czozOiJvbGQiO2E6MDp7fXM6MzoibmV3IjthOjA6e319fQ==', 1777239346),
('HZfelNs0jOJYbszmAWf4BEqvHOEYdk1llz9G50cy', NULL, '158.94.211.203', 'Mozilla/5.0 (Windows NT 10.0; Win64; x64) AppleWebKit/537.36', 'YTozOntzOjY6Il90b2tlbiI7czo0MDoiVWx2MnRrYkM2U1VZU00xMnJHQUN1QzRSWDVJQVg0czdyTDZCWkplcCI7czo5OiJfcHJldmlvdXMiO2E6MTp7czozOiJ1cmwiO3M6MzU6Imh0dHBzOi8vd3d3LmphcmFtYXJrZXQua2VuamVmZnkuY29tIjt9czo2OiJfZmxhc2giO2E6Mjp7czozOiJvbGQiO2E6MDp7fXM6MzoibmV3IjthOjA6e319fQ==', 1777241399),
('IbtM52pZXUaFBALYpuHTm9qYPAKNDamwfyKLewci', NULL, '45.148.10.174', 'Mozilla/5.0 (Macintosh; Intel Mac OS X 10_15_7) AppleWebKit/537.36 (KHTML, like Gecko) Chrome/131.0.0.0 Safari/537.36', 'YTozOntzOjY6Il90b2tlbiI7czo0MDoiQlJYUTRsbHFGdFlsZDZ1YTRsRFJqVFd4M0xsMHFtNVV4endkZjZsVCI7czo5OiJfcHJldmlvdXMiO2E6MTp7czozOiJ1cmwiO3M6NDE6Imh0dHBzOi8vd3d3LmphcmFtYXJrZXQua2VuamVmZnkuY29tL2xvZ2luIjt9czo2OiJfZmxhc2giO2E6Mjp7czozOiJvbGQiO2E6MDp7fXM6MzoibmV3IjthOjA6e319fQ==', 1777264186),
('iYwKYUDzJgAG5u0Wn1HDDlNtt3uzCJBbY3PaVUJR', NULL, '3.106.121.244', 'Mozilla/5.0 (Windows NT 10.0; Win64; x64) AppleWebKit/537.36 (KHTML, like Gecko) Chrome/131.0.0.0 Safari/537.36', 'YTozOntzOjY6Il90b2tlbiI7czo0MDoiNEFWeHd5QjlmVGh3dzZaQXZqZTJmaTI2NXF1QUFPRzJXSkpWUmZ0ZSI7czo5OiJfcHJldmlvdXMiO2E6MTp7czozOiJ1cmwiO3M6MzU6Imh0dHBzOi8vd3d3LmphcmFtYXJrZXQua2VuamVmZnkuY29tIjt9czo2OiJfZmxhc2giO2E6Mjp7czozOiJvbGQiO2E6MDp7fXM6MzoibmV3IjthOjA6e319fQ==', 1777275851),
('Jrk8y0hKVpWLBElbVBlefa6QAipFKKovcbCj8ZVk', NULL, '13.41.200.203', 'Mozilla/5.0 (Macintosh; Intel Mac OS X 10_15_7) AppleWebKit/537.36 (KHTML, like Gecko) Chrome/131.0.0.0 Safari/537.36', 'YTozOntzOjY6Il90b2tlbiI7czo0MDoibnN0dElTRjdIaUhUTXBuemJId2lHdVBpcjhxblVnamM4S1RtcHhRTCI7czo5OiJfcHJldmlvdXMiO2E6MTp7czozOiJ1cmwiO3M6MzE6Imh0dHBzOi8vamFyYW1hcmtldC5rZW5qZWZmeS5jb20iO31zOjY6Il9mbGFzaCI7YToyOntzOjM6Im9sZCI7YTowOnt9czozOiJuZXciO2E6MDp7fX19', 1777263338),
('qL1v14wYDuMDQucDSdUIsbAS0EBP9sOW4aKCS6GM', NULL, '45.148.10.174', 'Mozilla/5.0 (Windows NT 10.0; Win64; x64) AppleWebKit/537.36 (KHTML, like Gecko) Chrome/131.0.0.0 Safari/537.36', 'YTozOntzOjY6Il90b2tlbiI7czo0MDoiTDB2RzdYQ1ZSNDl6eDZLNEd4dU9VaEk0MzFQNmJ3aVpFN0gzWFdIZyI7czo5OiJfcHJldmlvdXMiO2E6MTp7czozOiJ1cmwiO3M6MzU6Imh0dHBzOi8vd3d3LmphcmFtYXJrZXQua2VuamVmZnkuY29tIjt9czo2OiJfZmxhc2giO2E6Mjp7czozOiJvbGQiO2E6MDp7fXM6MzoibmV3IjthOjA6e319fQ==', 1777264185),
('RTxaSsLHnJBUOOWCEOkmDIzQWw8DfXR4RUcWhOjj', NULL, '102.90.101.232', 'PostmanRuntime/7.49.1', 'YTozOntzOjY6Il90b2tlbiI7czo0MDoiNG8zV081YXVPWnQ3Y29wdHpLZHpLbDVBbFlhWGJPQkVGYXBqVTdhayI7czo5OiJfcHJldmlvdXMiO2E6MTp7czozOiJ1cmwiO3M6Mzc6Imh0dHBzOi8vamFyYW1hcmtldC5rZW5qZWZmeS5jb20vbG9naW4iO31zOjY6Il9mbGFzaCI7YToyOntzOjM6Im9sZCI7YTowOnt9czozOiJuZXciO2E6MDp7fX19', 1777242227),
('SpqfL9JHbYlPlhw2638mQZgCzybxx9ugWJhT5BIR', NULL, '158.94.211.203', 'Mozilla/5.0 (Windows NT 10.0; Win64; x64) AppleWebKit/537.36', 'YTozOntzOjY6Il90b2tlbiI7czo0MDoiU0FXNDExRzlaYW53RmFMcG5yN3pSd3VkVHRVdHZGSThEZlNueU5yZyI7czo5OiJfcHJldmlvdXMiO2E6MTp7czozOiJ1cmwiO3M6MzU6Imh0dHBzOi8vd3d3LmphcmFtYXJrZXQua2VuamVmZnkuY29tIjt9czo2OiJfZmxhc2giO2E6Mjp7czozOiJvbGQiO2E6MDp7fXM6MzoibmV3IjthOjA6e319fQ==', 1777241353),
('TaXdLy6Jm4feK1i9pvXxJ564xXrzHdJnTzJ7Rdkz', NULL, '158.94.211.203', 'Mozilla/5.0 (Windows NT 10.0; Win64; x64) AppleWebKit/537.36', 'YTozOntzOjY6Il90b2tlbiI7czo0MDoidmxxNERCT2RVakllOXY0ejZVZnFwbjNuNXJkTElUT2t6cG15VlhSNiI7czo5OiJfcHJldmlvdXMiO2E6MTp7czozOiJ1cmwiO3M6MzU6Imh0dHBzOi8vd3d3LmphcmFtYXJrZXQua2VuamVmZnkuY29tIjt9czo2OiJfZmxhc2giO2E6Mjp7czozOiJvbGQiO2E6MDp7fXM6MzoibmV3IjthOjA6e319fQ==', 1777241356),
('TpIBFCMnaWGMXdPkDNMRWUMfbVM0FakNySFczZwg', NULL, '56.155.99.202', 'Mozilla/5.0 (X11; Linux x86_64) AppleWebKit/537.36 (KHTML, like Gecko) Chrome/131.0.0.0 Safari/537.36', 'YTozOntzOjY6Il90b2tlbiI7czo0MDoiM0FKUjA4d2hDczB4UHZmSE1ERVFpdE1GSVRDSGtLUkhGc2lST2x3RyI7czo5OiJfcHJldmlvdXMiO2E6MTp7czozOiJ1cmwiO3M6MzE6Imh0dHBzOi8vamFyYW1hcmtldC5rZW5qZWZmeS5jb20iO31zOjY6Il9mbGFzaCI7YToyOntzOjM6Im9sZCI7YTowOnt9czozOiJuZXciO2E6MDp7fX19', 1777256000),
('U8Wx7nS2Vg26retZ8FtzNN4PHnxCO8dkCCtI3nLj', NULL, '199.45.155.109', 'Mozilla/5.0 (compatible; CensysInspect/1.1; +https://about.censys.io/)', 'YTozOntzOjY6Il90b2tlbiI7czo0MDoiMFJhRldyd0hES05zNjNsV2wwNTlNOFY4MmFVU0VtdzJWd0ZGMUtYcyI7czo5OiJfcHJldmlvdXMiO2E6MTp7czozOiJ1cmwiO3M6Mzc6Imh0dHBzOi8vamFyYW1hcmtldC5rZW5qZWZmeS5jb20vbG9naW4iO31zOjY6Il9mbGFzaCI7YToyOntzOjM6Im9sZCI7YTowOnt9czozOiJuZXciO2E6MDp7fX19', 1777250839),
('uboCq5AkevzwgwcTXnfcrjiAfgIkIEmWUTT4Cd0G', NULL, '93.123.109.214', 'Mozilla/5.0 (Windows NT 10.0; Win64; x64) AppleWebKit/537.36 (KHTML, like Gecko) Chrome/131.0.0.0 Safari/537.36', 'YTozOntzOjY6Il90b2tlbiI7czo0MDoiVVJ0WThyWDJxSU9QaTdvZlpxUEVjYllHRGZJRTVQRUdkcXVibjlKRyI7czo5OiJfcHJldmlvdXMiO2E6MTp7czozOiJ1cmwiO3M6MzE6Imh0dHBzOi8vamFyYW1hcmtldC5rZW5qZWZmeS5jb20iO31zOjY6Il9mbGFzaCI7YToyOntzOjM6Im9sZCI7YTowOnt9czozOiJuZXciO2E6MDp7fX19', 1777260462),
('VBctqVLk6dCHP7ehnmmibfMx5dzxOwpxj7i4iy8W', NULL, '45.148.10.174', 'Mozilla/5.0 (Windows NT 10.0; Win64; x64) AppleWebKit/537.36 (KHTML, like Gecko) Chrome/131.0.0.0 Safari/537.36', 'YTozOntzOjY6Il90b2tlbiI7czo0MDoiWnI1TnFEWVNkMnAycHRUTkhnejNBT1JLdTZreFNhdHl3ZHBZN0hPSCI7czo5OiJfcHJldmlvdXMiO2E6MTp7czozOiJ1cmwiO3M6Mzc6Imh0dHBzOi8vamFyYW1hcmtldC5rZW5qZWZmeS5jb20vbG9naW4iO31zOjY6Il9mbGFzaCI7YToyOntzOjM6Im9sZCI7YTowOnt9czozOiJuZXciO2E6MDp7fX19', 1777232619);

-- --------------------------------------------------------

--
-- Table structure for table `settings`
--

CREATE TABLE `settings` (
  `id` bigint(20) UNSIGNED NOT NULL,
  `key` varchar(255) NOT NULL,
  `value` text DEFAULT NULL,
  `created_at` timestamp NULL DEFAULT NULL,
  `updated_at` timestamp NULL DEFAULT NULL
) ENGINE=InnoDB DEFAULT CHARSET=utf8mb4 COLLATE=utf8mb4_unicode_ci;

--
-- Dumping data for table `settings`
--

INSERT INTO `settings` (`id`, `key`, `value`, `created_at`, `updated_at`) VALUES
(1, 'site_name', 'JaraMarket', '2025-09-11 15:13:45', '2025-09-11 15:13:45'),
(2, 'site_description', 'Your favorite food delivery service', '2025-09-11 15:13:45', '2025-09-11 15:13:45'),
(3, 'contact_email', 'contact@jara.com', '2025-09-11 15:13:45', '2025-09-11 15:19:44'),
(4, 'contact_phone', '+234 7068628887', '2025-09-11 15:13:45', '2025-09-11 15:19:44'),
(5, 'address', '123 Main St, Anytown, CA 12345', '2025-09-11 15:13:45', '2025-09-11 15:13:45'),
(6, 'currency', '₦', '2025-09-11 15:13:45', '2025-09-11 15:48:11'),
(7, 'tax_rate', '7.5', '2025-09-11 15:13:45', '2025-09-11 15:51:38'),
(8, 'shipping_fee', '600', '2025-09-11 15:13:45', '2025-09-11 15:48:11'),
(9, 'social_facebook', 'https://facebook.com/JaraMarket', '2025-09-11 15:13:45', '2025-09-11 15:19:44'),
(10, 'social_twitter', 'https://twitter.com/JaraMarket', '2025-09-11 15:19:44', '2025-09-11 15:19:44'),
(11, 'social_instagram', 'https://instagram.com/JaraMarket', '2025-09-11 15:19:44', '2025-09-11 15:19:44'),
(12, 'support_email', 'support@jara.com', '2025-09-11 15:44:53', '2025-09-11 15:44:53'),
(13, 'social_youtube', 'https://youtube.com/JaraMarket', '2025-09-11 15:44:53', '2025-09-11 15:44:53'),
(14, 'social_tiktok', 'https://tiktok.com/@JaraMarket', '2025-09-11 15:44:53', '2025-09-11 15:44:53'),
(15, 'order_statuses', 'pending\r\nprocessing\r\ncompleted\r\ncancelled', '2025-09-11 15:48:11', '2025-09-11 16:21:51'),
(16, 'payment_methods', 'wallet', '2025-09-11 15:57:50', '2025-09-11 17:31:05'),
(17, 'minimum_order_amount', '4000', '2025-09-11 16:55:21', '2025-09-11 17:33:25'),
(18, 'first_order_bonus', '15', '2025-09-11 16:55:21', '2025-09-11 17:30:46'),
(19, 'repeat_order_bonus', '8', '2025-09-11 16:55:21', '2025-09-11 17:30:46'),
(20, 'timezone', 'UTC', '2025-09-11 17:33:38', '2025-09-11 18:06:49'),
(21, 'company_logo', 'logo/1776003290_1775918015_jarafav.png', '2026-01-04 16:04:11', '2026-04-12 19:14:50'),
(22, 'favicon_logo', 'logo/1776003290_1775918015_jarafav.png', '2026-01-04 16:04:11', '2026-04-12 19:14:50'),
(23, 'storage_disk', 'public', '2026-04-12 19:08:04', '2026-04-12 19:08:04'),
(24, 's3_bucket', '', '2026-04-12 19:08:04', '2026-04-12 19:08:04'),
(25, 's3_region', 'us-east-1', '2026-04-12 19:08:04', '2026-04-12 19:08:04'),
(26, 's3_access_key', '', '2026-04-12 19:08:04', '2026-04-12 19:08:04'),
(27, 's3_secret_key', '', '2026-04-12 19:08:04', '2026-04-12 19:08:04'),
(28, 's3_url', '', '2026-04-12 19:08:04', '2026-04-12 19:08:04'),
(29, 's3_endpoint', '', '2026-04-12 19:08:04', '2026-04-12 19:08:04');

-- --------------------------------------------------------

--
-- Table structure for table `states`
--

CREATE TABLE `states` (
  `id` bigint(20) UNSIGNED NOT NULL,
  `name` varchar(191) NOT NULL,
  `country_id` bigint(20) UNSIGNED NOT NULL DEFAULT 1,
  `created_at` timestamp NULL DEFAULT NULL,
  `updated_at` timestamp NULL DEFAULT NULL
) ENGINE=InnoDB DEFAULT CHARSET=utf8mb4 COLLATE=utf8mb4_unicode_ci;

--
-- Dumping data for table `states`
--

INSERT INTO `states` (`id`, `name`, `country_id`, `created_at`, `updated_at`) VALUES
(1, 'Abia', 1, '2025-05-29 18:20:00', '2025-05-29 18:20:00'),
(2, 'Adamawa', 1, '2025-05-29 18:20:00', '2025-05-29 18:20:00'),
(3, 'Anambra', 1, '2025-05-29 18:20:00', '2025-05-29 18:20:00'),
(4, 'Akwa Ibom', 1, '2025-05-29 18:20:00', '2025-05-29 18:20:00'),
(5, 'Bauchi', 1, '2025-05-29 18:20:00', '2025-05-29 18:20:00'),
(6, 'Bayelsa', 1, '2025-05-29 18:20:00', '2025-05-29 18:20:00'),
(7, 'Benue', 1, '2025-05-29 18:20:00', '2025-05-29 18:20:00'),
(8, 'Borno', 1, '2025-05-29 18:20:00', '2025-05-29 18:20:00'),
(9, 'Cross River', 1, '2025-05-29 18:20:00', '2025-05-29 18:20:00'),
(10, 'Delta', 1, '2025-05-29 18:20:00', '2025-05-29 18:20:00'),
(11, 'Ebonyi', 1, '2025-05-29 18:20:00', '2025-05-29 18:20:00'),
(12, 'Enugu', 1, '2025-05-29 18:20:00', '2025-05-29 18:20:00'),
(13, 'Edo', 1, '2025-05-29 18:20:00', '2025-05-29 18:20:00'),
(14, 'Ekiti', 1, '2025-05-29 18:20:00', '2025-05-29 18:20:00'),
(15, 'FCT - Abuja', 1, '2025-05-29 18:20:00', '2025-05-29 18:20:00'),
(16, 'Gombe', 1, '2025-05-29 18:20:00', '2025-05-29 18:20:00'),
(17, 'Imo', 1, '2025-05-29 18:20:00', '2025-05-29 18:20:00'),
(18, 'Jigawa', 1, '2025-05-29 18:20:00', '2025-05-29 18:20:00'),
(19, 'Kaduna', 1, '2025-05-29 18:20:00', '2025-05-29 18:20:00'),
(20, 'Kano', 1, '2025-05-29 18:20:00', '2025-05-29 18:20:00'),
(21, 'Katsina', 1, '2025-05-29 18:20:00', '2025-05-29 18:20:00'),
(22, 'Kebbi', 1, '2025-05-29 18:20:00', '2025-05-29 18:20:00'),
(23, 'Kogi', 1, '2025-05-29 18:20:00', '2025-05-29 18:20:00'),
(24, 'Kwara', 1, '2025-05-29 18:20:00', '2025-05-29 18:20:00'),
(25, 'Lagos', 1, '2025-05-29 18:20:00', '2025-05-29 18:20:00'),
(26, 'Nasarawa', 1, '2025-05-29 18:20:00', '2025-05-29 18:20:00'),
(27, 'Niger', 1, '2025-05-29 18:20:00', '2025-05-29 18:20:00'),
(28, 'Ogun', 1, '2025-05-29 18:20:00', '2025-05-29 18:20:00'),
(29, 'Ondo', 1, '2025-05-29 18:20:00', '2025-05-29 18:20:00'),
(30, 'Osun', 1, '2025-05-29 18:20:00', '2025-05-29 18:20:00'),
(31, 'Oyo', 1, '2025-05-29 18:20:00', '2025-05-29 18:20:00'),
(32, 'Plateau', 1, '2025-05-29 18:20:00', '2025-05-29 18:20:00'),
(33, 'Rivers', 1, '2025-05-29 18:20:00', '2025-05-29 18:20:00'),
(34, 'Sokoto', 1, '2025-05-29 18:20:00', '2025-05-29 18:20:00'),
(35, 'Taraba', 1, '2025-05-29 18:20:00', '2025-05-29 18:20:00'),
(36, 'Yobe', 1, '2025-05-29 18:20:00', '2025-05-29 18:20:00'),
(37, 'Zamfara', 1, '2025-05-29 18:20:00', '2025-05-29 18:20:00');

-- --------------------------------------------------------

--
-- Table structure for table `state_representatives`
--

CREATE TABLE `state_representatives` (
  `id` bigint(20) UNSIGNED NOT NULL,
  `name` varchar(255) NOT NULL,
  `email` varchar(255) NOT NULL,
  `phone` varchar(255) NOT NULL,
  `state` varchar(255) NOT NULL,
  `lga` varchar(255) NOT NULL,
  `address` text NOT NULL,
  `is_active` tinyint(1) NOT NULL DEFAULT 1,
  `created_at` timestamp NULL DEFAULT NULL,
  `updated_at` timestamp NULL DEFAULT NULL
) ENGINE=InnoDB DEFAULT CHARSET=utf8mb4 COLLATE=utf8mb4_unicode_ci;

-- --------------------------------------------------------

--
-- Table structure for table `steps`
--

CREATE TABLE `steps` (
  `id` bigint(20) UNSIGNED NOT NULL,
  `product_id` bigint(20) UNSIGNED NOT NULL,
  `description` text NOT NULL,
  `created_at` timestamp NULL DEFAULT NULL,
  `updated_at` timestamp NULL DEFAULT NULL
) ENGINE=InnoDB DEFAULT CHARSET=utf8mb4 COLLATE=utf8mb4_unicode_ci;

-- --------------------------------------------------------

--
-- Table structure for table `supports`
--

CREATE TABLE `supports` (
  `id` bigint(20) UNSIGNED NOT NULL,
  `user_id` bigint(20) UNSIGNED NOT NULL,
  `message` text NOT NULL,
  `attachment` varchar(191) DEFAULT NULL,
  `status` enum('pending','answered','cancelled') NOT NULL DEFAULT 'pending',
  `created_at` timestamp NULL DEFAULT NULL,
  `updated_at` timestamp NULL DEFAULT NULL
) ENGINE=InnoDB DEFAULT CHARSET=utf8mb4 COLLATE=utf8mb4_unicode_ci;

--
-- Dumping data for table `supports`
--

INSERT INTO `supports` (`id`, `user_id`, `message`, `attachment`, `status`, `created_at`, `updated_at`) VALUES
(1, 1, 'Great — to support file uploads (e.g. PDF, PNG, JPG) in help/support messages, we’ll enhance the setup to:\n\nAccept optional file attachments\n\nStore them securely\n\nReturn file URLs in the resource response', NULL, 'pending', '2025-06-14 22:28:34', '2025-06-14 22:28:34'),
(2, 1, 'Great — to support file uploads (e.g. PDF, PNG, JPG) in help/support messages, we’ll enhance the setup to:\n\nAccept optional file attachments\n\nStore them securely\n\nReturn file URLs in the resource response', '/storage/supports/1749940139_image.png', 'pending', '2025-06-14 22:28:59', '2025-06-14 22:28:59');

-- --------------------------------------------------------

--
-- Table structure for table `transaction_logs`
--

CREATE TABLE `transaction_logs` (
  `id` bigint(20) UNSIGNED NOT NULL,
  `account_owner_type` varchar(191) NOT NULL,
  `account_owner_id` bigint(20) UNSIGNED NOT NULL,
  `owner_type` varchar(191) DEFAULT NULL,
  `owner_id` bigint(20) UNSIGNED DEFAULT NULL,
  `reference` varchar(191) NOT NULL,
  `transaction_type` varchar(191) NOT NULL,
  `amount` double NOT NULL,
  `old_balance` double NOT NULL,
  `new_balance` double NOT NULL,
  `status` varchar(191) DEFAULT NULL,
  `currency` varchar(191) DEFAULT NULL,
  `is_refund` tinyint(1) NOT NULL DEFAULT 0,
  `has_refund` tinyint(1) DEFAULT NULL,
  `wallet_id` bigint(20) UNSIGNED DEFAULT NULL,
  `comment` text DEFAULT NULL,
  `created_at` timestamp NULL DEFAULT NULL,
  `updated_at` timestamp NULL DEFAULT NULL
) ENGINE=InnoDB DEFAULT CHARSET=utf8mb4 COLLATE=utf8mb4_unicode_ci;

--
-- Dumping data for table `transaction_logs`
--

INSERT INTO `transaction_logs` (`id`, `account_owner_type`, `account_owner_id`, `owner_type`, `owner_id`, `reference`, `transaction_type`, `amount`, `old_balance`, `new_balance`, `status`, `currency`, `is_refund`, `has_refund`, `wallet_id`, `comment`, `created_at`, `updated_at`) VALUES
(2, 'App\\Models\\User', 1, 'App\\Models\\Order', 2, 'JARA_ORD_2421293242061748688152', 'debit', 5000, 0, -5000, NULL, 'NGN', 0, 0, 3, NULL, '2025-05-31 10:42:32', '2025-05-31 10:42:32'),
(3, 'App\\Models\\User', 1, 'App\\Models\\Order', 3, 'JARA_ORD_546701270441748688997', 'debit', 5000, -5000, -10000, NULL, 'NGN', 0, 0, 3, NULL, '2025-05-31 10:56:37', '2025-05-31 10:56:37'),
(4, 'App\\Models\\User', 1, 'App\\Models\\Order', 4, 'JARA_ORD_1148313911241748689289', 'debit', 5000, -10000, -15000, NULL, 'NGN', 0, 0, 3, NULL, '2025-05-31 11:01:29', '2025-05-31 11:01:29'),
(5, 'App\\Models\\User', 1, 'App\\Models\\Order', 5, 'JARA_ORD_967597435211748689372', 'debit', 5000, -15000, -20000, NULL, 'NGN', 0, 0, 3, NULL, '2025-05-31 11:02:52', '2025-05-31 11:02:52'),
(6, 'App\\Models\\User', 1, 'App\\Models\\Order', 6, 'JARA_ORD_6328415329781748689433', 'debit', 5000, -20000, -25000, NULL, 'NGN', 0, 0, 3, NULL, '2025-05-31 11:03:53', '2025-05-31 11:03:53'),
(7, 'App\\Models\\User', 1, 'App\\Models\\Order', 7, 'JARA_ORD_5705160651091748689713', 'debit', 5000, -25000, 5000, NULL, 'NGN', 0, 0, 3, NULL, '2025-05-31 11:08:33', '2025-05-31 11:08:33'),
(8, 'App\\Models\\User', 1, 'App\\Models\\Order', 2, 'JARA_ORD_8276085398551748694259', 'credit', 5000, 5000, 10000, NULL, 'NGN', 1, 0, 3, NULL, '2025-05-31 12:24:19', '2025-05-31 12:24:19'),
(9, 'App\\Models\\User', 1, 'App\\Models\\Order', 8, 'JARA_ORD_109533748861748855107', 'debit', 5000, 10000, 5000, NULL, 'NGN', 0, 0, 3, NULL, '2025-06-02 09:05:07', '2025-06-02 09:05:07'),
(11, 'App\\Models\\User', 2, 'App\\Models\\Order', 7, 'JARA_ORD_2185701757548958', 'credit', 50, 0, 50, NULL, 'NGN', 1, 0, 4, NULL, '2025-09-11 00:02:38', '2025-09-11 00:02:38'),
(12, 'App\\Models\\User', 1, 'App\\Models\\Order', 2, 'JARA_ORD_5010501757549650', 'credit', 5600, 5000, 10600, NULL, 'NGN', 1, 0, 3, NULL, '2025-09-11 00:14:10', '2025-09-11 00:14:10'),
(13, 'App\\Models\\User', 2, 'App\\Models\\Order', 2, 'JARA_ORD_5832671757549650', 'credit', 70, 50, 120, NULL, 'NGN', 1, 0, 4, NULL, '2025-09-11 00:14:10', '2025-09-11 00:14:10'),
(14, 'App\\Models\\User', 1, 'App\\Models\\Order', 2, 'JARA_ORD_7152551757549835', 'credit', 5600, 10600, 16200, NULL, 'NGN', 1, 0, 3, NULL, '2025-09-11 00:17:15', '2025-09-11 00:17:15'),
(15, 'App\\Models\\User', 2, 'App\\Models\\Order', 2, 'JARA_ORD_1778021757549835', 'credit', 70, 120, 190, NULL, 'NGN', 1, 0, 4, NULL, '2025-09-11 00:17:15', '2025-09-11 00:17:15'),
(16, 'App\\Models\\User', 1, 'App\\Models\\Order', 2, 'JARA_ORD_4323581757550172', 'credit', 5600, 16200, 21800, NULL, 'NGN', 1, 0, 3, NULL, '2025-09-11 00:22:52', '2025-09-11 00:22:52'),
(17, 'App\\Models\\User', 2, 'App\\Models\\Order', 2, 'JARA_ORD_1969451757550172', 'credit', 70, 190, 260, NULL, 'NGN', 1, 0, 4, NULL, '2025-09-11 00:22:52', '2025-09-11 00:22:52'),
(19, 'App\\Models\\User', 3, 'App\\Models\\Order', 10, 'JARA_ORD_4934631757615239', 'debit', 10000, 50000, 40000, NULL, 'NGN', 0, 0, 5, NULL, '2025-09-11 17:27:19', '2025-09-11 17:27:19'),
(20, 'App\\Models\\User', 3, 'App\\Models\\Order', 11, 'JARA_ORD_2922421757615638', 'debit', 10000, 40000, 30000, NULL, 'NGN', 0, 0, 5, NULL, '2025-09-11 17:33:58', '2025-09-11 17:33:58'),
(21, 'App\\Models\\User', 3, 'App\\Models\\Order', 12, 'JARA_ORD_4059571757626947', 'debit', 10000, 30000, 20000, NULL, 'NGN', 0, 0, 5, NULL, '2025-09-11 20:42:27', '2025-09-11 20:42:27'),
(22, 'App\\Models\\User', 3, 'App\\Models\\Order', 13, 'JARA_ORD_6741001757627502', 'debit', 10000, 20000, 10000, NULL, 'NGN', 0, 0, 5, NULL, '2025-09-11 20:51:42', '2025-09-11 20:51:42'),
(23, 'App\\Models\\User', 3, 'App\\Models\\Order', 14, 'JARA_ORD_3348561757627667', 'debit', 10000, 10000, 0, NULL, 'NGN', 0, 0, 5, NULL, '2025-09-11 20:54:27', '2025-09-11 20:54:27'),
(24, 'App\\Models\\User', 3, 'App\\Models\\Order', 15, 'JARA_ORD_2120951757627809', 'debit', 10000, 500000, 490000, NULL, 'NGN', 0, 0, 5, NULL, '2025-09-11 20:56:49', '2025-09-11 20:56:49'),
(25, 'App\\Models\\User', 3, 'App\\Models\\Order', 16, 'JARA_ORD_5364771757627968', 'debit', 10000, 490000, 480000, NULL, 'NGN', 0, 0, 5, NULL, '2025-09-11 20:59:28', '2025-09-11 20:59:28'),
(26, 'App\\Models\\User', 3, 'App\\Models\\Order', 17, 'JARA_ORD_3358271757628130', 'debit', 10000, 480000, 470000, NULL, 'NGN', 0, 0, 5, NULL, '2025-09-11 21:02:10', '2025-09-11 21:02:10'),
(28, 'App\\Models\\User', 3, 'App\\Models\\Order', 19, 'JARA_ORD_5628821757628284', 'debit', 10000, 470000, 460000, NULL, 'NGN', 0, 0, 5, NULL, '2025-09-11 21:04:44', '2025-09-11 21:04:44'),
(30, 'App\\Models\\User', 3, 'App\\Models\\Order', 21, 'JARA_ORD_5153731757629776', 'debit', 10000, 460000, 450000, NULL, 'NGN', 0, 0, 5, NULL, '2025-09-11 21:29:36', '2025-09-11 21:29:36'),
(31, 'App\\Models\\User', 3, 'App\\Models\\Order', 22, 'JARA_ORD_2736541757629905', 'debit', 10000, 450000, 440000, NULL, 'NGN', 0, 0, 5, NULL, '2025-09-11 21:31:45', '2025-09-11 21:31:45'),
(32, 'App\\Models\\User', 3, 'App\\Models\\Order', 23, 'JARA_ORD_5215631757631778', 'debit', 10000, 440000, 430000, NULL, 'NGN', 0, 0, 5, NULL, '2025-09-11 22:02:58', '2025-09-11 22:02:58'),
(33, 'App\\Models\\User', 1, 'App\\Models\\Order', 23, 'JARA_ORD_1681271757631907', 'credit', 124, 21800, 21924, NULL, 'NGN', 1, 0, 3, NULL, '2025-09-11 22:05:07', '2025-09-11 22:05:07'),
(34, 'App\\Models\\User', 3, NULL, NULL, 'JARA_ORD_7995771757677710', 'debit', 5000, 430000, 425000, NULL, 'NGN', 0, 0, 5, 'withdraw to bank', '2025-09-12 10:48:30', '2025-09-12 10:48:30'),
(45, 'App\\Models\\User', 10, 'App\\Models\\Order', 34, 'JARA_ORD_7201191775233175', 'debit', 12500, 584000, 571500, NULL, 'NGN', 0, 0, 11, NULL, '2026-04-03 20:19:35', '2026-04-03 20:19:35'),
(46, 'App\\Models\\User', 10, 'App\\Models\\Order', 35, 'JARA_ORD_9771071775243105', 'debit', 4200, 577500, 573300, NULL, 'NGN', 0, 0, 11, NULL, '2026-04-03 23:05:05', '2026-04-03 23:05:05'),
(47, 'App\\Models\\User', 10, 'App\\Models\\Order', 36, 'JARA_ORD_9700451775243512', 'debit', 6500, 573300, 566800, NULL, 'NGN', 0, 0, 11, NULL, '2026-04-03 23:11:52', '2026-04-03 23:11:52'),
(48, 'App\\Models\\User', 21, 'App\\Models\\Order', 37, 'JARA_ORD_3833961775247173', 'debit', 8000, 200000, 192000, NULL, 'NGN', 0, 0, 22, NULL, '2026-04-04 00:12:53', '2026-04-04 00:12:53'),
(49, 'App\\Models\\User', 10, 'App\\Models\\Order', 38, 'JARA_ORD_5678921775310139', 'debit', 9500, 601800, 592300, NULL, 'NGN', 0, 0, 11, NULL, '2026-04-04 17:42:19', '2026-04-04 17:42:19'),
(50, 'App\\Models\\User', 21, 'App\\Models\\Order', 39, 'JARA_ORD_7539591775489972', 'debit', 14500, 192000, 177500, NULL, 'NGN', 0, 0, 22, NULL, '2026-04-06 19:39:32', '2026-04-06 19:39:32'),
(51, 'App\\Models\\User', 21, 'App\\Models\\Order', 40, 'JARA_ORD_3461861775514030', 'debit', 12000, 377500, 365500, NULL, 'NGN', 0, 0, 22, NULL, '2026-04-07 02:20:30', '2026-04-07 02:20:30'),
(52, 'App\\Models\\User', 10, 'App\\Models\\Order', 41, 'JARA_ORD_9590871775577233', 'debit', 4000, 592300, 588300, NULL, 'NGN', 0, 0, 11, NULL, '2026-04-07 19:53:53', '2026-04-07 19:53:53'),
(53, 'App\\Models\\User', 10, 'App\\Models\\Order', 42, 'JARA_ORD_3301721775919234', 'debit', 7500, 588300, 580800, NULL, 'NGN', 0, 0, 11, NULL, '2026-04-11 18:53:54', '2026-04-11 18:53:54'),
(54, 'App\\Models\\User', 10, 'App\\Models\\Order', 43, 'JARA_ORD_7690911775931803', 'debit', 18000, 580800, 562800, NULL, 'NGN', 0, 0, 11, NULL, '2026-04-11 22:23:23', '2026-04-11 22:23:23'),
(55, 'App\\Models\\User', 10, 'App\\Models\\Order', 44, 'JARA_ORD_3525521775932920', 'debit', 4000, 562800, 558800, NULL, 'NGN', 0, 0, 11, NULL, '2026-04-11 22:42:00', '2026-04-11 22:42:00'),
(56, 'App\\Models\\User', 10, 'App\\Models\\Order', 45, 'JARA_ORD_3477851775933070', 'debit', 8900, 558800, 549900, NULL, 'NGN', 0, 0, 11, NULL, '2026-04-11 22:44:30', '2026-04-11 22:44:30');

-- --------------------------------------------------------

--
-- Table structure for table `transfers`
--

CREATE TABLE `transfers` (
  `id` bigint(20) UNSIGNED NOT NULL,
  `reference` varchar(191) NOT NULL,
  `recipient_code` varchar(191) NOT NULL,
  `amount` int(11) NOT NULL,
  `owner_type` varchar(191) NOT NULL,
  `owner_id` bigint(20) UNSIGNED NOT NULL,
  `bank_code` varchar(191) NOT NULL,
  `account_number` varchar(191) NOT NULL,
  `bank_name` varchar(191) NOT NULL,
  `account_name` varchar(191) NOT NULL,
  `status` varchar(191) NOT NULL DEFAULT 'pending',
  `failures` int(11) NOT NULL DEFAULT 0,
  `created_at` timestamp NULL DEFAULT NULL,
  `updated_at` timestamp NULL DEFAULT NULL
) ENGINE=InnoDB DEFAULT CHARSET=utf8mb4 COLLATE=utf8mb4_unicode_ci;

--
-- Dumping data for table `transfers`
--

INSERT INTO `transfers` (`id`, `reference`, `recipient_code`, `amount`, `owner_type`, `owner_id`, `bank_code`, `account_number`, `bank_name`, `account_name`, `status`, `failures`, `created_at`, `updated_at`) VALUES
(1, 'TRF_yowz5zc6cvv678qy', 'RCP_or9fr5g3hlbh9az', 5000, 'App\\Models\\User', 3, '999992', '7068628887', 'OPay Digital Services Limited (OPay)', 'Ime Sunday Iteh', 'pending', 0, '2025-09-12 10:48:30', '2025-09-12 10:48:30'),
(2, 'TRF_pveb5lw2msh5ztrz', 'RCP_or9fr5g3hlbh9az', 5000, 'App\\Models\\User', 3, '999992', '7068628887', 'OPay Digital Services Limited (OPay)', 'Ime Sunday Iteh', 'pending', 0, '2025-09-12 12:20:22', '2025-09-12 12:20:22'),
(3, 'TRF_11nq8lueoyd6wui1', 'RCP_or9fr5g3hlbh9az', 15000, 'App\\Models\\User', 3, '999992', '7068628887', 'OPay Digital Services Limited (OPay)', 'Ime Sunday Iteh', 'success', 0, '2025-09-12 12:23:55', '2025-09-12 14:40:35');

-- --------------------------------------------------------

--
-- Table structure for table `uoms`
--

CREATE TABLE `uoms` (
  `id` bigint(20) UNSIGNED NOT NULL,
  `code` varchar(191) NOT NULL,
  `name` varchar(191) NOT NULL,
  `created_at` timestamp NULL DEFAULT NULL,
  `updated_at` timestamp NULL DEFAULT NULL
) ENGINE=InnoDB DEFAULT CHARSET=utf8mb4 COLLATE=utf8mb4_unicode_ci;

--
-- Dumping data for table `uoms`
--

INSERT INTO `uoms` (`id`, `code`, `name`, `created_at`, `updated_at`) VALUES
(1, 'piece', 'Piece', NULL, NULL),
(2, 'kg', 'Kilogram', NULL, NULL),
(3, 'g', 'Gram', NULL, NULL),
(4, 'l', 'Liter', NULL, NULL),
(5, 'ml', 'Milliliter', NULL, NULL),
(6, 'cup', 'Cup', NULL, NULL),
(7, 'tbsp', 'Tablespoon', NULL, NULL),
(8, 'tsp', 'Teaspoon', NULL, NULL),
(9, 'por', 'Portion', NULL, NULL);

-- --------------------------------------------------------

--
-- Table structure for table `users`
--

CREATE TABLE `users` (
  `id` bigint(20) UNSIGNED NOT NULL,
  `firstname` varchar(255) NOT NULL,
  `lastname` varchar(255) NOT NULL,
  `password` varchar(255) NOT NULL,
  `email` varchar(255) NOT NULL,
  `phone_number` varchar(191) DEFAULT NULL,
  `role` varchar(255) NOT NULL DEFAULT 'customer',
  `profile_picture` varchar(191) DEFAULT NULL,
  `country_id` bigint(20) UNSIGNED DEFAULT NULL,
  `business_name` varchar(191) DEFAULT NULL,
  `business_address` text DEFAULT NULL,
  `shop_size` varchar(191) DEFAULT NULL,
  `payment_method` varchar(191) DEFAULT NULL,
  `fcm_token` varchar(255) DEFAULT NULL,
  `latitude` decimal(10,7) DEFAULT NULL,
  `longitude` decimal(10,7) DEFAULT NULL,
  `email_verified_at` timestamp NULL DEFAULT NULL,
  `referral_code` varchar(255) DEFAULT NULL,
  `referrer_id` bigint(20) UNSIGNED DEFAULT NULL,
  `referral_count` int(11) NOT NULL DEFAULT 0,
  `is_active` tinyint(1) NOT NULL DEFAULT 0,
  `is_verified` tinyint(1) NOT NULL DEFAULT 0,
  `pin` varchar(191) DEFAULT NULL,
  `bank_name` varchar(191) DEFAULT NULL,
  `bank_code` varchar(191) DEFAULT NULL,
  `recipient_code` varchar(191) DEFAULT NULL,
  `account_number` varchar(191) DEFAULT NULL,
  `account_name` varchar(191) DEFAULT NULL,
  `last_login` datetime DEFAULT NULL,
  `created_at` timestamp NULL DEFAULT NULL,
  `updated_at` timestamp NULL DEFAULT NULL,
  `deleted_at` timestamp NULL DEFAULT NULL,
  `state_id` bigint(20) UNSIGNED DEFAULT NULL,
  `lga_id` bigint(20) UNSIGNED DEFAULT NULL,
  `remember_token` text DEFAULT NULL
) ENGINE=InnoDB DEFAULT CHARSET=utf8mb4 COLLATE=utf8mb4_unicode_ci;

--
-- Dumping data for table `users`
--

INSERT INTO `users` (`id`, `firstname`, `lastname`, `password`, `email`, `phone_number`, `role`, `profile_picture`, `country_id`, `business_name`, `business_address`, `shop_size`, `payment_method`, `fcm_token`, `latitude`, `longitude`, `email_verified_at`, `referral_code`, `referrer_id`, `referral_count`, `is_active`, `is_verified`, `pin`, `bank_name`, `bank_code`, `recipient_code`, `account_number`, `account_name`, `last_login`, `created_at`, `updated_at`, `deleted_at`, `state_id`, `lga_id`, `remember_token`) VALUES
(1, 'Ndueso', 'Walter', '$2y$12$/CDXAME3UCsxgdCX9KIMGuOHfBkXQNIdrHZw1QZPF2lRLr/7Lx1HO', 'iteleh97@gmail.com', '07068628887', 'vendor', '/storage/Users/1748789785_Screenshot from 2025-05-26 22-43-20.png', 4, 'Geitel Solution', 'Uyo', 'just_me', NULL, NULL, 6.2345000, 3.3321000, '2025-05-29 07:34:55', 'PXWqUPAQ96', NULL, 0, 1, 0, NULL, 'Opay', NULL, NULL, '7068628887', 'Ime Sunday Iteh', '2026-04-13 13:19:08', '2025-05-26 15:06:29', '2026-04-22 19:39:09', NULL, NULL, NULL, NULL),
(3, 'Ndueso', 'Walter', '$2y$12$q6sMgUlrkZJEd8kCuqdsZelMRwZOWvK8EzQh7MAImcEysn0i/MuX6', 'iteleh99@gmail.com', '07068628887', 'customer', NULL, 4, NULL, NULL, NULL, NULL, NULL, NULL, NULL, '2025-09-11 17:55:49', 'YkgD2BQA3n', 1, 1, 1, 0, NULL, 'OPay Digital Services Limited (OPay)', '999992', NULL, '7068628887', 'Ime Sunday Iteh', '2026-04-11 14:38:36', '2025-09-10 05:05:21', '2026-04-11 18:38:36', NULL, NULL, NULL, NULL),
(7, 'Ime', 'Iteh', '$2y$12$HGcsIm1QthV9f5MkQMc6juw7QhrIIZvUgBAE/klwIbQe9XOGXy6TG', 'iteleh101@gmail.com', '07068628877', 'vendor', NULL, NULL, NULL, NULL, NULL, NULL, NULL, NULL, NULL, '2026-01-04 16:34:09', 'C8AJUEUpuJ', NULL, 0, 1, 0, NULL, NULL, NULL, NULL, NULL, NULL, '2026-01-04 11:35:39', '2026-01-04 16:23:12', '2026-01-05 20:24:48', NULL, NULL, NULL, NULL),
(9, 'Dan', 'Ekwere', '$2y$12$nBWmGIJBTdcl.wT11jX9R.QSrlM7QgmA0so/AA8OWoQYRndz.fQjO', 'danielekwere99@gmail.com', '+234 704 319 4111', 'vendor', NULL, NULL, NULL, NULL, NULL, NULL, NULL, NULL, NULL, '2026-01-09 03:40:25', 'yUek2MdERf', NULL, 0, 1, 0, NULL, NULL, NULL, NULL, NULL, NULL, NULL, '2026-01-06 15:37:25', '2026-01-09 03:40:25', NULL, NULL, NULL, NULL),
(10, 'Daniel', 'Ekwere', '$2y$12$C9Gbo6JQUM4RfYSE5IX//uyHzUv4lFXyMLWLpgRNfooutDVsEZIIy', 'ekweredaniel8@gmail.com', '07043194111', 'vendor', NULL, NULL, 'danTech Stores', NULL, NULL, NULL, NULL, NULL, NULL, '2026-04-21 19:51:59', 'hV91tUZ6xD', NULL, 0, 1, 0, '$2y$12$bHk/TJhbNhJcEIpFOFUhbe1h9IEKnaM55V08R1D8GMoooqnSgVygS', NULL, NULL, NULL, NULL, NULL, '2026-03-20 19:03:16', '2026-01-06 20:07:07', '2026-04-21 19:52:13', NULL, NULL, NULL, NULL),
(11, 'lucy', 'William', '$2y$12$BZ7Dpi.gFuVRjE2TbzkmbehxCl2h9EjXEnouT81af/mTgjTQRMd/W', 'ekweredaniel91@gmail.com', '07070747614', 'customer', NULL, NULL, NULL, NULL, NULL, NULL, NULL, NULL, NULL, NULL, 'VfeZocfaAu', NULL, 0, 0, 0, NULL, NULL, NULL, NULL, NULL, NULL, NULL, '2026-01-09 03:44:24', '2026-01-09 03:44:24', NULL, NULL, NULL, NULL),
(13, 'walter', 'winson', '$2y$12$4.zwukjvBIdjF1m5ur7CtegRvE32.ZAZRU0wn5f3IZzaJVi5P.MFy', 'walterwinston877@gmail.com', '05045368855', 'customer', NULL, NULL, NULL, NULL, NULL, NULL, NULL, NULL, NULL, '2026-01-12 17:10:24', '7E5YitaDoD', NULL, 0, 1, 0, NULL, NULL, NULL, NULL, NULL, NULL, '2026-01-12 12:37:23', '2026-01-12 17:07:54', '2026-01-12 17:37:23', NULL, NULL, NULL, NULL),
(17, 'peter', 'usem', '$2y$12$mU/0uDJOwgpRhObeqGcw/.LArVW9lfE.fQTwc4kfze/QENG6013j.', 'peter12@gmail.com', '080333344999', 'customer', NULL, NULL, NULL, NULL, NULL, NULL, NULL, NULL, NULL, NULL, 'MIe4u9mWmq', NULL, 0, 0, 0, NULL, NULL, NULL, NULL, NULL, NULL, NULL, '2026-02-27 14:01:05', '2026-02-27 14:01:05', NULL, NULL, NULL, NULL),
(18, 'Victor', 'akpan', '$2y$12$ysMViN5jgVEI36DKJcUA1uDu3mehqjOQvYJ3JSoQpasDNsVYZbz/y', 'victorpee40@gmail.com', '08039453216', 'vendor', NULL, NULL, NULL, NULL, NULL, NULL, NULL, NULL, NULL, '2026-04-22 21:50:53', 'PD7EtHicxX', NULL, 0, 1, 0, NULL, NULL, NULL, NULL, NULL, NULL, '2026-02-27 09:38:40', '2026-02-27 14:37:50', '2026-04-22 21:50:53', NULL, NULL, NULL, NULL),
(20, 'Seasons', 'Farms', '$2y$12$TTdhRJjs8W2nwmr4ZwzjWuPGD1.e/zJwd1dYrtceNFUTa3yUcBKxa', 'seasonfarmsandfood@gmail.com', '08069468545', 'customer', NULL, NULL, NULL, NULL, NULL, NULL, NULL, NULL, NULL, NULL, 'YT5PEH0pFv', NULL, 0, 0, 0, NULL, NULL, NULL, NULL, NULL, NULL, NULL, '2026-03-23 12:15:44', '2026-03-23 12:15:44', NULL, NULL, NULL, NULL),
(26, 'moses', 'denis', '$2y$12$ZEZg1FzsIfvoKzYbuKZYiu5QIh5fOQTMAX05GLNgUn6fxZ8vH/JfG', 'danielekwere2023@gmail.com', NULL, 'customer', NULL, NULL, NULL, NULL, NULL, NULL, NULL, NULL, NULL, NULL, 'DFpqZp4q88', NULL, 0, 1, 0, NULL, NULL, NULL, NULL, NULL, NULL, NULL, '2026-03-24 19:16:56', '2026-03-24 19:19:49', NULL, NULL, NULL, NULL),
(27, 'Mfonobong', 'Wilson', '$2y$12$BCHO0e1.dgu1vFirjJy/CujKoN9UWHzB2xCyxSSt2jQd4j1OtLmiG', 'jaramarket0@gmail.com', '07067262338', 'admin', NULL, NULL, NULL, NULL, NULL, NULL, NULL, NULL, NULL, '2026-03-24 19:25:53', 'Zq4WJ2i2NL', NULL, 0, 1, 0, NULL, NULL, NULL, NULL, NULL, NULL, '2026-04-24 13:33:44', '2026-03-24 19:25:53', '2026-04-24 17:33:44', NULL, NULL, NULL, NULL),
(28, 'UtibeAbasi', 'Enoidem', '$2y$12$pYwi9MP2/4HVowxFI3RJQe2K668lWzWK2Umkki.Quu/g.ZW7ZsN.u', 'tidem.a2w@gmail.com', '08064196687', 'customer', NULL, NULL, NULL, NULL, NULL, NULL, NULL, NULL, NULL, '2026-04-01 13:59:35', '5RBk3jMg5f', NULL, 0, 1, 0, NULL, NULL, NULL, NULL, NULL, NULL, '2026-04-01 10:00:22', '2026-04-01 13:57:31', '2026-04-01 14:00:22', NULL, NULL, NULL, NULL),
(29, 'James', 'James', '$2y$12$qgupKqbXYY7RZCdK65G5T.bCzrbwDVUudQXeoCyPTh886M8Fdz9nu', 'jamesjamesemmanuel81@gmail.com', '08061271438', 'customer', NULL, NULL, NULL, NULL, NULL, NULL, NULL, NULL, NULL, NULL, 'jqts6tqfth', NULL, 0, 0, 0, NULL, NULL, NULL, NULL, NULL, NULL, NULL, '2026-04-14 14:18:14', '2026-04-14 14:18:14', NULL, NULL, NULL, NULL),
(35, 'Inimfon', 'Udofa', '$2y$12$YUIFTZfdTD8bb0t.Bi5XgeWaAh1ffsS8Z.ysFb1izSlqvrA5fqG9S', 'stenographerservices0@gmail.com', '08100375377', 'vendor', NULL, NULL, NULL, NULL, NULL, NULL, NULL, NULL, NULL, '2026-04-21 17:33:15', 'YwuuWbSj0F', NULL, 0, 1, 0, NULL, NULL, NULL, NULL, NULL, NULL, '2026-04-21 13:34:56', '2026-04-21 16:52:53', '2026-04-21 17:34:56', NULL, NULL, NULL, NULL),
(36, 'Inimfon', 'udofa', '$2y$12$pCQ0UqX6Jio2qOwQ2ZypYOhlSi65/9g95Ny3Lmju8umo0rauY0gWm', 'iudofa0@gmail.com', '07011487158', 'vendor', NULL, NULL, NULL, NULL, NULL, NULL, NULL, NULL, NULL, '2026-04-21 18:26:06', 'DKPef3T9NG', NULL, 0, 1, 0, NULL, NULL, NULL, NULL, NULL, NULL, '2026-04-21 14:56:12', '2026-04-21 18:22:25', '2026-04-21 18:56:12', NULL, NULL, NULL, NULL),
(37, 'theodore', 'desmond', '$2y$12$M12qgifdjgo27czxp9AMQet6BmGkE/poHTVlBaWyBX8axqWGjwYfi', 'desmondtheodore94@gmail.com', '09032456432', 'vendor', NULL, NULL, 'myStore', 'akpan andem market.', '2-5', 'offline', NULL, NULL, NULL, '2026-04-22 19:45:25', '94RPY0wxEI', NULL, 0, 1, 0, NULL, NULL, NULL, NULL, NULL, NULL, '2026-04-22 15:47:10', '2026-04-22 19:42:27', '2026-04-22 19:47:10', NULL, NULL, NULL, NULL);

-- --------------------------------------------------------

--
-- Table structure for table `user_otps`
--

CREATE TABLE `user_otps` (
  `id` bigint(20) UNSIGNED NOT NULL,
  `otp` varchar(255) NOT NULL,
  `email` varchar(255) NOT NULL,
  `created_at` timestamp NULL DEFAULT NULL,
  `updated_at` timestamp NULL DEFAULT NULL
) ENGINE=InnoDB DEFAULT CHARSET=utf8mb4 COLLATE=utf8mb4_unicode_ci;

--
-- Dumping data for table `user_otps`
--

INSERT INTO `user_otps` (`id`, `otp`, `email`, `created_at`, `updated_at`) VALUES
(18, '9608', 'ekweredaniel91@gmail.com', '2026-01-09 03:44:24', '2026-01-09 03:44:24'),
(28, '6286', 'danieljaxon983@gmail.com', '2026-02-23 23:58:17', '2026-02-23 23:58:17'),
(34, '1646', 'peter12@gmail.com', '2026-02-27 14:01:05', '2026-02-27 14:01:05'),
(40, '6227', 'imaobongloveth98@gmail.com', '2026-02-28 16:02:57', '2026-02-28 16:02:57'),
(42, '5505', 'seasonfarmsandfood@gmail.com', '2026-03-23 12:15:44', '2026-03-23 12:15:44'),
(45, '8004', 'jamesjamesemmanuel81@gmail.com', '2026-04-14 14:18:14', '2026-04-14 14:18:14'),
(69, '1327', 'iteleh97@gmail.com', '2026-04-22 19:39:09', '2026-04-22 19:39:09');

-- --------------------------------------------------------

--
-- Table structure for table `user_permissions`
--

CREATE TABLE `user_permissions` (
  `id` bigint(20) UNSIGNED NOT NULL,
  `user_id` bigint(20) UNSIGNED NOT NULL,
  `permission_id` bigint(20) UNSIGNED NOT NULL,
  `created_at` timestamp NULL DEFAULT NULL,
  `updated_at` timestamp NULL DEFAULT NULL
) ENGINE=InnoDB DEFAULT CHARSET=utf8mb4 COLLATE=utf8mb4_unicode_ci;

--
-- Dumping data for table `user_permissions`
--

INSERT INTO `user_permissions` (`id`, `user_id`, `permission_id`, `created_at`, `updated_at`) VALUES
(1, 1, 16, '2026-04-12 19:09:47', '2026-04-12 19:09:47'),
(2, 1, 20, '2026-04-12 19:09:47', '2026-04-12 19:09:47'),
(3, 1, 13, '2026-04-12 19:09:47', '2026-04-12 19:09:47'),
(4, 1, 24, '2026-04-12 19:09:47', '2026-04-12 19:09:47'),
(5, 1, 3, '2026-04-12 19:09:47', '2026-04-12 19:09:47'),
(6, 1, 22, '2026-04-12 19:09:47', '2026-04-12 19:09:47'),
(7, 1, 17, '2026-04-12 19:09:47', '2026-04-12 19:09:47'),
(8, 1, 18, '2026-04-12 19:09:47', '2026-04-12 19:09:47'),
(9, 1, 9, '2026-04-12 19:09:47', '2026-04-12 19:09:47'),
(10, 1, 5, '2026-04-12 19:09:48', '2026-04-12 19:09:48'),
(11, 1, 7, '2026-04-12 19:09:48', '2026-04-12 19:09:48'),
(12, 1, 11, '2026-04-12 19:09:48', '2026-04-12 19:09:48'),
(13, 1, 19, '2026-04-12 19:09:48', '2026-04-12 19:09:48'),
(14, 1, 12, '2026-04-12 19:09:48', '2026-04-12 19:09:48'),
(15, 1, 1, '2026-04-12 19:09:48', '2026-04-12 19:09:48'),
(16, 1, 23, '2026-04-12 19:09:48', '2026-04-12 19:09:48'),
(17, 1, 15, '2026-04-12 19:09:48', '2026-04-12 19:09:48'),
(18, 1, 2, '2026-04-12 19:09:48', '2026-04-12 19:09:48'),
(19, 1, 21, '2026-04-12 19:09:48', '2026-04-12 19:09:48'),
(20, 1, 14, '2026-04-12 19:09:48', '2026-04-12 19:09:48'),
(21, 1, 8, '2026-04-12 19:09:48', '2026-04-12 19:09:48'),
(22, 1, 4, '2026-04-12 19:09:48', '2026-04-12 19:09:48'),
(23, 1, 6, '2026-04-12 19:09:48', '2026-04-12 19:09:48'),
(24, 1, 10, '2026-04-12 19:09:48', '2026-04-12 19:09:48'),
(25, 27, 16, '2026-04-12 19:54:07', '2026-04-12 19:54:07'),
(26, 27, 17, '2026-04-12 19:54:07', '2026-04-12 19:54:07'),
(27, 27, 18, '2026-04-12 19:54:07', '2026-04-12 19:54:07'),
(28, 27, 20, '2026-04-12 19:54:07', '2026-04-12 19:54:07'),
(29, 27, 24, '2026-04-12 19:54:07', '2026-04-12 19:54:07'),
(30, 27, 22, '2026-04-12 19:54:07', '2026-04-12 19:54:07'),
(31, 27, 19, '2026-04-12 19:54:07', '2026-04-12 19:54:07'),
(32, 27, 23, '2026-04-12 19:54:07', '2026-04-12 19:54:07'),
(33, 27, 21, '2026-04-12 19:54:07', '2026-04-12 19:54:07'),
(34, 27, 1, '2026-04-12 19:54:07', '2026-04-12 19:54:07'),
(35, 27, 13, '2026-04-12 19:54:07', '2026-04-12 19:54:07'),
(36, 27, 9, '2026-04-12 19:54:07', '2026-04-12 19:54:07'),
(37, 27, 11, '2026-04-12 19:54:07', '2026-04-12 19:54:07'),
(38, 27, 12, '2026-04-12 19:54:07', '2026-04-12 19:54:07'),
(39, 27, 8, '2026-04-12 19:54:07', '2026-04-12 19:54:07'),
(40, 27, 10, '2026-04-12 19:54:07', '2026-04-12 19:54:07'),
(41, 27, 15, '2026-04-12 19:54:07', '2026-04-12 19:54:07'),
(42, 27, 3, '2026-04-12 19:54:07', '2026-04-12 19:54:07'),
(43, 27, 2, '2026-04-12 19:54:07', '2026-04-12 19:54:07'),
(44, 27, 14, '2026-04-12 19:54:07', '2026-04-12 19:54:07'),
(45, 27, 5, '2026-04-12 19:54:07', '2026-04-12 19:54:07'),
(46, 27, 4, '2026-04-12 19:54:07', '2026-04-12 19:54:07'),
(47, 27, 7, '2026-04-12 19:54:07', '2026-04-12 19:54:07'),
(48, 27, 6, '2026-04-12 19:54:07', '2026-04-12 19:54:07');

-- --------------------------------------------------------

--
-- Table structure for table `vendors`
--

CREATE TABLE `vendors` (
  `id` bigint(20) UNSIGNED NOT NULL,
  `business_name` varchar(255) NOT NULL,
  `business_address` varchar(255) NOT NULL,
  `business_phone` varchar(255) NOT NULL,
  `business_email` varchar(255) NOT NULL,
  `business_registration_number` varchar(255) DEFAULT NULL,
  `tax_identification_number` varchar(255) DEFAULT NULL,
  `business_description` text DEFAULT NULL,
  `bank_name` varchar(255) DEFAULT NULL,
  `account_number` varchar(255) DEFAULT NULL,
  `account_name` varchar(255) DEFAULT NULL,
  `is_verified` tinyint(1) NOT NULL DEFAULT 0,
  `is_active` tinyint(1) NOT NULL DEFAULT 1,
  `user_id` bigint(20) UNSIGNED NOT NULL,
  `created_at` timestamp NULL DEFAULT NULL,
  `updated_at` timestamp NULL DEFAULT NULL
) ENGINE=InnoDB DEFAULT CHARSET=utf8mb4 COLLATE=utf8mb4_unicode_ci;

-- --------------------------------------------------------

--
-- Table structure for table `wallets`
--

CREATE TABLE `wallets` (
  `id` bigint(20) UNSIGNED NOT NULL,
  `user_id` bigint(20) UNSIGNED NOT NULL,
  `balance` decimal(15,2) NOT NULL DEFAULT 0.00,
  `created_at` timestamp NULL DEFAULT NULL,
  `updated_at` timestamp NULL DEFAULT NULL
) ENGINE=InnoDB DEFAULT CHARSET=utf8mb4 COLLATE=utf8mb4_unicode_ci;

--
-- Dumping data for table `wallets`
--

INSERT INTO `wallets` (`id`, `user_id`, `balance`, `created_at`, `updated_at`) VALUES
(3, 1, 21924.00, '2025-05-26 07:28:06', '2025-09-11 22:05:07'),
(4, 2, 260.00, '2025-05-26 07:34:32', '2025-09-11 00:22:52'),
(5, 3, 425000.00, '2025-05-26 08:17:04', '2025-09-12 10:48:30'),
(6, 1, 0.00, '2025-05-26 08:25:37', '2025-05-26 08:25:37'),
(7, 1, 0.00, '2025-05-26 15:06:29', '2025-05-26 15:06:29'),
(8, 7, 0.00, '2026-01-04 16:23:12', '2026-01-04 16:23:12'),
(9, 8, 0.00, '2026-01-06 01:27:06', '2026-01-06 01:27:06'),
(10, 9, 0.00, '2026-01-06 15:37:25', '2026-01-06 15:37:25'),
(11, 10, 549900.00, '2026-01-06 20:07:07', '2026-04-11 22:44:30'),
(12, 11, 0.00, '2026-01-09 03:44:24', '2026-01-09 03:44:24'),
(13, 12, 20000.00, '2026-01-09 03:48:00', '2026-02-28 18:15:53'),
(14, 13, 0.00, '2026-01-12 17:07:54', '2026-01-12 17:07:54'),
(15, 14, 0.00, '2026-02-20 08:49:23', '2026-02-20 08:49:23'),
(16, 15, 0.00, '2026-02-23 23:58:17', '2026-02-23 23:58:17'),
(17, 16, 20000.00, '2026-02-24 00:01:21', '2026-02-28 21:20:54'),
(18, 17, 0.00, '2026-02-27 14:01:05', '2026-02-27 14:01:05'),
(19, 18, 0.00, '2026-02-27 14:37:50', '2026-02-27 14:37:50'),
(20, 19, 20000.00, '2026-02-28 15:45:39', '2026-03-25 16:34:08'),
(21, 20, 0.00, '2026-03-23 12:15:44', '2026-03-23 12:15:44'),
(22, 21, 565500.00, '2026-03-23 12:26:21', '2026-04-10 23:36:56'),
(23, 27, 0.00, '2026-03-24 19:25:53', '2026-03-24 19:25:53'),
(24, 28, 100000.00, '2026-04-01 13:57:31', '2026-04-02 15:15:42'),
(25, 29, 0.00, '2026-04-14 14:18:14', '2026-04-14 14:18:14'),
(26, 34, 0.00, '2026-04-19 01:45:26', '2026-04-19 01:45:26'),
(27, 35, 0.00, '2026-04-21 16:52:53', '2026-04-21 16:52:53'),
(28, 36, 0.00, '2026-04-21 18:22:25', '2026-04-21 18:22:25'),
(29, 37, 0.00, '2026-04-22 19:42:27', '2026-04-22 19:42:27');

--
-- Indexes for dumped tables
--

--
-- Indexes for table `addresses`
--
ALTER TABLE `addresses`
  ADD PRIMARY KEY (`id`),
  ADD KEY `addresses_user_id_foreign` (`user_id`),
  ADD KEY `addresses_country_id_foreign` (`country_id`),
  ADD KEY `addresses_state_id_foreign` (`state_id`),
  ADD KEY `addresses_lga_id_foreign` (`lga_id`);

--
-- Indexes for table `admins`
--
ALTER TABLE `admins`
  ADD PRIMARY KEY (`id`),
  ADD UNIQUE KEY `admins_email_unique` (`email`);

--
-- Indexes for table `admin_permissions`
--
ALTER TABLE `admin_permissions`
  ADD PRIMARY KEY (`id`),
  ADD KEY `admin_permissions_admin_id_foreign` (`admin_id`),
  ADD KEY `admin_permissions_permission_id_foreign` (`permission_id`);

--
-- Indexes for table `advertisements`
--
ALTER TABLE `advertisements`
  ADD PRIMARY KEY (`id`);

--
-- Indexes for table `banks`
--
ALTER TABLE `banks`
  ADD PRIMARY KEY (`id`),
  ADD UNIQUE KEY `banks_code_unique` (`code`);

--
-- Indexes for table `bank_accounts`
--
ALTER TABLE `bank_accounts`
  ADD PRIMARY KEY (`id`),
  ADD KEY `bank_accounts_owner_type_owner_id_index` (`owner_type`,`owner_id`);

--
-- Indexes for table `cache`
--
ALTER TABLE `cache`
  ADD PRIMARY KEY (`key`);

--
-- Indexes for table `cache_locks`
--
ALTER TABLE `cache_locks`
  ADD PRIMARY KEY (`key`);

--
-- Indexes for table `carts`
--
ALTER TABLE `carts`
  ADD PRIMARY KEY (`id`),
  ADD KEY `carts_user_id_foreign` (`user_id`);

--
-- Indexes for table `cart_items`
--
ALTER TABLE `cart_items`
  ADD PRIMARY KEY (`id`),
  ADD KEY `cart_items_cart_id_foreign` (`cart_id`),
  ADD KEY `cart_items_product_id_foreign` (`product_id`);

--
-- Indexes for table `categories`
--
ALTER TABLE `categories`
  ADD PRIMARY KEY (`id`),
  ADD KEY `categories_category_type_id_foreign` (`category_type_id`);

--
-- Indexes for table `category_product`
--
ALTER TABLE `category_product`
  ADD PRIMARY KEY (`id`),
  ADD KEY `category_product_category_id_foreign` (`category_id`),
  ADD KEY `category_product_product_id_foreign` (`product_id`);

--
-- Indexes for table `category_types`
--
ALTER TABLE `category_types`
  ADD PRIMARY KEY (`id`);

--
-- Indexes for table `category_user`
--
ALTER TABLE `category_user`
  ADD PRIMARY KEY (`id`),
  ADD KEY `category_user_user_id_foreign` (`user_id`),
  ADD KEY `category_user_category_id_foreign` (`category_id`);

--
-- Indexes for table `commissions`
--
ALTER TABLE `commissions`
  ADD PRIMARY KEY (`id`);

--
-- Indexes for table `countries`
--
ALTER TABLE `countries`
  ADD PRIMARY KEY (`id`);

--
-- Indexes for table `failed_jobs`
--
ALTER TABLE `failed_jobs`
  ADD PRIMARY KEY (`id`),
  ADD UNIQUE KEY `failed_jobs_uuid_unique` (`uuid`);

--
-- Indexes for table `favourites`
--
ALTER TABLE `favourites`
  ADD PRIMARY KEY (`id`),
  ADD KEY `favourites_user_id_foreign` (`user_id`),
  ADD KEY `favourites_product_id_foreign` (`product_id`);

--
-- Indexes for table `franchises`
--
ALTER TABLE `franchises`
  ADD PRIMARY KEY (`id`),
  ADD KEY `franchises_owner_id_foreign` (`owner_id`);

--
-- Indexes for table `help_tickets`
--
ALTER TABLE `help_tickets`
  ADD PRIMARY KEY (`id`),
  ADD KEY `help_tickets_user_id_foreign` (`user_id`);

--
-- Indexes for table `ingredients`
--
ALTER TABLE `ingredients`
  ADD PRIMARY KEY (`id`),
  ADD KEY `ingredients_category_id_foreign` (`category_id`);

--
-- Indexes for table `ingredient_lga_prices`
--
ALTER TABLE `ingredient_lga_prices`
  ADD PRIMARY KEY (`id`),
  ADD UNIQUE KEY `ingredient_lga_prices_ingredient_id_lga_id_unique` (`ingredient_id`,`lga_id`),
  ADD KEY `ingredient_lga_prices_lga_id_foreign` (`lga_id`);

--
-- Indexes for table `ingredient_product`
--
ALTER TABLE `ingredient_product`
  ADD PRIMARY KEY (`id`),
  ADD KEY `ingredient_product_product_id_foreign` (`product_id`),
  ADD KEY `ingredient_product_ingredient_id_foreign` (`ingredient_id`);

--
-- Indexes for table `ingredient_state_prices`
--
ALTER TABLE `ingredient_state_prices`
  ADD PRIMARY KEY (`id`),
  ADD UNIQUE KEY `ingredient_state_prices_ingredient_id_state_id_unique` (`ingredient_id`,`state_id`),
  ADD KEY `ingredient_state_prices_state_id_foreign` (`state_id`);

--
-- Indexes for table `jobs`
--
ALTER TABLE `jobs`
  ADD PRIMARY KEY (`id`),
  ADD KEY `jobs_queue_index` (`queue`);

--
-- Indexes for table `job_batches`
--
ALTER TABLE `job_batches`
  ADD PRIMARY KEY (`id`);

--
-- Indexes for table `lgas`
--
ALTER TABLE `lgas`
  ADD PRIMARY KEY (`id`),
  ADD UNIQUE KEY `lgas_name_state_id_unique` (`name`,`state_id`);

--
-- Indexes for table `migrations`
--
ALTER TABLE `migrations`
  ADD PRIMARY KEY (`id`);

--
-- Indexes for table `notifications`
--
ALTER TABLE `notifications`
  ADD PRIMARY KEY (`id`),
  ADD KEY `notifications_notifiable_type_notifiable_id_index` (`notifiable_type`,`notifiable_id`);

--
-- Indexes for table `orders`
--
ALTER TABLE `orders`
  ADD PRIMARY KEY (`id`),
  ADD KEY `orders_user_id_foreign` (`user_id`),
  ADD KEY `orders_address_id_foreign` (`address_id`);

--
-- Indexes for table `order_items`
--
ALTER TABLE `order_items`
  ADD PRIMARY KEY (`id`),
  ADD KEY `order_items_order_id_foreign` (`order_id`),
  ADD KEY `order_items_product_id_foreign` (`product_id`),
  ADD KEY `order_items_ingredient_id_foreign` (`ingredient_id`),
  ADD KEY `order_items_assurance_user_id_foreign` (`assurance_user_id`),
  ADD KEY `order_items_vendor_id_foreign` (`vendor_id`),
  ADD KEY `order_items_referral_id_foreign` (`referral_id`);

--
-- Indexes for table `order_item_logs`
--
ALTER TABLE `order_item_logs`
  ADD PRIMARY KEY (`id`),
  ADD KEY `order_item_logs_order_item_id_foreign` (`order_item_id`),
  ADD KEY `order_item_logs_vendor_id_foreign` (`vendor_id`);

--
-- Indexes for table `password_reset_tokens`
--
ALTER TABLE `password_reset_tokens`
  ADD PRIMARY KEY (`email`);

--
-- Indexes for table `payments`
--
ALTER TABLE `payments`
  ADD PRIMARY KEY (`id`),
  ADD KEY `payments_user_id_foreign` (`user_id`),
  ADD KEY `payments_order_id_foreign` (`order_id`);

--
-- Indexes for table `payment_logs`
--
ALTER TABLE `payment_logs`
  ADD PRIMARY KEY (`id`),
  ADD UNIQUE KEY `payment_logs_txn_ref_unique` (`txn_ref`),
  ADD KEY `payment_logs_approved_by_foreign` (`approved_by`);

--
-- Indexes for table `permissions`
--
ALTER TABLE `permissions`
  ADD PRIMARY KEY (`id`),
  ADD UNIQUE KEY `permissions_name_unique` (`name`),
  ADD UNIQUE KEY `permissions_slug_unique` (`slug`);

--
-- Indexes for table `personal_access_tokens`
--
ALTER TABLE `personal_access_tokens`
  ADD PRIMARY KEY (`id`),
  ADD UNIQUE KEY `personal_access_tokens_token_unique` (`token`),
  ADD KEY `personal_access_tokens_tokenable_type_tokenable_id_index` (`tokenable_type`,`tokenable_id`);

--
-- Indexes for table `products`
--
ALTER TABLE `products`
  ADD PRIMARY KEY (`id`);

--
-- Indexes for table `product_state_prices`
--
ALTER TABLE `product_state_prices`
  ADD PRIMARY KEY (`id`),
  ADD UNIQUE KEY `product_state_prices_product_id_state_id_unique` (`product_id`,`state_id`),
  ADD KEY `product_state_prices_state_id_foreign` (`state_id`);

--
-- Indexes for table `sessions`
--
ALTER TABLE `sessions`
  ADD PRIMARY KEY (`id`),
  ADD KEY `sessions_user_id_index` (`user_id`),
  ADD KEY `sessions_last_activity_index` (`last_activity`);

--
-- Indexes for table `settings`
--
ALTER TABLE `settings`
  ADD PRIMARY KEY (`id`),
  ADD UNIQUE KEY `settings_key_unique` (`key`);

--
-- Indexes for table `states`
--
ALTER TABLE `states`
  ADD PRIMARY KEY (`id`),
  ADD UNIQUE KEY `states_name_unique` (`name`),
  ADD KEY `states_country_id_foreign` (`country_id`);

--
-- Indexes for table `state_representatives`
--
ALTER TABLE `state_representatives`
  ADD PRIMARY KEY (`id`),
  ADD UNIQUE KEY `state_representatives_email_unique` (`email`);

--
-- Indexes for table `steps`
--
ALTER TABLE `steps`
  ADD PRIMARY KEY (`id`),
  ADD KEY `steps_product_id_foreign` (`product_id`);

--
-- Indexes for table `supports`
--
ALTER TABLE `supports`
  ADD PRIMARY KEY (`id`),
  ADD KEY `supports_user_id_foreign` (`user_id`);

--
-- Indexes for table `transaction_logs`
--
ALTER TABLE `transaction_logs`
  ADD PRIMARY KEY (`id`),
  ADD KEY `transaction_logs_account_owner_type_account_owner_id_index` (`account_owner_type`,`account_owner_id`),
  ADD KEY `transaction_logs_owner_type_owner_id_index` (`owner_type`,`owner_id`),
  ADD KEY `transaction_logs_wallet_id_foreign` (`wallet_id`);

--
-- Indexes for table `transfers`
--
ALTER TABLE `transfers`
  ADD PRIMARY KEY (`id`),
  ADD KEY `transfers_owner_type_owner_id_index` (`owner_type`,`owner_id`);

--
-- Indexes for table `uoms`
--
ALTER TABLE `uoms`
  ADD PRIMARY KEY (`id`);

--
-- Indexes for table `users`
--
ALTER TABLE `users`
  ADD PRIMARY KEY (`id`),
  ADD UNIQUE KEY `users_email_unique` (`email`),
  ADD KEY `users_referrer_id_foreign` (`referrer_id`),
  ADD KEY `users_country_id_foreign` (`country_id`),
  ADD KEY `users_state_id_foreign` (`state_id`),
  ADD KEY `users_lga_id_foreign` (`lga_id`);

--
-- Indexes for table `user_otps`
--
ALTER TABLE `user_otps`
  ADD PRIMARY KEY (`id`);

--
-- Indexes for table `user_permissions`
--
ALTER TABLE `user_permissions`
  ADD PRIMARY KEY (`id`),
  ADD UNIQUE KEY `user_permissions_user_id_permission_id_unique` (`user_id`,`permission_id`),
  ADD KEY `user_permissions_permission_id_foreign` (`permission_id`);

--
-- Indexes for table `vendors`
--
ALTER TABLE `vendors`
  ADD PRIMARY KEY (`id`),
  ADD UNIQUE KEY `vendors_business_email_unique` (`business_email`),
  ADD KEY `vendors_user_id_foreign` (`user_id`);

--
-- Indexes for table `wallets`
--
ALTER TABLE `wallets`
  ADD PRIMARY KEY (`id`),
  ADD KEY `wallets_user_id_foreign` (`user_id`);

--
-- AUTO_INCREMENT for dumped tables
--

--
-- AUTO_INCREMENT for table `addresses`
--
ALTER TABLE `addresses`
  MODIFY `id` bigint(20) UNSIGNED NOT NULL AUTO_INCREMENT, AUTO_INCREMENT=9;

--
-- AUTO_INCREMENT for table `admins`
--
ALTER TABLE `admins`
  MODIFY `id` bigint(20) UNSIGNED NOT NULL AUTO_INCREMENT, AUTO_INCREMENT=2;

--
-- AUTO_INCREMENT for table `admin_permissions`
--
ALTER TABLE `admin_permissions`
  MODIFY `id` bigint(20) UNSIGNED NOT NULL AUTO_INCREMENT;

--
-- AUTO_INCREMENT for table `advertisements`
--
ALTER TABLE `advertisements`
  MODIFY `id` bigint(20) UNSIGNED NOT NULL AUTO_INCREMENT, AUTO_INCREMENT=2;

--
-- AUTO_INCREMENT for table `banks`
--
ALTER TABLE `banks`
  MODIFY `id` bigint(20) UNSIGNED NOT NULL AUTO_INCREMENT, AUTO_INCREMENT=206;

--
-- AUTO_INCREMENT for table `bank_accounts`
--
ALTER TABLE `bank_accounts`
  MODIFY `id` bigint(20) UNSIGNED NOT NULL AUTO_INCREMENT, AUTO_INCREMENT=2;

--
-- AUTO_INCREMENT for table `carts`
--
ALTER TABLE `carts`
  MODIFY `id` bigint(20) UNSIGNED NOT NULL AUTO_INCREMENT;

--
-- AUTO_INCREMENT for table `cart_items`
--
ALTER TABLE `cart_items`
  MODIFY `id` bigint(20) UNSIGNED NOT NULL AUTO_INCREMENT;

--
-- AUTO_INCREMENT for table `categories`
--
ALTER TABLE `categories`
  MODIFY `id` bigint(20) UNSIGNED NOT NULL AUTO_INCREMENT, AUTO_INCREMENT=27;

--
-- AUTO_INCREMENT for table `category_product`
--
ALTER TABLE `category_product`
  MODIFY `id` bigint(20) UNSIGNED NOT NULL AUTO_INCREMENT, AUTO_INCREMENT=182;

--
-- AUTO_INCREMENT for table `category_types`
--
ALTER TABLE `category_types`
  MODIFY `id` bigint(20) UNSIGNED NOT NULL AUTO_INCREMENT, AUTO_INCREMENT=3;

--
-- AUTO_INCREMENT for table `category_user`
--
ALTER TABLE `category_user`
  MODIFY `id` bigint(20) UNSIGNED NOT NULL AUTO_INCREMENT, AUTO_INCREMENT=15;

--
-- AUTO_INCREMENT for table `commissions`
--
ALTER TABLE `commissions`
  MODIFY `id` bigint(20) UNSIGNED NOT NULL AUTO_INCREMENT, AUTO_INCREMENT=7;

--
-- AUTO_INCREMENT for table `countries`
--
ALTER TABLE `countries`
  MODIFY `id` bigint(20) UNSIGNED NOT NULL AUTO_INCREMENT, AUTO_INCREMENT=239;

--
-- AUTO_INCREMENT for table `failed_jobs`
--
ALTER TABLE `failed_jobs`
  MODIFY `id` bigint(20) UNSIGNED NOT NULL AUTO_INCREMENT, AUTO_INCREMENT=2;

--
-- AUTO_INCREMENT for table `favourites`
--
ALTER TABLE `favourites`
  MODIFY `id` bigint(20) UNSIGNED NOT NULL AUTO_INCREMENT, AUTO_INCREMENT=4;

--
-- AUTO_INCREMENT for table `franchises`
--
ALTER TABLE `franchises`
  MODIFY `id` bigint(20) UNSIGNED NOT NULL AUTO_INCREMENT;

--
-- AUTO_INCREMENT for table `help_tickets`
--
ALTER TABLE `help_tickets`
  MODIFY `id` bigint(20) UNSIGNED NOT NULL AUTO_INCREMENT, AUTO_INCREMENT=6;

--
-- AUTO_INCREMENT for table `ingredients`
--
ALTER TABLE `ingredients`
  MODIFY `id` bigint(20) UNSIGNED NOT NULL AUTO_INCREMENT, AUTO_INCREMENT=147;

--
-- AUTO_INCREMENT for table `ingredient_lga_prices`
--
ALTER TABLE `ingredient_lga_prices`
  MODIFY `id` bigint(20) UNSIGNED NOT NULL AUTO_INCREMENT;

--
-- AUTO_INCREMENT for table `ingredient_product`
--
ALTER TABLE `ingredient_product`
  MODIFY `id` bigint(20) UNSIGNED NOT NULL AUTO_INCREMENT, AUTO_INCREMENT=607;

--
-- AUTO_INCREMENT for table `ingredient_state_prices`
--
ALTER TABLE `ingredient_state_prices`
  MODIFY `id` bigint(20) UNSIGNED NOT NULL AUTO_INCREMENT, AUTO_INCREMENT=4;

--
-- AUTO_INCREMENT for table `jobs`
--
ALTER TABLE `jobs`
  MODIFY `id` bigint(20) UNSIGNED NOT NULL AUTO_INCREMENT, AUTO_INCREMENT=438;

--
-- AUTO_INCREMENT for table `lgas`
--
ALTER TABLE `lgas`
  MODIFY `id` bigint(20) UNSIGNED NOT NULL AUTO_INCREMENT, AUTO_INCREMENT=769;

--
-- AUTO_INCREMENT for table `migrations`
--
ALTER TABLE `migrations`
  MODIFY `id` int(10) UNSIGNED NOT NULL AUTO_INCREMENT, AUTO_INCREMENT=83;

--
-- AUTO_INCREMENT for table `orders`
--
ALTER TABLE `orders`
  MODIFY `id` bigint(20) UNSIGNED NOT NULL AUTO_INCREMENT, AUTO_INCREMENT=46;

--
-- AUTO_INCREMENT for table `order_items`
--
ALTER TABLE `order_items`
  MODIFY `id` bigint(20) UNSIGNED NOT NULL AUTO_INCREMENT, AUTO_INCREMENT=135;

--
-- AUTO_INCREMENT for table `order_item_logs`
--
ALTER TABLE `order_item_logs`
  MODIFY `id` bigint(20) UNSIGNED NOT NULL AUTO_INCREMENT, AUTO_INCREMENT=3;

--
-- AUTO_INCREMENT for table `payments`
--
ALTER TABLE `payments`
  MODIFY `id` bigint(20) UNSIGNED NOT NULL AUTO_INCREMENT;

--
-- AUTO_INCREMENT for table `payment_logs`
--
ALTER TABLE `payment_logs`
  MODIFY `id` bigint(20) UNSIGNED NOT NULL AUTO_INCREMENT, AUTO_INCREMENT=27;

--
-- AUTO_INCREMENT for table `permissions`
--
ALTER TABLE `permissions`
  MODIFY `id` bigint(20) UNSIGNED NOT NULL AUTO_INCREMENT, AUTO_INCREMENT=25;

--
-- AUTO_INCREMENT for table `personal_access_tokens`
--
ALTER TABLE `personal_access_tokens`
  MODIFY `id` bigint(20) UNSIGNED NOT NULL AUTO_INCREMENT, AUTO_INCREMENT=75;

--
-- AUTO_INCREMENT for table `products`
--
ALTER TABLE `products`
  MODIFY `id` bigint(20) UNSIGNED NOT NULL AUTO_INCREMENT, AUTO_INCREMENT=163;

--
-- AUTO_INCREMENT for table `product_state_prices`
--
ALTER TABLE `product_state_prices`
  MODIFY `id` bigint(20) UNSIGNED NOT NULL AUTO_INCREMENT, AUTO_INCREMENT=64;

--
-- AUTO_INCREMENT for table `settings`
--
ALTER TABLE `settings`
  MODIFY `id` bigint(20) UNSIGNED NOT NULL AUTO_INCREMENT, AUTO_INCREMENT=30;

--
-- AUTO_INCREMENT for table `states`
--
ALTER TABLE `states`
  MODIFY `id` bigint(20) UNSIGNED NOT NULL AUTO_INCREMENT, AUTO_INCREMENT=38;

--
-- AUTO_INCREMENT for table `state_representatives`
--
ALTER TABLE `state_representatives`
  MODIFY `id` bigint(20) UNSIGNED NOT NULL AUTO_INCREMENT;

--
-- AUTO_INCREMENT for table `steps`
--
ALTER TABLE `steps`
  MODIFY `id` bigint(20) UNSIGNED NOT NULL AUTO_INCREMENT;

--
-- AUTO_INCREMENT for table `supports`
--
ALTER TABLE `supports`
  MODIFY `id` bigint(20) UNSIGNED NOT NULL AUTO_INCREMENT, AUTO_INCREMENT=3;

--
-- AUTO_INCREMENT for table `transaction_logs`
--
ALTER TABLE `transaction_logs`
  MODIFY `id` bigint(20) UNSIGNED NOT NULL AUTO_INCREMENT, AUTO_INCREMENT=57;

--
-- AUTO_INCREMENT for table `transfers`
--
ALTER TABLE `transfers`
  MODIFY `id` bigint(20) UNSIGNED NOT NULL AUTO_INCREMENT, AUTO_INCREMENT=4;

--
-- AUTO_INCREMENT for table `uoms`
--
ALTER TABLE `uoms`
  MODIFY `id` bigint(20) UNSIGNED NOT NULL AUTO_INCREMENT, AUTO_INCREMENT=10;

--
-- AUTO_INCREMENT for table `users`
--
ALTER TABLE `users`
  MODIFY `id` bigint(20) UNSIGNED NOT NULL AUTO_INCREMENT, AUTO_INCREMENT=38;

--
-- AUTO_INCREMENT for table `user_otps`
--
ALTER TABLE `user_otps`
  MODIFY `id` bigint(20) UNSIGNED NOT NULL AUTO_INCREMENT, AUTO_INCREMENT=72;

--
-- AUTO_INCREMENT for table `user_permissions`
--
ALTER TABLE `user_permissions`
  MODIFY `id` bigint(20) UNSIGNED NOT NULL AUTO_INCREMENT, AUTO_INCREMENT=49;

--
-- AUTO_INCREMENT for table `vendors`
--
ALTER TABLE `vendors`
  MODIFY `id` bigint(20) UNSIGNED NOT NULL AUTO_INCREMENT;

--
-- AUTO_INCREMENT for table `wallets`
--
ALTER TABLE `wallets`
  MODIFY `id` bigint(20) UNSIGNED NOT NULL AUTO_INCREMENT, AUTO_INCREMENT=30;

--
-- Constraints for dumped tables
--

--
-- Constraints for table `addresses`
--
ALTER TABLE `addresses`
  ADD CONSTRAINT `addresses_country_id_foreign` FOREIGN KEY (`country_id`) REFERENCES `countries` (`id`) ON DELETE CASCADE,
  ADD CONSTRAINT `addresses_lga_id_foreign` FOREIGN KEY (`lga_id`) REFERENCES `lgas` (`id`) ON DELETE CASCADE,
  ADD CONSTRAINT `addresses_state_id_foreign` FOREIGN KEY (`state_id`) REFERENCES `states` (`id`) ON DELETE CASCADE,
  ADD CONSTRAINT `addresses_user_id_foreign` FOREIGN KEY (`user_id`) REFERENCES `users` (`id`) ON DELETE CASCADE;

--
-- Constraints for table `admin_permissions`
--
ALTER TABLE `admin_permissions`
  ADD CONSTRAINT `admin_permissions_admin_id_foreign` FOREIGN KEY (`admin_id`) REFERENCES `admins` (`id`) ON DELETE CASCADE,
  ADD CONSTRAINT `admin_permissions_permission_id_foreign` FOREIGN KEY (`permission_id`) REFERENCES `permissions` (`id`) ON DELETE CASCADE;

--
-- Constraints for table `carts`
--
ALTER TABLE `carts`
  ADD CONSTRAINT `carts_user_id_foreign` FOREIGN KEY (`user_id`) REFERENCES `users` (`id`) ON DELETE CASCADE;

--
-- Constraints for table `cart_items`
--
ALTER TABLE `cart_items`
  ADD CONSTRAINT `cart_items_cart_id_foreign` FOREIGN KEY (`cart_id`) REFERENCES `carts` (`id`) ON DELETE CASCADE,
  ADD CONSTRAINT `cart_items_product_id_foreign` FOREIGN KEY (`product_id`) REFERENCES `products` (`id`) ON DELETE CASCADE;

--
-- Constraints for table `categories`
--
ALTER TABLE `categories`
  ADD CONSTRAINT `categories_category_type_id_foreign` FOREIGN KEY (`category_type_id`) REFERENCES `category_types` (`id`) ON DELETE CASCADE;

--
-- Constraints for table `category_product`
--
ALTER TABLE `category_product`
  ADD CONSTRAINT `category_product_category_id_foreign` FOREIGN KEY (`category_id`) REFERENCES `categories` (`id`) ON DELETE CASCADE,
  ADD CONSTRAINT `category_product_product_id_foreign` FOREIGN KEY (`product_id`) REFERENCES `products` (`id`) ON DELETE CASCADE;

--
-- Constraints for table `category_user`
--
ALTER TABLE `category_user`
  ADD CONSTRAINT `category_user_category_id_foreign` FOREIGN KEY (`category_id`) REFERENCES `categories` (`id`) ON DELETE CASCADE,
  ADD CONSTRAINT `category_user_user_id_foreign` FOREIGN KEY (`user_id`) REFERENCES `users` (`id`) ON DELETE CASCADE;

--
-- Constraints for table `favourites`
--
ALTER TABLE `favourites`
  ADD CONSTRAINT `favourites_product_id_foreign` FOREIGN KEY (`product_id`) REFERENCES `products` (`id`) ON DELETE CASCADE,
  ADD CONSTRAINT `favourites_user_id_foreign` FOREIGN KEY (`user_id`) REFERENCES `users` (`id`) ON DELETE CASCADE;

--
-- Constraints for table `franchises`
--
ALTER TABLE `franchises`
  ADD CONSTRAINT `franchises_owner_id_foreign` FOREIGN KEY (`owner_id`) REFERENCES `users` (`id`) ON DELETE CASCADE;

--
-- Constraints for table `help_tickets`
--
ALTER TABLE `help_tickets`
  ADD CONSTRAINT `help_tickets_user_id_foreign` FOREIGN KEY (`user_id`) REFERENCES `users` (`id`) ON DELETE SET NULL;

--
-- Constraints for table `ingredients`
--
ALTER TABLE `ingredients`
  ADD CONSTRAINT `ingredients_category_id_foreign` FOREIGN KEY (`category_id`) REFERENCES `categories` (`id`) ON DELETE CASCADE;

--
-- Constraints for table `ingredient_lga_prices`
--
ALTER TABLE `ingredient_lga_prices`
  ADD CONSTRAINT `ingredient_lga_prices_ingredient_id_foreign` FOREIGN KEY (`ingredient_id`) REFERENCES `ingredients` (`id`) ON DELETE CASCADE,
  ADD CONSTRAINT `ingredient_lga_prices_lga_id_foreign` FOREIGN KEY (`lga_id`) REFERENCES `lgas` (`id`) ON DELETE CASCADE;

--
-- Constraints for table `ingredient_product`
--
ALTER TABLE `ingredient_product`
  ADD CONSTRAINT `ingredient_product_ingredient_id_foreign` FOREIGN KEY (`ingredient_id`) REFERENCES `ingredients` (`id`) ON DELETE CASCADE,
  ADD CONSTRAINT `ingredient_product_product_id_foreign` FOREIGN KEY (`product_id`) REFERENCES `products` (`id`) ON DELETE CASCADE;

--
-- Constraints for table `ingredient_state_prices`
--
ALTER TABLE `ingredient_state_prices`
  ADD CONSTRAINT `ingredient_state_prices_ingredient_id_foreign` FOREIGN KEY (`ingredient_id`) REFERENCES `ingredients` (`id`) ON DELETE CASCADE,
  ADD CONSTRAINT `ingredient_state_prices_state_id_foreign` FOREIGN KEY (`state_id`) REFERENCES `states` (`id`) ON DELETE CASCADE;

--
-- Constraints for table `orders`
--
ALTER TABLE `orders`
  ADD CONSTRAINT `orders_address_id_foreign` FOREIGN KEY (`address_id`) REFERENCES `addresses` (`id`) ON DELETE CASCADE,
  ADD CONSTRAINT `orders_user_id_foreign` FOREIGN KEY (`user_id`) REFERENCES `users` (`id`) ON DELETE CASCADE;

--
-- Constraints for table `order_items`
--
ALTER TABLE `order_items`
  ADD CONSTRAINT `order_items_assurance_user_id_foreign` FOREIGN KEY (`assurance_user_id`) REFERENCES `users` (`id`) ON DELETE CASCADE,
  ADD CONSTRAINT `order_items_ingredient_id_foreign` FOREIGN KEY (`ingredient_id`) REFERENCES `ingredients` (`id`),
  ADD CONSTRAINT `order_items_order_id_foreign` FOREIGN KEY (`order_id`) REFERENCES `orders` (`id`) ON DELETE CASCADE,
  ADD CONSTRAINT `order_items_product_id_foreign` FOREIGN KEY (`product_id`) REFERENCES `products` (`id`),
  ADD CONSTRAINT `order_items_referral_id_foreign` FOREIGN KEY (`referral_id`) REFERENCES `users` (`id`) ON DELETE SET NULL,
  ADD CONSTRAINT `order_items_vendor_id_foreign` FOREIGN KEY (`vendor_id`) REFERENCES `users` (`id`) ON DELETE CASCADE;

--
-- Constraints for table `order_item_logs`
--
ALTER TABLE `order_item_logs`
  ADD CONSTRAINT `order_item_logs_order_item_id_foreign` FOREIGN KEY (`order_item_id`) REFERENCES `order_items` (`id`) ON DELETE CASCADE,
  ADD CONSTRAINT `order_item_logs_vendor_id_foreign` FOREIGN KEY (`vendor_id`) REFERENCES `users` (`id`) ON DELETE CASCADE;

--
-- Constraints for table `payments`
--
ALTER TABLE `payments`
  ADD CONSTRAINT `payments_order_id_foreign` FOREIGN KEY (`order_id`) REFERENCES `orders` (`id`) ON DELETE SET NULL,
  ADD CONSTRAINT `payments_user_id_foreign` FOREIGN KEY (`user_id`) REFERENCES `users` (`id`) ON DELETE CASCADE;

--
-- Constraints for table `payment_logs`
--
ALTER TABLE `payment_logs`
  ADD CONSTRAINT `payment_logs_approved_by_foreign` FOREIGN KEY (`approved_by`) REFERENCES `users` (`id`);

--
-- Constraints for table `product_state_prices`
--
ALTER TABLE `product_state_prices`
  ADD CONSTRAINT `product_state_prices_product_id_foreign` FOREIGN KEY (`product_id`) REFERENCES `products` (`id`) ON DELETE CASCADE,
  ADD CONSTRAINT `product_state_prices_state_id_foreign` FOREIGN KEY (`state_id`) REFERENCES `states` (`id`) ON DELETE CASCADE;

--
-- Constraints for table `states`
--
ALTER TABLE `states`
  ADD CONSTRAINT `states_country_id_foreign` FOREIGN KEY (`country_id`) REFERENCES `countries` (`id`);

--
-- Constraints for table `steps`
--
ALTER TABLE `steps`
  ADD CONSTRAINT `steps_product_id_foreign` FOREIGN KEY (`product_id`) REFERENCES `products` (`id`) ON DELETE CASCADE;

--
-- Constraints for table `supports`
--
ALTER TABLE `supports`
  ADD CONSTRAINT `supports_user_id_foreign` FOREIGN KEY (`user_id`) REFERENCES `users` (`id`) ON DELETE CASCADE;

--
-- Constraints for table `transaction_logs`
--
ALTER TABLE `transaction_logs`
  ADD CONSTRAINT `transaction_logs_wallet_id_foreign` FOREIGN KEY (`wallet_id`) REFERENCES `wallets` (`id`);

--
-- Constraints for table `users`
--
ALTER TABLE `users`
  ADD CONSTRAINT `users_country_id_foreign` FOREIGN KEY (`country_id`) REFERENCES `countries` (`id`) ON DELETE CASCADE,
  ADD CONSTRAINT `users_lga_id_foreign` FOREIGN KEY (`lga_id`) REFERENCES `lgas` (`id`) ON DELETE SET NULL,
  ADD CONSTRAINT `users_referrer_id_foreign` FOREIGN KEY (`referrer_id`) REFERENCES `users` (`id`) ON DELETE CASCADE,
  ADD CONSTRAINT `users_state_id_foreign` FOREIGN KEY (`state_id`) REFERENCES `states` (`id`) ON DELETE SET NULL;

--
-- Constraints for table `user_permissions`
--
ALTER TABLE `user_permissions`
  ADD CONSTRAINT `user_permissions_permission_id_foreign` FOREIGN KEY (`permission_id`) REFERENCES `permissions` (`id`) ON DELETE CASCADE,
  ADD CONSTRAINT `user_permissions_user_id_foreign` FOREIGN KEY (`user_id`) REFERENCES `users` (`id`) ON DELETE CASCADE;

--
-- Constraints for table `vendors`
--
ALTER TABLE `vendors`
  ADD CONSTRAINT `vendors_user_id_foreign` FOREIGN KEY (`user_id`) REFERENCES `users` (`id`) ON DELETE CASCADE;

--
-- Constraints for table `wallets`
--
ALTER TABLE `wallets`
  ADD CONSTRAINT `wallets_user_id_foreign` FOREIGN KEY (`user_id`) REFERENCES `users` (`id`) ON DELETE CASCADE;
COMMIT;

/*!40101 SET CHARACTER_SET_CLIENT=@OLD_CHARACTER_SET_CLIENT */;
/*!40101 SET CHARACTER_SET_RESULTS=@OLD_CHARACTER_SET_RESULTS */;
/*!40101 SET COLLATION_CONNECTION=@OLD_COLLATION_CONNECTION */;
